sample_id,xi,E_true,alpha_true,u_true_disp_y_tip,u_true_disp_y_x0900,u_true_disp_y_x0800,u_true_disp_y_x0700,u_true_disp_y_x0600,u_true_disp_y_x0500,u_true_disp_y_x0400,u_true_disp_y_x0300,u_true_disp_y_x0200,u_true_disp_y_x0100,u_hat_disp_y_tip,u_hat_disp_y_x0900,u_hat_disp_y_x0800,u_hat_disp_y_x0700,u_hat_disp_y_x0600,u_hat_disp_y_x0500,u_hat_disp_y_x0400,u_hat_disp_y_x0300,u_hat_disp_y_x0200,u_hat_disp_y_x0100,status,valid,law_residual,law_residual_disp_y_tip,law_residual_disp_y_x0900,law_residual_disp_y_x0800,law_residual_disp_y_x0700,law_residual_disp_y_x0600,law_residual_disp_y_x0500,law_residual_disp_y_x0400,law_residual_disp_y_x0300,law_residual_disp_y_x0200,law_residual_disp_y_x0100
1,-9.5217010658360557e-01,1.8719960049478522e+11,9.0478298934163948e-01,-2.0933729734062779e-06,-1.7814572240228640e-06,-1.4758528243373352e-06,-1.1827338369095428e-06,-9.0832193973162748e-07,-6.5870204103329224e-07,-4.3992039574227418e-07,-2.5812930605996487e-07,-1.1917787598661612e-07,-2.9320093397269729e-08,-2.1133010549718508e-06,-1.8769233913596796e-06,-1.4575354730849445e-06,-1.2025758063678980e-06,-8.7771059506598808e-07,-7.8061839097340158e-07,-3.8950960697426603e-07,-3.3051367843379057e-07,-2.3728208866613370e-08,8.4255015685381974e-09,ok,1,9.65005853004186e-13,8.930634010084759e-13,8.943956686380261e-13,8.884004643050503e-13,8.908429549592256e-13,8.930634010084759e-13,9.166001291305292e-13,9.410250356722827e-13,9.590106486712102e-13,9.596767824859853e-13,9.65005853004186e-13
2,-8.5499836135951635e-01,1.8921008390347162e+11,9.1450016386404842e-01,-2.0711294885763041e-06,-1.7625280521833464e-06,-1.4601709031859335e-06,-1.1701665006090225e-06,-8.9867041296412615e-07,-6.5170289227032353e-07,-4.3524594796185048e-07,-2.5538650992354141e-07,-1.1791153152231200e-07,-2.9008547838505512e-08,-2.0811048230506971e-06,-1.7490205790788654e-06,-1.4837615880358129e-06,-1.1743585278564523e-06,-8.3736222768463397e-07,-6.1637783079336714e-07,-4.8852048261394371e-07,-2.2148926892656733e-07,-1.1422244312430438e-07,-4.7443370236000891e-08,ok,1,1.5079049120458876e-12,1.5079049120458876e-12,1.5065726444163374e-12,1.4994672170587364e-12,1.496358592589786e-12,1.4857004515533845e-12,1.4932499681208355e-12,1.5025758415276869e-12,1.5072387782311125e-12,1.4930279235159105e-12,1.4779288903810084e-12
3,1.1003357416723316e+00,2.2966594649520053e+11,1.1100335741672331e+00,-1.7062981703967545e-06,-1.4520571539834450e-06,-1.2029604881369335e-06,-9.6404062134280850e-07,-7.4036881319487305e-07,-5.3690484291607385e-07,-3.5857698361015424e-07,-2.1039994699992263e-07,-9.7141309423118651e-08,-2.3898666102579059e-08,-1.6656827269462853e-06,-1.4621625534215350e-06,-1.2233006807245907e-06,-9.6390329969527217e-07,-7.7840556174355812e-07,-5.1304581386183851e-07,-3.7041078154777152e-07,-2.3301866603844297e-07,-1.5800126721896466e-07,-5.7622008915473931e-08,ok,1,-2.1499468871866156e-12,-1.751265799043722e-12,-1.787014980436652e-12,-1.834643548193071e-12,-1.88005166990024e-12,-1.9308998844280723e-12,-1.9613199953028015e-12,-1.990740905455368e-12,-2.027489287570461e-12,-2.084110661826344e-12,-2.1499468871866156e-12
4,7.5476716247128400e-02,2.0846161325915308e+11,1.0075476716247127e+00,-1.8798596930289836e-06,-1.5997577463928528e-06,-1.3253234242347074e-06,-1.0621010664767205e-06,-8.1567777194408992e-07,-5.9151781951216453e-07,-3.9505077719240077e-07,-2.3180144399323188e-07,-1.0702234537960079e-07,-2.6329594617691131e-08,-1.8717051718286572e-06,-1.6192644729186995e-06,-1.2703070780572243e-06,-1.0960121270189907e-06,-7.7367862290454316e-07,-6.0232152638562921e-07,-3.8913528569014275e-07,-2.5511257853365876e-07,-1.4735436102858363e-07,-3.4292804616666685e-08,ok,1,5.469624753118296e-12,4.573674772245795e-12,4.648281759500605e-12,4.7339909770016675e-12,4.835021272242557e-12,4.936273612088371e-12,5.055955654142963e-12,5.1736392947532295e-12,5.279332526697544e-12,5.363487431964131e-12,5.469624753118296e-12
5,-1.3266232365821902e+00,1.7945216523511450e+11,8.6733767634178105e-01,-2.1837495456961764e-06,-1.8583675499100164e-06,-1.5395693818557725e-06,-1.2337956550702815e-06,-9.4753665420965009e-07,-6.8713998944704288e-07,-4.5891294888607452e-07,-2.6927344625159323e-07,-1.2432310718103456e-07,-3.0585921118411181e-08,-2.1553411611813020e-06,-1.8409990592498390e-06,-1.4809850273671366e-06,-1.2150370569214448e-06,-9.1008785610501014e-07,-7.2450734970907371e-07,-4.1675259921935689e-07,-2.5995795053326080e-07,-1.5981366418029359e-07,-5.1313561866502073e-08,ok,1,-4.388045482528469e-12,-3.8516967393320556e-12,-3.909650381217489e-12,-3.977707052627011e-12,-4.04298816647497e-12,-4.1137093731435925e-12,-4.1630032754369495e-12,-4.207856285631806e-12,-4.2547076972709874e-12,-4.317324275859846e-12,-4.388045482528469e-12
6,1.1116091529085521e+00,2.2989919337367795e+11,1.1111609152908553e+00,-1.7045670259122112e-06,-1.4505839526538884e-06,-1.2017400107021634e-06,-9.6306254281397537e-07,-7.3961766347822516e-07,-5.3636011991665898e-07,-3.5821318519671714e-07,-2.1018648330760873e-07,-9.7042753587531389e-08,-2.3874419435317473e-08,-1.6542297775365031e-06,-1.4239084525052299e-06,-1.1675947263332947e-06,-9.7146092187136857e-07,-6.5766251418029016e-07,-5.1611456068303912e-07,-3.7009064483980692e-07,-2.5586936284700356e-07,-6.7179360609897383e-08,7.6301900789685943e-10,ok,1,1.9970691766957316e-12,1.7881252034612771e-12,1.7974510768681284e-12,1.8036683258060293e-12,1.8178791805212313e-12,1.830091633792108e-12,1.8667289936047382e-12,1.908251334725719e-12,1.9462209621678994e-12,1.9664270212160773e-12,1.9970691766957316e-12
7,6.2425121875207845e-01,2.1981575771598050e+11,1.0624251218752079e+00,-1.7827592906917250e-06,-1.5171254513375034e-06,-1.2568664866251287e-06,-1.0072403546584334e-06,-7.7354556381843297e-07,-5.6096414655579175e-07,-3.7464521737769855e-07,-2.1982820282114266e-07,-1.0149431962635315e-07,-2.4969591932240964e-08,-1.7830301055110300e-06,-1.4761763348781691e-06,-1.2387299492646646e-06,-9.4380199633108147e-07,-7.5859309682217886e-07,-5.9038051234635953e-07,-3.0923308089199502e-07,-2.1996036719578719e-07,-6.9458840548657587e-08,-4.4883162899827714e-08,ok,1,2.0032864256336325e-12,1.836308882730009e-12,1.8629542353210127e-12,1.885158695813516e-12,1.9100276915651193e-12,1.923350367860621e-12,1.9528823003156504e-12,1.979305608301729e-12,1.9968471320908066e-12,1.9966250874858815e-12,2.0032864256336325e-12
8,-5.7827226382897778e-01,1.9493554686137845e+11,9.4217277361710217e-01,-2.0102982273792358e-06,-1.7107607412060090e-06,-1.4172841411105136e-06,-1.1357974742226457e-06,-8.7227551350347215e-07,-6.3256168980996491e-07,-4.2246231463937114e-07,-2.4788553831505972e-07,-1.1444834526973436e-07,-2.8156536141392814e-08,-2.0551794654763800e-06,-1.6959880908521282e-06,-1.4401054817679911e-06,-1.1325166304058791e-06,-9.0003252253578210e-07,-5.2448651644127878e-07,-3.9030542563483646e-07,-2.3303411103395075e-07,-1.5457855979607795e-07,-6.0245342088591379e-08,ok,1,2.0385915178167124e-12,1.901589996577968e-12,1.9175772081325704e-12,1.928901482983747e-12,1.943112337698949e-12,1.951772077291025e-12,1.9806378759312793e-12,2.0097257191764584e-12,2.0305979120394113e-12,2.0321522242738865e-12,2.0385915178167124e-12
9,3.9018150026405046e-01,2.1497285524046320e+11,1.0390181500264051e+00,-1.8229212421732516e-06,-1.5513032111091417e-06,-1.2851811397126159e-06,-1.0299314372207445e-06,-7.9097197666329172e-07,-5.7360153117315508e-07,-3.8308521436524392e-07,-2.2478048643114707e-07,-1.0378078082261070e-07,-2.5532106201507964e-08,-1.8225938819677030e-06,-1.6197624597954933e-06,-1.3083467245604753e-06,-1.0669456256507916e-06,-8.6001076044782885e-07,-5.8301928546855718e-07,-4.5736776686214224e-07,-2.8446315157829622e-07,-1.7238356216755351e-07,7.5043102561802800e-08,ok,1,1.5054624213917123e-12,1.5054624213917123e-12,1.5001333508735115e-12,1.482369782479509e-12,1.4621637234313312e-12,1.433075880186152e-12,1.425748408223626e-12,1.425082274408851e-12,1.4208634269152753e-12,1.3959944311636718e-12,1.3697931677825181e-12
10,3.0881436789310918e-01,2.1328936927170844e+11,1.0308814367893109e+00,-1.8373094995158109e-06,-1.5635475962759157e-06,-1.2953250321322962e-06,-1.0380606521430984e-06,-7.9721509243151212e-07,-5.7812894917230228e-07,-3.8610889334878431e-07,-2.2655467140944692e-07,-1.0459991910857207e-07,-2.5733630275091355e-08,-1.8317297983275843e-06,-1.6419691633991820e-06,-1.3192189886226377e-06,-1.0566569640807679e-06,-8.2072801741893733e-07,-6.0540382446155795e-07,-3.9636276150893831e-07,-2.2777725781546974e-07,-1.0568582176281737e-07,-4.6163610130463936e-08,ok,1,2.220890138460163e-12,1.9386714456004484e-12,1.963762485956977e-12,1.98641103565933e-12,2.015276834299584e-12,2.0394796962364126e-12,2.084332706431269e-12,2.1311841180704505e-12,2.170041923932331e-12,2.190692072190359e-12,2.220890138460163e-12
11,8.1675856204540834e-02,2.0858987346487195e+11,1.0081675856204542e+00,-1.8787037826873044e-06,-1.5987740684459211e-06,-1.3245084937066177e-06,-1.0614479892223318e-06,-8.1517621835692186e-07,-5.9115410004537523e-07,-3.9480786370220424e-07,-2.3165891118213624e-07,-1.0695653821517759e-07,-2.6313404765410819e-08,-1.8533415396000702e-06,-1.5579960743381001e-06,-1.2973142307483318e-06,-1.0471047078198219e-06,-8.0926061514281324e-07,-5.6458268437256473e-07,-4.0070733632075652e-07,-2.8213729914162238e-07,-5.4960335750274932e-08,2.1802864374853722e-08,ok,1,2.4806823262224498e-12,2.1314061626753755e-12,2.1658230764387554e-12,2.19868567796766e-12,2.2373214392246155e-12,2.27018404075352e-12,2.3208102106764272e-12,2.369882068364859e-12,2.41273667711539e-12,2.440714297335944e-12,2.4806823262224498e-12
12,1.6794893726297635e+00,2.4164863511970981e+11,1.1679489372629763e+00,-1.6216875552196195e-06,-1.3800536488503772e-06,-1.1433089989068656e-06,-9.1623650864885910e-07,-7.0365596790865753e-07,-5.1028121415150841e-07,-3.4079614102492486e-07,-1.9996679454302316e-07,-9.2324340096254405e-08,-2.2713597234838956e-08,-1.6007863616932592e-06,-1.3933131516262301e-06,-1.1769097493942348e-06,-9.1539025954184113e-07,-7.5257809382566109e-07,-5.1218880318558130e-07,-3.5677157474016744e-07,-1.5961247602384765e-07,-1.1801906650418288e-07,-1.0826642277538589e-07,ok,1,4.420463994847523e-12,3.966160733170909e-12,4.011901921785466e-12,4.0600856010541975e-12,4.11626288610023e-12,4.165334743788662e-12,4.228617456192296e-12,4.28879154412698e-12,4.340749981679437e-12,4.374278717023117e-12,4.420463994847523e-12
13,6.8589790241689619e-01,2.2109122760100558e+11,1.0685897902416897e+00,-1.7724745959464245e-06,-1.5083731917146168e-06,-1.2496156546042976e-06,-1.0014296096875923e-06,-7.6908299838025313e-07,-5.5772795811447837e-07,-3.7248389828180629e-07,-2.1856001929568595e-07,-1.0090880137880890e-07,-2.4825542967099268e-08,-1.7881814843068157e-06,-1.4826839133437814e-06,-1.2594493007150947e-06,-9.8014657273886970e-07,-7.1496656900400117e-07,-5.8883262189115960e-07,-3.4105877895996285e-07,-1.2659557694083917e-07,-5.6539171333533608e-08,-1.8871374813880088e-08,ok,1,4.391154106997419e-12,3.841815754412892e-12,3.89999144090325e-12,3.9606096180477834e-12,4.028999356364693e-12,4.0885073104846015e-12,4.162892253134487e-12,4.233280392895722e-12,4.293010391620555e-12,4.335198866556311e-12,4.391154106997419e-12
14,6.5698651983105349e-01,2.2049305109530450e+11,1.0656986519831053e+00,-1.7772831495662657e-06,-1.5124652635488395e-06,-1.2530057420520108e-06,-1.0041463921934589e-06,-7.7116944680887246e-07,-5.5924102058527511e-07,-3.7349441138098717e-07,-2.1915295167066895e-07,-1.0118255728096265e-07,-2.4892892284684910e-08,-1.7805847508676253e-06,-1.5548671588328615e-06,-1.2885161660890755e-06,-1.0180295090048836e-06,-7.4102468996890126e-07,-6.0064620506815441e-07,-3.6212454009522225e-07,-1.7385922043258753e-07,-5.0347939745701250e-08,-7.9748340764754122e-08,ok,1,6.701306176637445e-13,6.441513988875158e-13,6.490363801958665e-13,6.508127370352668e-13,6.52145004664817e-13,6.425970866530406e-13,6.519229600598919e-13,6.634692795159935e-13,6.701306176637445e-13,6.581402089977928e-13,6.477041125663163e-13
15,2.4199366955896945e-01,2.1190684902317508e+11,1.0241993669558969e+00,-1.8492964532019311e-06,-1.5737484756745352e-06,-1.3037759769363922e-06,-1.0448331556127898e-06,-8.0241627404685436e-07,-5.8190077147001459e-07,-3.8862794058790016e-07,-2.2803275681319997e-07,-1.0528234870803687e-07,-2.5901521332282282e-08,-1.8931415675095751e-06,-1.5577930981584188e-06,-1.2705043956158483e-06,-1.0496078048054076e-06,-8.3376542695540839e-07,-5.8170171962164602e-07,-2.9617505318341376e-07,-2.1186631211256199e-07,-1.4490756854446771e-07,-1.3586031382250051e-08,ok,1,-5.275779813018744e-13,-3.346212196220222e-13,-3.459454944731988e-13,-3.674838211509268e-13,-3.9102054927298013e-13,-4.218847493575595e-13,-4.333200465111986e-13,-4.4220183070819985e-13,-4.566347300283269e-13,-4.906075545818567e-13,-5.275779813018744e-13
16,6.1131390891265638e-02,2.0816480847754028e+11,1.0061131390891265e+00,-1.8825400276512762e-06,-1.6020387070893238e-06,-1.3272130919968334e-06,-1.0636154275063152e-06,-8.1684077861964141e-07,-5.9236121527014205e-07,-3.9561404703592499e-07,-2.3213195027397554e-07,-1.0717493958572534e-07,-2.6367135783263371e-08,-1.9269681537515396e-06,-1.6591642266445679e-06,-1.3303238026089567e-06,-1.0344471599821951e-06,-8.0582843598325564e-07,-6.3240992801152800e-07,-3.2869886024013857e-07,-1.5802322925121401e-07,-8.6206708034960886e-08,-3.8489191012624450e-08,ok,1,-1.6521228829446954e-12,-1.415201289489687e-12,-1.426192497433476e-12,-1.4451773111545663e-12,-1.465161325597819e-12,-1.4975798379168737e-12,-1.514899317101026e-12,-1.5311085732605534e-12,-1.5563106359195444e-12,-1.6010526238119382e-12,-1.6521228829446954e-12
17,-7.7321179502336579e-01,1.9090224796096655e+11,9.2267882049766337e-01,-2.0527709259232845e-06,-1.7469049432216613e-06,-1.4472278983384588e-06,-1.1597941047088350e-06,-8.9070456767439635e-07,-6.4592617553433529e-07,-4.3138791298657500e-07,-2.5312275516117250e-07,-1.1686635967238829e-07,-2.8751415077895930e-08,-2.0210607947357505e-06,-1.7317818959240005e-06,-1.4473134907123330e-06,-1.1863206291932116e-06,-9.1190027566447103e-07,-7.0784247204484906e-07,-4.3464583956414235e-07,-2.3169709008080082e-07,-9.5585013636996159e-08,5.7176332937243831e-08,ok,1,-7.69717622972621e-13,-5.515587986337778e-13,-5.733191699164308e-13,-6.051825707231728e-13,-6.340483693634269e-13,-6.706857291760571e-13,-6.84674539286334e-13,-6.924461004587101e-13,-7.046585537295869e-13,-7.357447984190912e-13,-7.69717622972621e-13
18,-1.0387596940814754e+00,1.8540806192945428e+11,8.9612403059185253e-01,-2.1136005642288826e-06,-1.7986708731208188e-06,-1.4901135162561057e-06,-1.1941622141785036e-06,-9.1709876295669961e-07,-6.6506686733465655e-07,-4.4417120525991239e-07,-2.6062352665440690e-07,-1.2032945353208481e-07,-2.9603404044548745e-08,-2.1555544906257689e-06,-1.8500478928706416e-06,-1.4359555719490724e-06,-1.2016480625000255e-06,-8.7084453070964616e-07,-6.8049835119188635e-07,-3.7979999057469832e-07,-2.1214338137909539e-07,-1.6211652379608867e-07,-1.4326947295772172e-08,ok,1,-3.4680036620216015e-12,-3.0817570717545095e-12,-3.120392833011465e-12,-3.167799356162959e-12,-3.2128744109627405e-12,-3.266831249959523e-12,-3.298694650766265e-12,-3.3252289810548064e-12,-3.3560931811393857e-12,-3.4070524179696804e-12,-3.4680036620216015e-12
19,1.1398450045618282e+00,2.3048339314438422e+11,1.1139845004561828e+00,-1.7002465078313731e-06,-1.4469071983227015e-06,-1.1986939941091128e-06,-9.6062149528331506e-07,-7.3774297539635539e-07,-5.3500062301160329e-07,-3.5730523231477394e-07,-2.0965372954209632e-07,-9.6796782050364572e-08,-2.3813905616092700e-08,-1.7093991820590148e-06,-1.4670471859415403e-06,-1.2400913683233538e-06,-1.0097968015599163e-06,-7.3713628486518964e-07,-5.6273540368223159e-07,-3.5700261154414003e-07,-2.2097955067700251e-07,-9.6310988164156723e-08,5.5338148055766144e-08,ok,1,-2.957412092996492e-12,-2.605804461097705e-12,-2.639666263348772e-12,-2.6831870059140783e-12,-2.723821168615359e-12,-2.7712276917668532e-12,-2.7982061112652445e-12,-2.822631017806998e-12,-2.8526070394718772e-12,-2.9015678748578466e-12,-2.957412092996492e-12
20,2.6650131628750844e-02,2.0745139122339886e+11,1.0026650131628752e+00,-1.8890140094832354e-06,-1.6075480558051220e-06,-1.3317773261265186e-06,-1.0672731595346981e-06,-8.1964986224214977e-07,-5.9439832241756726e-07,-3.9697454833491150e-07,-2.3293024300966789e-07,-1.0754351002861078e-07,-2.6457811336251143e-08,-1.7987717899097884e-06,-1.6282114000685527e-06,-1.3447991314159910e-06,-1.0851244043869977e-06,-8.1635669484602303e-07,-5.7083753350715578e-07,-4.0200670283582155e-07,-2.9806533547929062e-07,-1.4465619919203484e-07,-7.7887991456603443e-08,ok,1,-3.411715354673106e-13,-2.498001805406602e-13,-2.6501023597802487e-13,-2.8832491949515315e-13,-3.0686564400639327e-13,-3.291811268013589e-13,-3.2585045772748344e-13,-3.1863400806741993e-13,-3.1541436129600697e-13,-3.284039706841213e-13,-3.411715354673106e-13
21,8.6996664600563545e-01,2.2489960990585660e+11,1.0869966646005635e+00,-1.7424600446030791e-06,-1.4828308540634637e-06,-1.2284550392078744e-06,-9.8447170207883495e-07,-7.5605957835765856e-07,-5.4828356073190696e-07,-3.6617636805527443e-07,-2.1485898970922478e-07,-9.9200042106909701e-08,-2.4405154694268645e-08,-1.7369442208606617e-06,-1.4358524986221617e-06,-1.2610055407606882e-06,-9.8647518644846052e-07,-8.3191179696701468e-07,-5.8658755442950763e-07,-3.8000638735834517e-07,-2.8095857268344532e-07,-5.9114276287260905e-08,7.3289989975223247e-09,ok,1,-2.8543833963112775e-13,-2.8543833963112775e-13,-2.69340105774063e-13,-2.512434704726729e-13,-2.2104540420286867e-13,-1.9606538614880265e-13,-1.539879335155092e-13,-1.1468603844377867e-13,-8.526512829121202e-14,-7.360778653264788e-14,-5.1514348342607263e-14
22,-6.8527518300127666e-01,1.9272165646370358e+11,9.3147248169987229e-01,-2.0333915321117093e-06,-1.7304131084930351e-06,-1.4335651953925191e-06,-1.1488449498803120e-06,-8.8229578013329815e-07,-6.3982824343158739e-07,-4.2731535128685085e-07,-2.5073312391059295e-07,-1.1576307085492911e-07,-2.8479984404172692e-08,-1.9740638500856691e-06,-1.7502283173387902e-06,-1.4437667756771183e-06,-1.0923970457478171e-06,-8.1825145108661773e-07,-6.4422295232495926e-07,-4.0883839367673421e-07,-2.8585879964503553e-07,-6.4845814812838767e-08,1.6008744600767004e-08,ok,1,-1.9018120411828932e-13,-1.254552017826427e-13,-1.404432126150823e-13,-1.6286971771251046e-13,-1.7774670624248756e-13,-1.9018120411828932e-13,-1.7530421558831222e-13,-1.5476508963274682e-13,-1.389999226830696e-13,-1.4166445794216997e-13,-1.4221956945448255e-13
23,-2.9934125702173314e-01,2.0070662939222034e+11,9.7006587429782665e-01,-1.9524944716336657e-06,-1.6615698327741245e-06,-1.3765318063578556e-06,-1.1031389567538218e-06,-8.4719425936978403e-07,-6.1437312409678476e-07,-4.1031490878957139e-07,-2.4075788187361346e-07,-1.1115751801567520e-07,-2.7346928136178172e-08,-1.9668438219574886e-06,-1.6694347988265376e-06,-1.4003194737685151e-06,-1.1045036059057681e-06,-8.3815051479647020e-07,-6.0961233643960927e-07,-4.5276535452693166e-07,-2.6671833452730267e-07,-1.3640979100891801e-07,4.3855499648159532e-08,ok,1,1.8600676554569873e-12,1.6620038678638593e-12,1.6755485887642863e-12,1.6853185513809876e-12,1.6995294060961896e-12,1.709521413317816e-12,1.7439383270811959e-12,1.787014980436652e-12,1.822542117224657e-12,1.837419105754634e-12,1.8600676554569873e-12
24,8.6876502730256611e-01,2.2487474841489008e+11,1.0868765027302565e+00,-1.7426526858554110e-06,-1.4829947914768115e-06,-1.2285908535799988e-06,-9.8458054237149785e-07,-7.5614316607840385e-07,-5.4834417734790053e-07,-3.6621685143625333e-07,-2.1488274388642138e-07,-9.9211009371439413e-08,-2.4407852856300945e-08,-1.7336841487550042e-06,-1.5608130610746321e-06,-1.2076674362476921e-06,-9.5639327916454349e-07,-7.2611763182735884e-07,-5.4599710907978313e-07,-3.8094812369690086e-07,-2.6105872680474617e-07,-6.5754924201110753e-08,-7.3275957198643020e-08,ok,1,-4.564792988048794e-12,-4.128475339371107e-12,-4.169997680492088e-12,-4.2235104302790205e-12,-4.277245224670878e-12,-4.338196468722799e-12,-4.378608586819155e-12,-4.412692433675147e-12,-4.44855263737054e-12,-4.502287431762397e-12,-4.564792988048794e-12
25,2.0058233577274362e-01,2.1105004852713806e+11,1.0200582335772743e+00,-1.8568040473841931e-06,-1.5801374269320722e-06,-1.3090689200566610e-06,-1.0490748678092477e-06,-8.0567384572513989e-07,-5.8426311572202326e-07,-3.9020565456703499e-07,-2.2895850205833196e-07,-1.0570976376486858e-07,-2.6006673813663291e-08,-1.8134248441441042e-06,-1.5719900983299522e-06,-1.3461426401648235e-06,-1.0857833691486621e-06,-8.6470771589929053e-07,-6.0707155204951237e-07,-3.5881502841935108e-07,-2.0493935056054740e-07,-5.5460725167071205e-08,2.7726871785985267e-08,ok,1,-5.520028878436278e-12,-5.270894831710393e-12,-5.307754236127948e-12,-5.348277376526767e-12,-5.3788085097039584e-12,-5.413114401164876e-12,-5.4255488990406775e-12,-5.435429883959841e-12,-5.451639140119369e-12,-5.484945830858123e-12,-5.520028878436278e-12
26,4.3111122789051448e-01,2.1581969130505475e+11,1.0431111227890515e+00,-1.8157684404846332e-06,-1.5452161877252701e-06,-1.2801383295166650e-06,-1.0258901790725448e-06,-7.8786835070316480e-07,-5.7135082614762182e-07,-3.8158205970067403e-07,-2.2389848988307810e-07,-1.0337356446724298e-07,-2.5431922996583669e-08,-1.8197885668693044e-06,-1.6037726354580948e-06,-1.2673595023932880e-06,-1.0701252850050755e-06,-7.5146050404353930e-07,-5.6757992670864343e-07,-3.6625625655932785e-07,-2.4713394791787983e-07,-1.0543123737987910e-07,-3.4543674761136749e-08,ok,1,-3.0563329644905934e-12,-2.632560835991171e-12,-2.6677549058717887e-12,-2.7111646261346323e-12,-2.7535751456753133e-12,-2.8083091407893335e-12,-2.847833080465989e-12,-2.8850255517909318e-12,-2.9258817590971375e-12,-2.986499936241671e-12,-3.0563329644905934e-12
27,-1.5675317263423816e+00,1.7446776858197614e+11,8.4324682736576184e-01,-2.2461374240909245e-06,-1.9114595397609059e-06,-1.5835535775551331e-06,-1.2690441538943226e-06,-9.7460697538036856e-07,-7.0677099804287256e-07,-4.7202370387445119e-07,-2.7696636096943482e-07,-1.2787491325147320e-07,-3.1459735027684210e-08,-2.2835339087181781e-06,-1.8407508859528573e-06,-1.6054432046827477e-06,-1.3095876779278122e-06,-9.3318253198330887e-07,-7.1867993243430221e-07,-4.9067977442517478e-07,-2.2978014184517413e-07,-1.2164323822667196e-07,-7.6694837871342539e-09,ok,1,4.902966921349616e-12,4.403144515663371e-12,4.453992730191203e-12,4.5070613907682855e-12,4.565237077258644e-12,4.614753024156926e-12,4.68158845023936e-12,4.747313653297169e-12,4.8050452505776775e-12,4.845901457883883e-12,4.902966921349616e-12
28,-2.4212381743867176e-01,2.0189045821719388e+11,9.7578761825613280e-01,-1.9410455935860403e-06,-1.6518268549274185e-06,-1.3684602112734882e-06,-1.0966704603925058e-06,-8.4222655067770124e-07,-6.1077061301388060e-07,-4.0790893764855212e-07,-2.3934614541619522e-07,-1.1050572161558447e-07,-2.7186573446447141e-08,-1.9435939234843199e-06,-1.7141185267671646e-06,-1.3550161766783874e-06,-1.0695474912984657e-06,-8.3848316983842385e-07,-6.3446546081858808e-07,-4.4956640801144613e-07,-2.9886508341765610e-07,-1.2704941491775470e-07,-4.9944418879044938e-08,ok,1,4.595435143528448e-12,4.248379426030624e-12,4.29323243622548e-12,4.3374193126055616e-12,4.382716412010268e-12,4.4142467459096224e-12,4.459099756104479e-12,4.50417481090426e-12,4.543476705975991e-12,4.5643488988389436e-12,4.595435143528448e-12
29,-6.1480695409895636e-01,1.9417964411969260e+11,9.3851930459010435e-01,-2.0181239186206358e-06,-1.7174203925781425e-06,-1.4228013464376731e-06,-1.1402189079305887e-06,-8.7567110862097907e-07,-6.3502412668014259e-07,-4.2410687642136252e-07,-2.4885050742233687e-07,-1.1489386991918939e-07,-2.8266143937508049e-08,-1.9868906811259758e-06,-1.7319308810005383e-06,-1.4026191029691867e-06,-1.1218824058702455e-06,-9.3304049017148026e-07,-6.5807262011520674e-07,-4.2588106921398134e-07,-1.9637551440299453e-07,-1.3426297469420473e-07,-6.7027849905373550e-08,ok,1,-2.1983526110602725e-12,-1.7642554084318363e-12,-1.8127721546079556e-12,-1.872502153332789e-12,-1.9301227283108346e-12,-1.992406239992306e-12,-2.0293766667123236e-12,-2.0571322423279526e-12,-2.0887735985297695e-12,-2.1396218130576017e-12,-2.1983526110602725e-12
30,-1.4227852713644460e+00,1.7746257273546960e+11,8.5772147286355538e-01,-2.2082322952256231e-06,-1.8792023326111979e-06,-1.5568300112324131e-06,-1.2476281525074216e-06,-9.5815980585325798e-07,-6.9484374663247609e-07,-4.6405797607381771e-07,-2.7229236128825119e-07,-1.2571693528736807e-07,-3.0928830151814910e-08,-2.2606083173074361e-06,-1.9376801980091777e-06,-1.5125965451843593e-06,-1.2937962495736374e-06,-9.1561868952672182e-07,-7.8131371786401949e-07,-4.5260369878059161e-07,-2.2292309996110452e-07,-7.2371908028506171e-08,-6.1721577992484336e-08,ok,1,1.113775738303957e-12,1.0316192344816955e-12,1.043165553937797e-12,1.049382802875698e-12,1.0580425424677742e-12,1.0589307208874743e-12,1.0793588245405772e-12,1.1008971512183052e-12,1.113775738303957e-12,1.106892355551281e-12,1.1028955526626305e-12
31,-1.2375638261485453e+00,1.8129480443698660e+11,8.7624361738514545e-01,-2.1615544114650326e-06,-1.8394795243567999e-06,-1.5239215484512673e-06,-1.2212556363525902e-06,-9.3790610693822395e-07,-6.8015605471372235e-07,-4.5424866193944747e-07,-2.6653661212331502e-07,-1.2305951536608934e-07,-3.0275052765343324e-08,-2.1984063590290256e-06,-1.8714111442648132e-06,-1.5139653670055202e-06,-1.3129938662427403e-06,-9.3765587759690726e-07,-6.4325017924129952e-07,-4.1928375403212493e-07,-2.7913402071850111e-07,-1.5437884202086826e-07,3.9285201577998930e-08,ok,1,-3.8292702342346274e-12,-3.6417535653754385e-12,-3.6697311855959924e-12,-3.6985969842362465e-12,-3.717803842562262e-12,-3.74289488291879e-12,-3.748890087251766e-12,-3.752997912442879e-12,-3.763878098084206e-12,-3.795186387378635e-12,-3.8292702342346274e-12
32,1.1436585564051331e+00,2.3056229553202222e+11,1.1143658556405134e+00,-1.6996646542052360e-06,-1.4464120417698299e-06,-1.1982837803880017e-06,-9.6029275406996123e-07,-7.3749050704955218e-07,-5.3481753658814307e-07,-3.5718295631314242e-07,-2.0958198242660263e-07,-9.6763656525172684e-08,-2.3805756087632579e-08,-1.6919949065216215e-06,-1.5006453190840306e-06,-1.1399475331497216e-06,-9.4740560656741089e-07,-7.4373522970894632e-07,-5.5059509801248069e-07,-3.7124840570451243e-07,-2.0967497171313324e-07,-1.6335928169218930e-07,7.9767735090561469e-09,ok,1,1.2012613126444194e-12,8.01581023779363e-13,8.402167850363185e-13,8.799627693178991e-13,9.228173780684301e-13,9.561240688071848e-13,1.0107470416187425e-12,1.0698109065288008e-12,1.1219913886861832e-12,1.1550760348200129e-12,1.2012613126444194e-12
33,6.7391968956518877e-01,2.2084339837710376e+11,1.0673919689565190e+00,-1.7744636569944923e-06,-1.5100658796483603e-06,-1.2510179662814442e-06,-1.0025534083774045e-06,-7.6994605900630228e-07,-5.5835383730005397e-07,-3.7290189762268850e-07,-2.1880528612312530e-07,-1.0102204066956883e-07,-2.4853402052131738e-08,-1.7864583650319393e-06,-1.4396361625637706e-06,-1.2576727550218695e-06,-1.0286099526552779e-06,-7.2941104656411918e-07,-5.6350471258009700e-07,-3.8413298696914335e-07,-1.7895623148548963e-07,-1.1676160214991525e-07,-2.7514641937824447e-08,ok,1,-1.4808154702450338e-12,-1.4258594305260885e-12,-1.4288570326925765e-12,-1.4369616607723401e-12,-1.4417356197782283e-12,-1.454392162258955e-12,-1.447508779506279e-12,-1.4409584636609907e-12,-1.4421797089880783e-12,-1.4619416788264061e-12,-1.4808154702450338e-12
34,1.0906274137998784e-01,2.0915650811915195e+11,1.0109062741379988e+00,-1.8736141076025356e-06,-1.5944427626714899e-06,-1.3209202122850291e-06,-1.0585723760285739e-06,-8.1296779032976087e-07,-5.8955257971942772e-07,-3.9373827318676723e-07,-2.3103131432553806e-07,-1.0666677777887583e-07,-2.6242118018730634e-08,-1.9117090334216804e-06,-1.5893243366035935e-06,-1.2996344522917502e-06,-1.0754206209763841e-06,-7.4241774034394022e-07,-5.7593451156675451e-07,-3.7193481064079377e-07,-2.0299970582168286e-07,-2.9828595529681474e-09,-6.2877483154897305e-08,ok,1,2.7424729154290617e-12,2.6576518763476997e-12,2.673417043297377e-12,2.6838531397288534e-12,2.695399459184955e-12,2.6965096822095802e-12,2.7131630275789576e-12,2.731148640577885e-12,2.7424729154290617e-12,2.7358115772813107e-12,2.73137068518281e-12
35,1.3830031362165949e+00,2.3551433488832135e+11,1.1383003136216594e+00,-1.6639266756017413e-06,-1.4159990762045997e-06,-1.1730880807546759e-06,-9.4010116991627324e-07,-7.2198367168858166e-07,-5.2357220202615078e-07,-3.4967265313717854e-07,-2.0517520936974502e-07,-9.4729056653930802e-08,-2.3305204640836601e-08,-1.7520281407959926e-06,-1.4393871334357031e-06,-1.2286574540790489e-06,-9.7294219448216376e-07,-7.3425278460203178e-07,-4.7407795836117477e-07,-3.3697245399855119e-07,-2.9691319525630018e-07,-9.3327684067979323e-08,-4.9308007368565442e-08,ok,1,-1.919242542669508e-12,-1.546762717907768e-12,-1.580957587066223e-12,-1.6261436641684668e-12,-1.669886451338698e-12,-1.7215118219837677e-12,-1.7532642004880472e-12,-1.7817969322209137e-12,-1.8139933999350433e-12,-1.8629542353210127e-12,-1.919242542669508e-12
36,-1.2067412095738188e+00,1.8193252437391769e+11,8.7932587904261816e-01,-2.1539776115149751e-06,-1.8330316790958751e-06,-1.5185798144422499e-06,-1.2169748236211182e-06,-9.3461850663246512e-07,-6.7777193413183934e-07,-4.5265640443220424e-07,-2.6560233326425738e-07,-1.2262816035374944e-07,-3.0168930977684703e-08,-2.1572447075353798e-06,-1.8102526143145801e-06,-1.5605769882121439e-06,-1.2694038531810855e-06,-9.1720243472836154e-07,-6.7885973182342191e-07,-5.2898028178380498e-07,-2.9173716881629099e-07,-1.3723069977585800e-07,-4.9481849791925977e-08,ok,1,-1.8618440122963875e-13,-1.6486811915683575e-13,-1.7208456881689926e-13,-1.8129941992128806e-13,-1.8207657603852567e-13,-1.8618440122963875e-13,-1.6786572132332367e-13,-1.4666046155298318e-13,-1.305622276959184e-13,-1.3344880755994382e-13,-1.3167245072054357e-13
37,1.0241684433044138e+00,2.2809004509196832e+11,1.1024168443304414e+00,-1.7180871885509210e-06,-1.4620895905448820e-06,-1.2112718860390127e-06,-9.7070129330741855e-07,-7.4548410988301888e-07,-5.4061438269666780e-07,-3.6105443488047880e-07,-2.1185362540038925e-07,-9.7812470349330973e-08,-2.4063784845286855e-08,-1.7618329442421835e-06,-1.4667058167506660e-06,-1.2257656879007172e-06,-1.0702504317338522e-06,-7.3471490921865585e-07,-5.6531472756858004e-07,-3.9023706231165536e-07,-1.5373794658610899e-07,-6.7325793115265336e-08,-1.0526775719601798e-08,ok,1,2.098321516541546e-12,1.5996093338799255e-12,1.645128477889557e-12,1.6930901125533637e-12,1.7501555760190968e-12,1.8025581027814042e-12,1.8707257964933888e-12,1.937117133365973e-12,1.9975132659055816e-12,2.0408119638659628e-12,2.098321516541546e-12
38,-3.2633298589390819e-02,2.0622481705218552e+11,9.9673667014106093e-01,-1.9002493972829429e-06,-1.6171093537748438e-06,-1.3396984080490383e-06,-1.0736210361387951e-06,-8.2452493676042249e-07,-5.9793365652644891e-07,-3.9933565469769446e-07,-2.3431565444514155e-07,-1.0818315220937530e-07,-2.6615175849803728e-08,-1.9488417565208403e-06,-1.5198867175934142e-06,-1.3311197409610651e-06,-1.0348536133367335e-06,-8.1581437795181880e-07,-5.8814192874137626e-07,-3.6802301593111189e-07,-2.5939396535659106e-07,-7.8122413158775842e-08,2.1026285125563086e-08,ok,1,8.033573806187633e-13,8.033573806187633e-13,7.920331057675867e-13,7.709388682997087e-13,7.556177905598815e-13,7.398526236102043e-13,7.487344078072056e-13,7.616129948928574e-13,7.700506898800086e-13,7.609468610780823e-13,7.531752999057062e-13
39,4.6678421448052260e-01,2.1655776539760202e+11,1.0466784214480522e+00,-1.8095799224304306e-06,-1.5399497682513108e-06,-1.2757753507430032e-06,-1.0223937310933837e-06,-7.8518313082410124e-07,-5.6940354321021710e-07,-3.8028154835099507e-07,-2.2313539707025249e-07,-1.0302124577085480e-07,-2.5345245691774966e-08,-1.8048028473200539e-06,-1.5528278058458777e-06,-1.3096151924442387e-06,-1.0042404866246074e-06,-7.5339362726994254e-07,-6.0081092066152198e-07,-3.5604450569073746e-07,-1.5619355437680790e-07,-1.0797245748358633e-07,-1.9787801676459088e-08,ok,1,5.575095940457686e-12,5.1396664701997e-12,5.181632900530531e-12,5.221378884812111e-12,5.268008251846368e-12,5.311751039016599e-12,5.373701483790683e-12,5.435207839354916e-12,5.489830812166474e-12,5.526024082769254e-12,5.575095940457686e-12
40,4.6656542393905287e-01,2.1655323862129901e+11,1.0466565423939054e+00,-1.8096177494393800e-06,-1.5399819589784586e-06,-1.2758020192337370e-06,-1.0224151029576898e-06,-7.8519954409696934e-07,-5.6941544588022776e-07,-3.8028949766185471e-07,-2.2314006143705657e-07,-1.0302339930132962e-07,-2.5345775502479577e-08,-1.7878790370805811e-06,-1.5404437973661883e-06,-1.2724413486277829e-06,-9.8264716087742713e-07,-7.6666737778070829e-07,-5.8439997338784895e-07,-3.4935290810829221e-07,-2.4363296924985359e-07,-1.5344187454835642e-07,1.5944528323861390e-08,ok,1,-5.558886684298159e-13,-5.145883719137601e-13,-5.196953978270358e-13,-5.268008251846368e-13,-5.28355137419112e-13,-5.349054532644004e-13,-5.235811784132238e-13,-5.156985949383852e-13,-5.171418848703979e-13,-5.370148770111882e-13,-5.558886684298159e-13
41,-1.0826994587390488e+00,1.8449894819868909e+11,8.9173005412609518e-01,-2.1240152756163765e-06,-1.8075337767091374e-06,-1.4974560115551863e-06,-1.2000464171928843e-06,-9.2161774307641961e-07,-6.6834396689386683e-07,-4.4635984723336823e-07,-2.6190774225182396e-07,-1.2092237376089783e-07,-2.9749274042167760e-08,-2.0557445347308751e-06,-1.8263216136137433e-06,-1.4695550853486101e-06,-1.1342024799447057e-06,-9.8960086458948282e-07,-6.6958852255182035e-07,-3.8932948274675444e-07,-2.9370838900134009e-07,-1.4310893028963802e-07,-6.8315470891802580e-08,ok,1,3.849809360190193e-12,3.277378368693462e-12,3.325562047962194e-12,3.3726355042063005e-12,3.4270364324129332e-12,3.481215316014641e-12,3.560263195367952e-12,3.6421976545852885e-12,3.717914864864724e-12,3.775202372935382e-12,3.849809360190193e-12
42,-1.2561139051300843e+00,1.8091100330285855e+11,8.7438860948699160e-01,-2.1661401305254666e-06,-1.8433819643191832e-06,-1.5271545348865504e-06,-1.2238465196630605e-06,-9.3989586666332498e-07,-6.8159899992374897e-07,-4.5521234656206750e-07,-2.6710206724952869e-07,-1.2332058506769252e-07,-3.0339281028943994e-08,-2.1079781607249970e-06,-1.9216868690135045e-06,-1.5220694660348196e-06,-1.1691006593193195e-06,-8.9958756902132611e-07,-6.7848271966490661e-07,-4.4184298882633160e-07,-3.0811723947714845e-07,-1.6230082730566693e-07,2.2059404026712166e-08,ok,1,1.5631940186722204e-13,1.5631940186722204e-13,1.3988810110276972e-13,1.1590728377086634e-13,1.0080825063596421e-13,8.659739592076221e-14,9.348077867343818e-14,9.903189379656396e-14,9.525713551283843e-14,7.127631818093505e-14,4.6629367034256575e-14
43,3.4767287499920768e-01,2.1409335178373361e+11,1.0347672874999208e+00,-1.8304098704775969e-06,-1.5576760224334301e-06,-1.2904607116636987e-06,-1.0341624338946923e-06,-7.9422131898020790e-07,-5.7595790761037232e-07,-3.8465894268277381e-07,-2.2570389303485689e-07,-1.0420711613254964e-07,-2.5636993043991554e-08,-1.7762958257111681e-06,-1.5287220737703648e-06,-1.2285903361435552e-06,-1.0509319468154166e-06,-7.1878662281178586e-07,-5.4851819991916751e-07,-3.4235037734651507e-07,-2.7435159984346466e-07,-1.8554378595741881e-07,7.5838978951142536e-09,ok,1,2.0095036745715333e-12,1.7672530105983242e-12,1.7881252034612771e-12,1.8074430840897548e-12,1.828759366162558e-12,1.84297022087776e-12,1.87871940227069e-12,1.9195756095768957e-12,1.957101147809226e-12,1.978861519091879e-12,2.0095036745715333e-12
44,2.1651788666998026e-01,2.1137975507520190e+11,1.0216517886669980e+00,-1.8539078360131214e-06,-1.5776727554499055e-06,-1.3070270566210346e-06,-1.0474385386741632e-06,-8.0441716936434572e-07,-5.8335179205193268e-07,-3.8959701842412669e-07,-2.2860137648123503e-07,-1.0554487947339852e-07,-2.5966109046206151e-08,-1.8938842721364120e-06,-1.5070378656878127e-06,-1.2689848994728337e-06,-1.0552367305588174e-06,-8.0647218239934440e-07,-5.8387478510664086e-07,-4.3316457167688113e-07,-2.3180845578023475e-07,-1.1062111162391609e-07,-1.1461190971368245e-08,ok,1,1.759037360216098e-12,1.4424017535930034e-12,1.4659384817150567e-12,1.4919177004912854e-12,1.5285550603039155e-12,1.56097357262297e-12,1.6115997425458772e-12,1.6608936448392342e-12,1.70219394135529e-12,1.7255086248724183e-12,1.759037360216098e-12
45,-5.7221456674568349e-01,1.9506088061403180e+11,9.4277854332543165e-01,-2.0090065372188463e-06,-1.7096615148395188e-06,-1.4163734841968543e-06,-1.1350676827910371e-06,-8.7171504457290767e-07,-6.3215524578133360e-07,-4.2219086714600388e-07,-2.4772626278755551e-07,-1.1437480802069612e-07,-2.8138444536789058e-08,-1.9769401426715999e-06,-1.6975190813539585e-06,-1.4145629571324166e-06,-1.2049006387144495e-06,-8.8133969657388349e-07,-5.9572748724872449e-07,-4.1254311569909392e-07,-2.7786635057659389e-07,-9.6851229348817361e-08,-6.1850931736700199e-08,ok,1,3.9681591346152345e-12,3.4934277692855176e-12,3.553823901825126e-12,3.6151082127844347e-12,3.679279103607769e-12,3.729683228925751e-12,3.79318798593431e-12,3.851585717029593e-12,3.89910326248355e-12,3.927747016518879e-12,3.9681591346152345e-12
46,7.4415475990089811e-02,2.0843965619823495e+11,1.0074415475990091e+00,-1.8800577176884669e-06,-1.5999262650774722e-06,-1.3254630339727677e-06,-1.0622129483380160e-06,-8.1576369554412783e-07,-5.9158013007428871e-07,-3.9509239189132606e-07,-2.3182586198668840e-07,-1.0703361912700123e-07,-2.6332368180515587e-08,-1.8700116233235988e-06,-1.6430194782366505e-06,-1.3158816851702169e-06,-1.0877407390837111e-06,-8.0426723697020723e-07,-5.7755504958207181e-07,-4.1890262046619418e-07,-1.9751553760290047e-07,-1.3283375417489480e-07,-6.2063731471724860e-08,ok,1,-2.504663143554353e-13,-1.6198153929281034e-13,-1.695310558602614e-13,-1.8463008899516353e-13,-1.9872992140790302e-13,-2.2071233729548112e-13,-2.1938006966593093e-13,-2.149391775674303e-13,-2.1582735598713043e-13,-2.339239912885205e-13,-2.504663143554353e-13
47,7.0200097976908382e-01,2.2142440027142233e+11,1.0702000979769084e+00,-1.7698075904349249e-06,-1.5061035740709673e-06,-1.2477353840232578e-06,-9.9992277946565350e-07,-7.6792577525246229e-07,-5.5688875650226406e-07,-3.7192342953817843e-07,-2.1823115659856004e-07,-1.0075696601251945e-07,-2.4788188490994583e-08,-1.7413707845596430e-06,-1.4529410247118508e-06,-1.2330450178201670e-06,-1.0310248786294431e-06,-7.2094648922101380e-07,-4.9195242016260703e-07,-3.9305117760861379e-07,-2.6086278885358742e-07,-1.1092069087117583e-07,6.9190119020083556e-08,ok,1,-8.01581023779363e-14,-5.495603971894525e-14,-6.394884621840902e-14,-7.749356711883593e-14,-7.938094626069869e-14,-8.01581023779363e-14,-5.6288307348495437e-14,-2.7533531010703882e-14,-4.440892098500626e-15,8.881784197001252e-16,1.1546319456101628e-14
48,1.7430233054282915e+00,2.4296315218931134e+11,1.1743023305428291e+00,-1.6129136487473272e-06,-1.3725870677553975e-06,-1.1371232905729306e-06,-9.1127934325189499e-07,-6.9984893884730921e-07,-5.0752041128712812e-07,-3.3895231268827332e-07,-1.9888490306074340e-07,-9.1824832578589958e-08,-2.2590708595069497e-08,-1.6881334214179563e-06,-1.2945646974327769e-06,-1.1202924211788256e-06,-8.7944287305313288e-07,-7.5066937957429846e-07,-5.4113807655781995e-07,-3.2323687985259052e-07,-2.2759150860823266e-07,-7.1861011750827710e-08,-5.0346373367965839e-09,ok,1,2.708944180085382e-12,2.369215934550084e-12,2.411626454090765e-12,2.4515944829772707e-12,2.4942270471228767e-12,2.5268676040468563e-12,2.574829238710663e-12,2.6223467841646197e-12,2.6614266346314253e-12,2.680522470654978e-12,2.708944180085382e-12
49,7.5379272107667483e-01,2.2249597139907642e+11,1.0753792721076676e+00,-1.7612839542433034e-06,-1.4988499726051300e-06,-1.2417261192115243e-06,-9.9510701415994697e-07,-7.6422733935144709e-07,-5.5420670384001919e-07,-3.7013219526975624e-07,-2.1718012540479325e-07,-1.0027170663929712e-07,-2.4668805174023887e-08,-1.7727092814367489e-06,-1.4982129695198839e-06,-1.1634883184561602e-06,-9.3866956016611038e-07,-7.7342235716347373e-07,-5.9579673661789623e-07,-3.4804109612723387e-07,-2.9706167820407802e-07,-1.3664477664837164e-07,2.0328313405933769e-08,ok,1,2.8461677459290513e-12,2.76711986657574e-12,2.7782220968219917e-12,2.7846613903648176e-12,2.7924329515371937e-12,2.7917668177224186e-12,2.809530386116421e-12,2.829736445164599e-12,2.845279567509351e-12,2.843947299879801e-12,2.8461677459290513e-12
50,1.5276861937591741e+00,2.3850782734887732e+11,1.1527686193759175e+00,-1.6430428664010041e-06,-1.3982269862624397e-06,-1.1583647470804829e-06,-9.2830203612632379e-07,-7.1292211298719460e-07,-5.1700088964176831e-07,-3.4528393993362192e-07,-2.0260007190238101e-07,-9.3540119921332253e-08,-2.3012702901274892e-08,-1.5825222245288730e-06,-1.4207381929464363e-06,-1.1710109081599866e-06,-9.4492626214854695e-07,-7.1043963874735592e-07,-5.0188488053016503e-07,-3.5704024013678502e-07,-1.8039276855562219e-07,-1.5001547003304365e-07,-3.4156885204377753e-08,ok,1,-4.5740078391531824e-12,-3.8549163861034685e-12,-3.921973856790828e-12,-4.004463427520477e-12,-4.087841176669826e-12,-4.178657420084164e-12,-4.250044760567562e-12,-4.318101431977084e-12,-4.387379348713694e-12,-4.472977543912293e-12,-4.5740078391531824e-12
51,-1.0064636149455477e+00,1.8607626780677661e+11,8.9935363850544525e-01,-2.1060105564622754e-06,-1.7922117880280279e-06,-1.4847624705794143e-06,-1.1898739391687568e-06,-9.1380543173254570e-07,-6.6267859077294083e-07,-4.4257617214216577e-07,-2.5968761916793297e-07,-1.1989734658514139e-07,-2.9497097266238308e-08,-2.0933273755295995e-06,-1.7953981348098768e-06,-1.5033916081705566e-06,-1.2318954983196361e-06,-8.8718541542597328e-07,-6.4790276113091872e-07,-4.4372712497547000e-07,-2.9542427765199264e-07,-1.4367027506706424e-07,4.5770782371037975e-08,ok,1,7.327471962526033e-13,7.327471962526033e-13,7.025491299827991e-13,6.59694521232268e-13,6.152856002472618e-13,5.595524044110789e-13,5.202505093393484e-13,4.818367926873179e-13,4.405364961712621e-13,3.810285420513537e-13,3.11972669919669e-13
52,1.4682377230978789e+00,2.3727783849089511e+11,1.1468237723097878e+00,-1.6515599889156207e-06,-1.4054750445991704e-06,-1.1643694196727639e-06,-9.3311412127294143e-07,-7.1661772258101057e-07,-5.1968089270662338e-07,-3.4707380535904883e-07,-2.0365029990882487e-07,-9.4025008464296530e-08,-2.3131994986736060e-08,-1.6452854510079738e-06,-1.3860066358641510e-06,-1.1642266433815881e-06,-9.0966594951930699e-07,-6.8962256937071557e-07,-4.6838263538411308e-07,-3.8010401695482078e-07,-1.9583180767906620e-07,-3.1867497100208266e-08,-1.2285726438932141e-08,ok,1,2.857714065385153e-13,1.5121237595394632e-13,1.6364687382974807e-13,1.7075230118734908e-13,1.8474111129762605e-13,1.936228954946273e-13,2.227107387398064e-13,2.5157653738006047e-13,2.7466917629226373e-13,2.7844393457598926e-13,2.857714065385153e-13
53,1.1010555391377184e+00,2.2968083910475940e+11,1.1101055539137719e+00,-1.7061875332574667e-06,-1.4519630019458465e-06,-1.2028824876390129e-06,-9.6397811251632822e-07,-7.4032080734884080e-07,-5.3687002976518989e-07,-3.5855373331768752e-07,-2.1038630457298902e-07,-9.7135010737050231e-08,-2.3897116502352599e-08,-1.6780778083588597e-06,-1.4750338887958154e-06,-1.2141727112547180e-06,-9.7940949069387288e-07,-7.1539795811448293e-07,-5.4569082092307805e-07,-3.4269524954321688e-07,-1.2530400754007760e-07,-1.0621288417458691e-07,-3.2390929657219676e-08,ok,1,2.035704937952687e-12,1.9615420399077266e-12,1.9684254226604025e-12,1.971756091734278e-12,1.9819701435608295e-12,1.984856723424855e-12,2.0035084702385575e-12,2.02260430626211e-12,2.035704937952687e-12,2.0317081350640365e-12,2.0319301796689615e-12
54,1.0817446874371317e+00,2.2928129758307425e+11,1.1081744687437132e+00,-1.7091607053795533e-06,-1.4544931669104113e-06,-1.2049786093188246e-06,-9.6565792367098209e-07,-7.4161087725192018e-07,-5.3780556995314367e-07,-3.5917854269138278e-07,-2.1075292001434951e-07,-9.7304276483242544e-08,-2.3938759193549284e-08,-1.6943075068011256e-06,-1.4943826440202771e-06,-1.2351032380605793e-06,-9.3160876813086590e-07,-7.9254242066443326e-07,-5.0943685390566616e-07,-4.0011952516815153e-07,-2.1400062478576388e-07,-1.0404910813078507e-07,-1.8969957280037331e-08,ok,1,-1.3952172750464342e-12,-1.1723955140041653e-12,-1.1900480600957053e-12,-1.2152501227546963e-12,-1.2355672041053367e-12,-1.2638778912332782e-12,-1.2757572775967674e-12,-1.2890799538922693e-12,-1.3101741913601472e-12,-1.3499201756417278e-12,-1.3952172750464342e-12
55,8.9667758507794376e-02,2.0875522592352628e+11,1.0089667758507794e+00,-1.8772156844167588e-06,-1.5975076990755558e-06,-1.3234593667408833e-06,-1.0606072292622566e-06,-8.1453052725212622e-07,-5.9068585411843178e-07,-3.9449514122577859e-07,-2.3147541699406154e-07,-1.0687181925038478e-07,-2.6292562239565417e-08,-1.8803648617146156e-06,-1.6282969658178764e-06,-1.3462627193534905e-06,-1.0229392293724489e-06,-7.4685911797962318e-07,-6.6328022005114109e-07,-4.2283592344595970e-07,-2.5984679671617447e-07,-1.2388847266128036e-07,-5.9768195539192589e-08,ok,1,-8.255618411112664e-13,-7.104317134576377e-13,-7.217559883088143e-13,-7.385203559806541e-13,-7.497336085293682e-13,-7.679412661332208e-13,-7.672751323184457e-13,-7.677192215282957e-13,-7.752687380957468e-13,-8.000267115448878e-13,-8.255618411112664e-13
56,1.3498850524795021e+00,2.3482912173580090e+11,1.1349885052479503e+00,-1.6687818845079429e-06,-1.4201308516168479e-06,-1.1765110607339549e-06,-9.4284431217128130e-07,-7.2409036401132268e-07,-5.2509994507862834e-07,-3.5069297080188990e-07,-2.0577389470760461e-07,-9.5005468689590182e-08,-2.3373207419328005e-08,-1.6567971959661263e-06,-1.4204828873998352e-06,-1.2176793483191777e-06,-9.7692836076966737e-07,-6.3685355294014935e-07,-4.9843888210748105e-07,-3.7133800109577141e-07,-1.7393076136149209e-07,-8.9782853635270608e-08,-9.5527825064879495e-09,ok,1,-7.168710070004636e-13,-6.912248551316225e-13,-6.944445019030354e-13,-7.022160630754115e-13,-7.061018436615996e-13,-7.168710070004636e-13,-7.081002451059248e-13,-6.964429033473607e-13,-6.884492975700596e-13,-6.987743716990735e-13,-7.077671781985373e-13
57,-1.1204885808940921e+00,1.8371709126130124e+11,8.8795114191059077e-01,-2.1330545874387610e-06,-1.8152262173541721e-06,-1.5038288338147807e-06,-1.2051535338366109e-06,-9.2553993245782616e-07,-6.7118828237033030e-07,-4.4825945025878062e-07,-2.6302236029516448e-07,-1.2143699107795617e-07,-2.9875879988738641e-08,-2.1034037268884023e-06,-1.8527081883010335e-06,-1.5239637716438004e-06,-1.1721396132442352e-06,-8.9865507032262335e-07,-6.4201236522170210e-07,-3.8871064423503004e-07,-2.2143281426945297e-07,-1.1106942207942342e-07,-2.2674943782860895e-08,ok,1,-5.576206163482311e-12,-5.261124869093692e-12,-5.3013149425851225e-12,-5.349165554946467e-12,-5.3895776730428224e-12,-5.434985794749991e-12,-5.4571902552424945e-12,-5.4752868905438845e-12,-5.497380328733925e-12,-5.535016889268718e-12,-5.576206163482311e-12
58,2.0675431511997422e+00,2.4967746779832266e+11,1.2067543151199742e+00,-1.5695392450236393e-06,-1.3356755159999313e-06,-1.1065438204770594e-06,-8.8677325876921286e-07,-6.8102863160833103e-07,-4.9387219445018814e-07,-3.2983722183069318e-07,-1.9353649889372540e-07,-8.9355483172769205e-08,-2.1983200241611188e-08,-1.6347417029123725e-06,-1.3539707368106751e-06,-1.1129933254950560e-06,-9.5917543757623440e-07,-7.0353186160209852e-07,-4.8320798146814529e-07,-3.2457130307860462e-07,-2.4894620517559455e-07,-1.1675250616998397e-07,-2.1288512067454233e-08,ok,1,-8.069100942975638e-13,-7.464029394554927e-13,-7.500666754367558e-13,-7.608358387756198e-13,-7.669420654110581e-13,-7.782663402622347e-13,-7.713829575095588e-13,-7.640554855470327e-13,-7.65609797781508e-13,-7.861489237370733e-13,-8.069100942975638e-13
59,-2.3123419914733387e-01,2.0211576441964166e+11,9.7687658008526657e-01,-1.9388818355249720e-06,-1.6499855001004651e-06,-1.3669347361256597e-06,-1.0954479597169185e-06,-8.4128768839915677e-07,-6.1008976355720296e-07,-4.0745422589152387e-07,-2.3907933707668504e-07,-1.1038253664412482e-07,-2.7156267529021969e-08,-1.9360362320966146e-06,-1.6697557637514419e-06,-1.4062179242165090e-06,-1.1109169928920276e-06,-7.3349685462790454e-07,-5.6218225964814920e-07,-4.4009903426235228e-07,-2.1454480760404596e-07,-8.6616619231445461e-08,-6.5196368484382920e-08,ok,1,-3.79274389672446e-12,-3.568034756540328e-12,-3.6006753134643077e-12,-3.638644940906488e-12,-3.666622561127042e-12,-3.695044270557446e-12,-3.701261519495347e-12,-3.707700813038173e-12,-3.722022690055837e-12,-3.755773470004442e-12,-3.79274389672446e-12
60,-2.8588450781697050e-01,2.0098504953326688e+11,9.7141154921830297e-01,-1.9497897242513498e-06,-1.6592680968557913e-06,-1.3746249273095569e-06,-1.1016108027698305e-06,-8.4602065991095822e-07,-6.1352204660425347e-07,-4.0974650862683007e-07,-2.4042436530790530e-07,-1.1100353396592076e-07,-2.7309045041827758e-08,-1.8721269640356662e-06,-1.6567547196221634e-06,-1.4085171776694795e-06,-1.0774299466901686e-06,-8.4774786658301134e-07,-6.0462634026650446e-07,-4.5665648937830078e-07,-2.9395131032382297e-07,-5.6864601890541888e-08,-5.9090941180807170e-08,ok,1,8.348877145181177e-13,5.779821066198565e-13,5.988542994828094e-13,6.17284001691587e-13,6.445954880973659e-13,6.699085730588195e-13,7.156497616733759e-13,7.598366380534571e-13,7.94253551816837e-13,8.100187187665142e-13,8.348877145181177e-13
61,-7.5125832937467318e-01,1.9135646516523801e+11,9.2487416706253267e-01,-2.0478983240624591e-06,-1.7427583664316103e-06,-1.4437926561198076e-06,-1.1570411356167867e-06,-8.8859032848754233e-07,-6.4439295960433758e-07,-4.3036394020883311e-07,-2.5252192513580197e-07,-1.1658895743804498e-07,-2.8683168691123841e-08,-1.9989044334420829e-06,-1.7116847372992248e-06,-1.4832368610315677e-06,-1.1221010376149047e-06,-8.7761507805446637e-07,-6.8074072100272608e-07,-4.3389584363732733e-07,-2.8895889750031408e-07,-9.6195732512830847e-08,-6.1563191609471954e-08,ok,1,6.977751709769109e-12,6.434186516912632e-12,6.496581050896566e-12,6.559641718695275e-12,6.6278094124072595e-12,6.6846528312680675e-12,6.756595283263778e-12,6.8256511553954624e-12,6.885159109515371e-12,6.924461004587101e-12,6.977751709769109e-12
62,-1.1291437834327893e+00,1.8353801512077557e+11,8.8708562165672100e-01,-2.1351357867217107e-06,-1.8169973147862062e-06,-1.5052961040428794e-06,-1.2063293896659784e-06,-9.2644297219044833e-07,-6.7184315383057850e-07,-4.4869681236489429e-07,-2.6327898848982369e-07,-1.2155547589328328e-07,-2.9905029575631125e-08,-2.1117758186628994e-06,-1.8485179211011947e-06,-1.4821801523494989e-06,-1.0893021128494647e-06,-8.6854665581964516e-07,-6.7282266908005235e-07,-4.5009586981069824e-07,-2.4057938861233733e-07,-9.3176084701467265e-08,-6.5464570080336350e-08,ok,1,1.1006751066133802e-12,8.995026945513018e-13,9.245937349078304e-13,9.49906819869284e-13,9.78772618509538e-13,9.974243653232406e-13,1.0329515021112456e-12,1.0653700144303002e-12,1.0871303857129533e-12,1.0897949209720537e-12,1.1006751066133802e-12
63,1.7338385879902379e-01,2.1048731203855179e+11,1.0173383858799023e+00,-1.8617682012008174e-06,-1.5843619142978305e-06,-1.3125687074925787e-06,-1.0518795627993357e-06,-8.0782780963003189e-07,-5.8582513944778417e-07,-3.9124886690402765e-07,-2.2957062115813339e-07,-1.0599237814631934e-07,-2.6076202490786632e-08,-1.8918892875660315e-06,-1.6080517245470191e-06,-1.2969694784530680e-06,-1.0295349911466092e-06,-8.2269123099377106e-07,-6.0767771850224150e-07,-4.1221881020829085e-07,-2.0435508305375320e-07,-1.5826223011700572e-07,-1.5097238194965391e-08,ok,1,4.6060932845648495e-12,4.398925668169795e-12,4.419131727217973e-12,4.4335646265381e-12,4.451550239537028e-12,4.4646508712276045e-12,4.5006220972254596e-12,4.539701947692265e-12,4.57256454922117e-12,4.585887225516672e-12,4.6060932845648495e-12
64,-3.9241416069662438e-01,1.9878095101518683e+11,9.6075858393033753e-01,-1.9714091431111224e-06,-1.6776661895014788e-06,-1.3898668745352411e-06,-1.1138255483235752e-06,-8.5540140224567513e-07,-6.2032482638082609e-07,-4.1428980952010542e-07,-2.4309020921544569e-07,-1.1223434971272270e-07,-2.7611849839714163e-08,-2.0478665878229174e-06,-1.5987626277616835e-06,-1.4027513443635546e-06,-1.0616978588596116e-06,-8.7469192064806330e-07,-5.6437277049656751e-07,-4.3584321344898689e-07,-2.6777915289379528e-07,-8.3947779045709270e-08,-3.9624915298092284e-08,ok,1,-1.1789458298494537e-12,-5.6754601018838e-13,-6.068479052601106e-13,-6.642464356332312e-13,-7.287503933639528e-13,-8.085754288345015e-13,-8.729683642627606e-13,-9.333644968023691e-13,-9.974243653232406e-13,-1.0804690475652023e-12,-1.1789458298494537e-12
65,3.0608005854689944e-02,2.0753327964113354e+11,1.0030608005854691e+00,-1.8882686429141099e-06,-1.6069137499857410e-06,-1.3312518338371495e-06,-1.0668520352183383e-06,-8.1932644505057002e-07,-5.9416378490956482e-07,-3.9681791023921144e-07,-2.3283833346571714e-07,-1.0750107554335738e-07,-2.6447371621155830e-08,-1.8907805494639507e-06,-1.6466651242903033e-06,-1.3479945653748787e-06,-1.0701815420654374e-06,-8.0869680886873398e-07,-5.9966337764554443e-07,-3.5521015893742026e-07,-2.2080810717241625e-07,-7.9863559723763867e-08,-1.1305581871641420e-07,ok,1,-1.2886358646824192e-12,-1.0415002194008594e-12,-1.0724754417879012e-12,-1.1116663145571692e-12,-1.1459722060180866e-12,-1.1842749003676545e-12,-1.1991518888976316e-12,-1.2085887846069454e-12,-1.2220224832049098e-12,-1.2538858840116518e-12,-1.2886358646824192e-12
66,9.8960081602051997e-01,2.2737484088346457e+11,1.0989600816020519e+00,-1.7234914064604758e-06,-1.4666885717858442e-06,-1.2150819238899964e-06,-9.7375461990738248e-07,-7.4782901915449562e-07,-5.4231487726314958e-07,-3.6219012627966897e-07,-2.1252000785413116e-07,-9.8120138032022390e-08,-2.4139477125560748e-08,-1.7258823034897224e-06,-1.4605541575522285e-06,-1.2644211260982839e-06,-1.0084472018535246e-06,-7.3823138961492678e-07,-5.6105675528856004e-07,-3.9449815066585837e-07,-2.0625605909573100e-07,-2.1835341739639125e-08,8.9210800039260407e-09,ok,1,2.169375790117556e-13,2.1271873151818e-13,2.1338486533295509e-13,2.0894397323445446e-13,2.078337502098293e-13,1.978417429882029e-13,2.0539125955565396e-13,2.1405099914773018e-13,2.169375790117556e-13,2.0095036745715333e-13,1.8607337892717624e-13
67,-7.8447359483198878e-02,2.0527692413229260e+11,9.9215526405168009e-01,-1.9090240462438583e-06,-1.6245765667265412e-06,-1.3458846398463201e-06,-1.0785786210341089e-06,-8.2833228799024281e-07,-6.0069469302277920e-07,-4.0117963906765296e-07,-2.3539763748209395e-07,-1.0868270199767987e-07,-2.6738074888978698e-08,-1.9109219804385114e-06,-1.6322018758568559e-06,-1.3393451321456088e-06,-1.0651306262303751e-06,-8.4780453759510957e-07,-5.6660860380493973e-07,-3.8974448129230180e-07,-2.1345025913227397e-07,-9.3765660006767216e-08,2.2984237906167942e-08,ok,1,-9.265921363521556e-13,-9.265921363521556e-13,-9.18709552877317e-13,-9.161560399206792e-13,-9.124923039394162e-13,-9.158229730132916e-13,-9.007239398783895e-13,-8.852918398360998e-13,-8.79740724712974e-13,-8.913980664715382e-13,-9.013900736931646e-13
68,1.1904977978608482e-01,2.0936313994377411e+11,1.0119049779786085e+00,-1.8717649363390483e-06,-1.5928691207321003e-06,-1.3196165245683835e-06,-1.0575276136039185e-06,-8.1216542837606906e-07,-5.8897071834033008e-07,-3.9334967155476876e-07,-2.3080329700566080e-07,-1.0656150255738090e-07,-2.6216218250834088e-08,-1.9030257420628348e-06,-1.6196897899012317e-06,-1.3463446341042664e-06,-9.9420445472398024e-07,-8.2908907937340062e-07,-5.3608555482350157e-07,-3.8460239247943059e-07,-2.4316232357870553e-07,-6.2282657834181660e-08,-7.2166730873484688e-08,ok,1,2.2801760479751465e-12,1.8263168755083825e-12,1.8596235662471372e-12,1.893374346195742e-12,1.9377832671807482e-12,1.9819701435608295e-12,2.049915792667889e-12,2.120081887824199e-12,2.1811441541785825e-12,2.2228885399044884e-12,2.2801760479751465e-12
69,3.4979570679511118e-01,2.1413727317359085e+11,1.0349795706795111e+00,-1.8300344377270646e-06,-1.5573565297323873e-06,-1.2901960271128557e-06,-1.0339503183170251e-06,-7.9405841738143692e-07,-5.7583977370772707e-07,-3.8458004583720961e-07,-2.2565759923217300e-07,-1.0418574236000186e-07,-2.5631734677015143e-08,-1.8021753313144486e-06,-1.5321252067249559e-06,-1.3274468573672640e-06,-1.0356994474020945e-06,-8.1612084689647757e-07,-6.0150419769447105e-07,-3.4855808984167122e-07,-2.7966340283046928e-07,-9.5701341053924537e-08,-1.8942301808259377e-08,ok,1,2.114752817305998e-12,1.922240144835996e-12,1.9451107391432743e-12,1.965538842796377e-12,1.9890755709184305e-12,2.0041746040533326e-12,2.0385915178167124e-12,2.071898208555467e-12,2.0961010704922955e-12,2.1018742302203464e-12,2.114752817305998e-12
70,1.1754921274270815e+00,2.3122093211646631e+11,1.1175492127427080e+00,-1.6948231318079390e-06,-1.4422919135559386e-06,-1.1948704495602382e-06,-9.5755734454945906e-07,-7.3538975335157402e-07,-5.3329410014118348e-07,-3.5616551485572602e-07,-2.0898498474270272e-07,-9.6488023676575257e-08,-2.3737945004432073e-08,-1.7003011341599572e-06,-1.4499413707426188e-06,-1.2421712794241941e-06,-9.3238215466500516e-07,-7.4077574412019372e-07,-5.1891886968292144e-07,-3.0505550675889648e-07,-1.6420599588025415e-07,-9.6902558332923073e-08,-1.5733280752446137e-08,ok,1,3.79185571830476e-12,3.3031355428647657e-12,3.3433256163561964e-12,3.3852920466870273e-12,3.4352520827951594e-12,3.481659405224491e-12,3.5491609651217004e-12,3.6193270602780103e-12,3.683275906496419e-12,3.729905273530676e-12,3.79185571830476e-12
71,-1.5489298881892115e+00,1.7485264061336520e+11,8.4510701118107878e-01,-2.2411934010984209e-06,-1.9072521836958912e-06,-1.5800679825893744e-06,-1.2662508326092062e-06,-9.7246174631115284e-07,-7.0521530869462079e-07,-4.7098472201144794e-07,-2.7635672415807058e-07,-1.2759344493850644e-07,-3.1390488305869687e-08,-2.2381388822212319e-06,-1.8092179482650786e-06,-1.6058480640473511e-06,-1.2737695555918166e-06,-9.7902756983959454e-07,-6.9005526320708250e-07,-4.7508148822266780e-07,-2.9560518864371650e-07,-1.3304847940375049e-07,-4.9602744339467123e-08,ok,1,-1.659783421814609e-12,-1.475042310516983e-12,-1.4912515666765103e-12,-1.517452830057664e-12,-1.54287693732158e-12,-1.5739631820110844e-12,-1.5812906539736105e-12,-1.5859535906770361e-12,-1.5978329770405253e-12,-1.627920021007867e-12,-1.659783421814609e-12
72,1.6222447178207438e+00,2.4046424321171118e+11,1.1622244717820744e+00,-1.6296750779820220e-06,-1.3868510186013887e-06,-1.1489402973796737e-06,-9.2074937547382080e-07,-7.0712178229584595e-07,-5.1279457302881002e-07,-3.4247471155160068e-07,-2.0095171874616296e-07,-9.2779077980646970e-08,-2.2825471667330780e-08,-1.6114671675149297e-06,-1.3944147244675878e-06,-1.1254653680873801e-06,-9.2251176806309038e-07,-7.5360274459318360e-07,-4.9176532954575689e-07,-3.7796060098108802e-07,-2.3599514739557918e-07,-1.2909371067874858e-07,-4.6451013968271146e-08,ok,1,3.035349749325178e-13,1.212363542890671e-13,1.2811973704174306e-13,1.3566925360919413e-13,1.5543122344752192e-13,1.7541523789077473e-13,2.1471713296250527e-13,2.5157653738006047e-13,2.7911006839076435e-13,2.879918525877656e-13,3.035349749325178e-13
73,1.2784572771012805e+00,2.3335128106322549e+11,1.1278457277101281e+00,-1.6793504733382869e-06,-1.4291247046753519e-06,-1.1839620414586076e-06,-9.4881545433114009e-07,-7.2867611209746222e-07,-5.2842546380922387e-07,-3.5291394997740713e-07,-2.0707708460035846e-07,-9.5607149319332098e-08,-2.3521232647275960e-08,-1.6632175765665914e-06,-1.4014703606211160e-06,-1.1562181679070740e-06,-9.4520799835662689e-07,-6.9387677316244997e-07,-4.8764685191280391e-07,-3.8304793753145675e-07,-2.7433012109162055e-07,-6.1676716886455137e-08,2.5251557880474114e-08,ok,1,-9.796607969292381e-13,-6.697975507563569e-13,-7.009948177483238e-13,-7.467360063628803e-13,-7.936984403045244e-13,-8.458789224619068e-13,-8.710809851208978e-13,-8.862910405582625e-13,-9.033884751374899e-13,-9.390266342279574e-13,-9.796607969292381e-13
74,-3.9581072010512933e-02,2.0608106762010248e+11,9.9604189279894861e-01,-1.9015748939574513e-06,-1.6182373494336037e-06,-1.3406328989570185e-06,-1.0743699278974679e-06,-8.2510007445722987e-07,-5.9835073813396725e-07,-3.9961420659887053e-07,-2.3447909858105481e-07,-1.0825861409806220e-07,-2.6633740953485486e-08,-1.9481007939232865e-06,-1.6249540652593230e-06,-1.3543974529428853e-06,-1.0332975011645722e-06,-8.9006809758640743e-07,-6.4482950036977490e-07,-4.4252969749343856e-07,-2.6283465193680988e-07,-1.5026504929204661e-07,-9.7154365240742008e-08,ok,1,-4.029665490179468e-12,-3.958278149696071e-12,-3.985478613799387e-12,-4.013345211717478e-12,-4.023781308148955e-12,-4.029665490179468e-12,-4.010902721063303e-12,-3.990141550502813e-12,-3.977373985719623e-12,-3.982481011632899e-12,-3.981037721700886e-12
75,3.4315964064699567e-01,2.1399997296498633e+11,1.0343159640646995e+00,-1.8312085692218915e-06,-1.5583557138528359e-06,-1.2910238037701614e-06,-1.0346136903320029e-06,-7.9456787719102269e-07,-5.7620922665352138e-07,-3.8482678848560259e-07,-2.2580237885415866e-07,-1.0425258687330483e-07,-2.5648179737448371e-08,-1.8580355385897293e-06,-1.5472559094569910e-06,-1.2574556028572978e-06,-1.0889478270465553e-06,-7.8868009421572020e-07,-6.0310978117946045e-07,-3.0360133525273877e-07,-2.4611575702352459e-07,-1.3172102187487816e-07,-3.7449269231548642e-08,ok,1,-3.3386626796527707e-12,-2.933986387176901e-12,-2.975064639088032e-12,-3.0251356974986265e-12,-3.0723201760451957e-12,-3.1271651934616784e-12,-3.1599167726881205e-12,-3.188227459816062e-12,-3.2215341505548167e-12,-3.2748248557368242e-12,-3.3386626796527707e-12
76,-1.0003519819210587e+00,1.8620271749405328e+11,8.9996480180789407e-01,-2.1045803712248358e-06,-1.7909947025609795e-06,-1.4837541729902928e-06,-1.1890658994667317e-06,-9.1318486929772515e-07,-6.6222856779699782e-07,-4.4227562003613205e-07,-2.5951126611106027e-07,-1.1981592466887826e-07,-2.9477065878954156e-08,-2.0456001642119523e-06,-1.8295755793889769e-06,-1.4861799815888338e-06,-1.1676691418948133e-06,-9.8898241695906209e-07,-6.6164259189123469e-07,-4.6657881300383422e-07,-2.9997613697643489e-07,-9.5449260879302163e-08,-1.4956218231583455e-08,ok,1,-3.8056224838101116e-12,-3.006039861475074e-12,-3.067435194736845e-12,-3.1489255647443315e-12,-3.2401858973685194e-12,-3.3456570847079092e-12,-3.430478123789271e-12,-3.5078606686056446e-12,-3.588240815588506e-12,-3.6878278208973825e-12,-3.8056224838101116e-12
77,-1.6094757624122180e-01,2.0356999464756912e+11,9.8390524237587784e-01,-1.9250311667270549e-06,-1.6381986019695340e-06,-1.3571698500188626e-06,-1.0876224767001612e-06,-8.3527783420262905e-07,-6.0573150350379117e-07,-4.0454352064391625e-07,-2.3737144098234143e-07,-1.0959400382684564e-07,-2.6962273000607678e-08,-1.8994224888512298e-06,-1.7096778911972344e-06,-1.3670179911970024e-06,-1.1194755076073390e-06,-8.2017752491442204e-07,-5.5992571048406865e-07,-3.9566348580505413e-07,-1.8393635384888877e-07,-1.7358010383833090e-07,-1.4149876451096599e-08,ok,1,-2.4383828289842313e-12,-2.183142555622908e-12,-2.2121193765656244e-12,-2.2517543385447425e-12,-2.2849500069810347e-12,-2.322031456003515e-12,-2.336686399928567e-12,-2.346345340242806e-12,-2.3636648194269583e-12,-2.400191156937126e-12,-2.4383828289842313e-12
78,-3.4681743770124701e-01,1.9972434721396121e+11,9.6531825622987533e-01,-1.9620972093506604e-06,-1.6697417480007260e-06,-1.3833018505693017e-06,-1.1085644031358969e-06,-8.5136092124070307e-07,-6.1739472751582257e-07,-4.1233291524632727e-07,-2.4194197474893877e-07,-1.1170421174838864e-07,-2.7481425509706843e-08,-2.0088773483870271e-06,-1.7247027713693411e-06,-1.3809530379288896e-06,-1.1997934682964808e-06,-8.1156176438188860e-07,-5.7619085409958868e-07,-3.8552792128702809e-07,-2.4008944339079413e-07,-1.1412599046597069e-07,-2.3876545053596228e-08,ok,1,3.488320743372242e-13,2.4868995751603507e-14,3.752553823233029e-14,5.129230373768223e-14,8.08242361927114e-14,1.1124434706744069e-13,1.638689184346731e-13,2.2182256032010628e-13,2.7422508708241367e-13,3.064215547965432e-13,3.488320743372242e-13
79,1.6943220674500643e+00,2.4195552357554184e+11,1.1694322067450065e+00,-1.6196306598667765e-06,-1.3783032340259934e-06,-1.1418588632383358e-06,-9.1507438428582997e-07,-7.0276347373729657e-07,-5.0963399018100852e-07,-3.4036388636725302e-07,-1.9971316321355262e-07,-9.2207238928652264e-08,-2.2684788052405749e-08,-1.6392051775517259e-06,-1.3805163376495576e-06,-1.1982933141389347e-06,-8.4591795277115608e-07,-7.1827371350114673e-07,-5.3142197320783106e-07,-3.0895733644115049e-07,-2.3724694809725551e-07,-8.8485413564205950e-08,-4.1907640504036880e-08,ok,1,-2.4334978476758806e-12,-2.0915491560913324e-12,-2.126521181367025e-12,-2.1701529462347935e-12,-2.208788707491749e-12,-2.2526425169644426e-12,-2.274291865944633e-12,-2.2961632595297488e-12,-2.3273605265217157e-12,-2.3774315849323102e-12,-2.4334978476758806e-12
80,-5.0148969088744277e-01,1.9652417829553882e+11,9.4985103091125578e-01,-1.9940476927901340e-06,-1.6969315609281304e-06,-1.4058273211003476e-06,-1.1266160921322340e-06,-8.6522434904908547e-07,-6.2744828649487916e-07,-4.1904727981354361e-07,-2.4588171994633530e-07,-1.1352318562516120e-07,-2.7928928735556604e-08,-1.9383807284080131e-06,-1.7063120040299466e-06,-1.4341623487528200e-06,-1.1103697276553868e-06,-9.1577812003203851e-07,-6.2639441760678435e-07,-4.2079970621057758e-07,-1.8909815125902777e-07,-1.3997513182810235e-07,3.7853262605638489e-08,ok,1,-6.308287225920139e-13,-4.841682610390308e-13,-4.920508445138694e-13,-5.057065877167588e-13,-5.205835762467359e-13,-5.478950626525148e-13,-5.592193375036913e-13,-5.663247648612924e-13,-5.770939282001564e-13,-6.029621246739225e-13,-6.308287225920139e-13
81,-8.1183522502085004e-01,1.9010312919431860e+11,9.1881647749791495e-01,-2.0613999673167449e-06,-1.7542482443544098e-06,-1.4533114750702918e-06,-1.1646694228514001e-06,-8.9444873926560068e-07,-6.4864139506306292e-07,-4.3320129806086894e-07,-2.5418678364310225e-07,-1.1735761987217932e-07,-2.8872274715820956e-08,-1.9968640371641573e-06,-1.7458081929869943e-06,-1.4224342960421708e-06,-1.1272103559823867e-06,-8.8345088585531039e-07,-6.9118829050602640e-07,-4.7705143464105302e-07,-2.7734957509405901e-07,-1.0640841372292806e-07,-2.8015480188126405e-09,ok,1,3.979039320256561e-13,2.384759056894836e-13,2.4580337765200966e-13,2.509104035652854e-13,2.646771690706373e-13,2.7489122089718876e-13,3.04867242562068e-13,3.381739333008227e-13,3.672617765460018e-13,3.788080960021034e-13,3.979039320256561e-13
82,2.0092305032549329e-01,2.1105709791123447e+11,1.0200923050325494e+00,-1.8567420294598481e-06,-1.5800846497726169e-06,-1.3090251966830683e-06,-1.0490398283307233e-06,-8.0564693592848011e-07,-5.8424360112353058e-07,-3.9019262155765675e-07,-2.2895085476192569e-07,-1.0570623302070300e-07,-2.6005805181397025e-08,-1.7975203362552149e-06,-1.6231762836839211e-06,-1.2475226234079962e-06,-1.0094864321474459e-06,-8.0273119749716031e-07,-5.6077411700835208e-07,-4.0758066345851278e-07,-2.4346183816039753e-07,-1.5687869438899407e-07,-6.5438377062686087e-08,ok,1,-7.004397062360113e-13,-7.004397062360113e-13,-6.991074386064611e-13,-6.978861932793734e-13,-6.84452494681409e-13,-6.697975507563569e-13,-6.301625887772389e-13,-5.878630915390204e-13,-5.514477763313153e-13,-5.335731856348502e-13,-5.073719222536965e-13
83,1.5331077355727829e+00,2.3861999904900089e+11,1.1533107735572783e+00,-1.6422704964795607e-06,-1.3975697006313338e-06,-1.1578202171070376e-06,-9.2786565519859352e-07,-7.1258697894580265e-07,-5.1675785524242165e-07,-3.4512162710861819e-07,-2.0250483263345970e-07,-9.3496148107548289e-08,-2.3001884973232485e-08,-1.6898710654595199e-06,-1.3728571844360425e-06,-1.1430459110116898e-06,-9.3500574640368080e-07,-7.2420786561749362e-07,-5.0561695046639534e-07,-3.4103280012354629e-07,-1.6738638854528868e-07,-1.0690644764779678e-07,1.3173924636924888e-08,ok,1,8.339995360984176e-13,6.867839630331218e-13,6.905587213168474e-13,6.918909889463976e-13,7.016609515630989e-13,7.096545573404001e-13,7.418510250545296e-13,7.780442956573097e-13,8.073541835074138e-13,8.173461907290402e-13,8.339995360984176e-13
84,1.8149425484541490e+00,2.4445116132751636e+11,1.1814942548454150e+00,-1.6030956129605719e-06,-1.3642319341980143e-06,-1.1302014586635010e-06,-9.0573225571188045e-07,-6.9558885838201311e-07,-5.0443106204349388e-07,-3.3688906154102073e-07,-1.9767426224475157e-07,-9.1265881705338692e-08,-2.2453195724725653e-08,-1.5663867731894554e-06,-1.3916468860763185e-06,-1.1953882567700789e-06,-9.4038711777123969e-07,-6.4860691775996984e-07,-5.5493231234516802e-07,-2.9112092475444086e-07,-2.2011804608211735e-07,-6.9116554304709600e-08,-8.4107790703749549e-08,ok,1,-1.8536283619141614e-12,-1.6009416015094757e-12,-1.6266987756807794e-12,-1.658895243394909e-12,-1.6865397967080753e-12,-1.7216228442862302e-12,-1.7384982342605326e-12,-1.7532642004880472e-12,-1.7731371926288375e-12,-1.8113288646759429e-12,-1.8536283619141614e-12
85,9.4119597641379749e-01,2.2637334475200146e+11,1.0941195976413798e+00,-1.7311162881750515e-06,-1.4731773345554981e-06,-1.2204575561145506e-06,-9.7806259833312542e-07,-7.5113748230818088e-07,-5.4471412728311838e-07,-3.6379248812543581e-07,-2.1346021557196428e-07,-9.8554230388714045e-08,-2.4246272353584757e-08,-1.6347125101516183e-06,-1.3842016415387586e-06,-1.2597272421143680e-06,-9.8518814335939056e-07,-7.3323890433857338e-07,-5.1445985494171732e-07,-3.8923289726776705e-07,-2.1409929130418752e-07,-1.4036031786427129e-07,-4.3399652335365496e-08,ok,1,2.8383961847566752e-12,2.475797344914099e-12,2.504885188159278e-12,2.5344171206143074e-12,2.5714985696367876e-12,2.6056934387952424e-12,2.660538456211725e-12,2.715827562838058e-12,2.764677375921565e-12,2.795319531401219e-12,2.8383961847566752e-12
86,8.6650400427556354e-02,2.0869279678484613e+11,1.0086650400427555e+00,-1.8777772416926349e-06,-1.5979855834652931e-06,-1.3238552712941074e-06,-1.0609245032502910e-06,-8.1477418894106396e-07,-5.9086255407999870e-07,-3.9461315196840012e-07,-2.3154466141054828e-07,-1.0690378928357318e-07,-2.6300427494348275e-08,-1.9295153777222638e-06,-1.6304784576080214e-06,-1.3203374341098110e-06,-1.1002614683780097e-06,-8.6485308317745195e-07,-6.0811319561781710e-07,-3.2542809675676014e-07,-3.0704478645251621e-07,-8.9932272426118607e-08,-3.2190904729867534e-08,ok,1,-2.958744360626042e-13,-2.958744360626042e-13,-2.843281166065026e-13,-2.738920201750261e-13,-2.566835632933362e-13,-2.4646951146678475e-13,-2.1571633368466792e-13,-1.8340884366807586e-13,-1.588729148238599e-13,-1.5420997812043424e-13,-1.4244161405940758e-13
87,-4.5639136678954123e-01,1.9745726262112439e+11,9.5436086332104586e-01,-1.9846248201029186e-06,-1.6889127105689302e-06,-1.3991840838724071e-06,-1.1212922676108731e-06,-8.6113573125095471e-07,-6.2448327951791335e-07,-4.1706707182657475e-07,-2.4471980583987728e-07,-1.1298673179355012e-07,-2.7796950578402752e-08,-1.9296911619542241e-06,-1.7344025384951166e-06,-1.3576149148516762e-06,-1.1337837864306789e-06,-8.8120869294151186e-07,-6.5340218534677164e-07,-4.5816274891615844e-07,-2.6996813406138499e-07,-1.3752334507317080e-07,-9.2350395443265980e-08,ok,1,-1.32971411659355e-12,-1.0772494007937894e-12,-1.0994538612862925e-12,-1.1325385074201222e-12,-1.1624035067825389e-12,-1.1962653090336062e-12,-1.2105871860512707e-12,-1.22291066162461e-12,-1.2417844530432376e-12,-1.2826406603494434e-12,-1.32971411659355e-12
88,1.0203514423537829e+00,2.2801107134229977e+11,1.1020351442353784e+00,-1.7186822639819908e-06,-1.4625959988337009e-06,-1.2116914212897521e-06,-9.7103750470230232e-07,-7.4574231521777883e-07,-5.4080162950150370e-07,-3.6117948943221466e-07,-2.1192700286814315e-07,-9.7846348605480492e-08,-2.4072119560316530e-08,-1.6925348764625918e-06,-1.5611352908193990e-06,-1.1872168399063479e-06,-9.6314641207412189e-07,-7.8866338782925576e-07,-4.9063238469779237e-07,-3.5819789517277096e-07,-2.1860768461899205e-07,-1.0973606114566098e-07,2.3470760206869509e-08,ok,1,-1.0355050150678835e-12,-8.748557434046234e-13,-8.928413564035509e-13,-9.188205751797796e-13,-9.401368572525826e-13,-9.667822098435863e-13,-9.696687897076117e-13,-9.704459458248493e-13,-9.782175069972254e-13,-1.0056400157054668e-12,-1.0355050150678835e-12
89,-8.9022588127405788e-01,1.8848122651643976e+11,9.1097741187259429e-01,-2.0791385516154595e-06,-1.7693437526771491e-06,-1.4658173878097665e-06,-1.1746915374649754e-06,-9.0214557375349621e-07,-6.5422302902438885e-07,-4.3692904515768970e-07,-2.5637409021168425e-07,-1.1836749571677660e-07,-2.9120723967309555e-08,-2.0642843687981819e-06,-1.7759621949440545e-06,-1.4018678629229429e-06,-1.2142918336015197e-06,-9.0753703827926855e-07,-6.6710949483639100e-07,-3.5190502377446909e-07,-3.1623429907753676e-07,-1.2626313309617379e-07,-2.7370019415709542e-08,ok,1,-5.137223979545524e-12,-4.567679567912819e-12,-4.622857652236689e-12,-4.689137966806811e-12,-4.754530102957233e-12,-4.828026867187418e-12,-4.879874282437413e-12,-4.92739182789137e-12,-4.979350265443827e-12,-5.051514762044462e-12,-5.137223979545524e-12
90,-3.5101844628565232e-01,1.9963742834634985e+11,9.6489815537143475e-01,-1.9629514743438357e-06,-1.6704687262136427e-06,-1.3839041175416261e-06,-1.1090470539227338e-06,-8.5173158984353424e-07,-6.1766353106940565e-07,-4.1251243824502099e-07,-2.4204731232254598e-07,-1.1175284593283641e-07,-2.7493390472316360e-08,-1.9509473127880086e-06,-1.6731768457928458e-06,-1.3855971052664591e-06,-1.0796798986220347e-06,-8.2497297998304279e-07,-6.3026930046088941e-07,-4.7592519908559453e-07,-1.8325957829165414e-07,-7.6422030954926572e-08,-1.0052223115242418e-07,ok,1,-3.2996938514884278e-12,-3.078870491890484e-12,-3.1082914020430508e-12,-3.146261029485231e-12,-3.177236251872273e-12,-3.2107649872159527e-12,-3.219646771412954e-12,-3.2249758419311547e-12,-3.236411139084794e-12,-3.266831249959523e-12,-3.2996938514884278e-12
91,1.8166442267091004e-01,2.1065863690506113e+11,1.0181664422670911e+00,-1.8602540587201070e-06,-1.5830733813441281e-06,-1.3115012190491564e-06,-1.0510240881328917e-06,-8.0717081785030556e-07,-5.8534869843349746e-07,-3.9093067126092598e-07,-2.2938391551469882e-07,-1.0590617645787360e-07,-2.6054995185862195e-08,-1.9009684047025279e-06,-1.5629896865588465e-06,-1.3121753761434966e-06,-9.6396080495705630e-07,-7.5200405131757334e-07,-5.7660335323641643e-07,-3.7367270792090408e-07,-3.4337748812255671e-07,-1.3549706291292187e-07,-8.8064644557302436e-08,ok,1,-2.166600232555993e-12,-2.042810365310288e-12,-2.071676163950542e-12,-2.1096457913927225e-12,-2.1399548799649892e-12,-2.166600232555993e-12,-2.1623813850624174e-12,-2.1469492850201277e-12,-2.1328494526073882e-12,-2.136069099378801e-12,-2.1362911439837262e-12
92,-4.6457594993894175e-01,1.9728792359576331e+11,9.5354240500610588e-01,-1.9863282919969059e-06,-1.6903623625659840e-06,-1.4003850518021026e-06,-1.1222547114156189e-06,-8.6187487373282799e-07,-6.2501929504294579e-07,-4.1742505487081435e-07,-2.4492985728483195e-07,-1.1308371220015256e-07,-2.7820809659257859e-08,-1.8985327333099890e-06,-1.6472346787963288e-06,-1.5183798015710140e-06,-1.1320940743342164e-06,-9.0217558866893112e-07,-6.6684982246180661e-07,-4.3037089130046028e-07,-2.6845782536277300e-07,-9.2829717801663782e-08,-4.8062493074998533e-09,ok,1,-9.924283617124274e-13,-7.586153927263695e-13,-7.770450949351471e-13,-8.030243137113757e-13,-8.291145547900669e-13,-8.636424908559093e-13,-8.788525462932739e-13,-8.926193117986259e-13,-9.124923039394162e-13,-9.502398867766715e-13,-9.924283617124274e-13
93,-6.9429770507830924e-01,1.9253498048192978e+11,9.3057022949216905e-01,-2.0353630458595272e-06,-1.7320908637010586e-06,-1.4349551360147472e-06,-1.1499588345293596e-06,-8.8315122692405192e-07,-6.4044860117308340e-07,-4.2772966307905451e-07,-2.5097622701845538e-07,-1.1587531115992934e-07,-2.8507597719130939e-08,-2.0712089215818297e-06,-1.7234585256107913e-06,-1.4367402602172486e-06,-1.1503307358741533e-06,-8.9995263018357498e-07,-6.6397912756348952e-07,-4.0136880900408468e-07,-2.2416107223441617e-07,-1.5540797454686281e-07,-4.8685867450749030e-08,ok,1,1.1286527268339341e-12,8.149037000748649e-13,8.433254095052689e-13,8.690825836765725e-13,9.00390872971002e-13,9.263700917472306e-13,9.725553695716371e-13,1.021627227260069e-12,1.0649259252204502e-12,1.0913492332065289e-12,1.1286527268339341e-12
94,-2.1486256347744845e+00,1.6244493561651593e+11,7.8513743652255163e-01,-2.4123779717742074e-06,-2.0529299935968111e-06,-1.7007551393093234e-06,-1.3629683247461147e-06,-1.0467393371961190e-06,-7.5908035211019491e-07,-5.0695900133641111e-07,-2.9746512433236241e-07,-1.3733915857577705e-07,-3.3788124878113482e-08,-2.3943885822902424e-06,-2.0346701392740698e-06,-1.7165082867281421e-06,-1.3185114117750262e-06,-1.0540629038736355e-06,-7.5691242759852511e-07,-5.1696197834689538e-07,-2.8367593826720411e-07,-1.6029218315824600e-07,-7.7286176118426784e-08,ok,1,-9.913181386878023e-13,-8.254508188088039e-13,-8.47211190091457e-13,-8.777423232686488e-13,-9.052758542793526e-13,-9.35473920549157e-13,-9.412470802772077e-13,-9.412470802772077e-13,-9.459100169806334e-13,-9.685585666829866e-13,-9.913181386878023e-13
95,8.0455500833971438e-01,2.2354624312254871e+11,1.0804555008339716e+00,-1.7530090366715071e-06,-1.4918080303073133e-06,-1.2358922039824878e-06,-9.9043177227316212e-07,-7.6063682333947029e-07,-5.5160291313321946e-07,-3.6839322898938662e-07,-2.1615976316753630e-07,-9.9800607072844541e-08,-2.4552905447052787e-08,-1.7711960083201156e-06,-1.5061331618745585e-06,-1.3213943659137067e-06,-1.0009985281829242e-06,-7.7793002630488185e-07,-5.1329221784789529e-07,-3.5207118616146133e-07,-1.7026895786605993e-07,-1.4903870721147515e-07,-3.2249644707875129e-08,ok,1,-2.8699265186560297e-13,-2.353672812205332e-13,-2.452482661396971e-13,-2.617905892066119e-13,-2.73225886360251e-13,-2.8699265186560297e-13,-2.765565554341265e-13,-2.653433028854124e-13,-2.609024107869118e-13,-2.744471316873387e-13,-2.864375403532904e-13
96,-1.3773960542190915e+00,1.7840167563820700e+11,8.6226039457809089e-01,-2.1966082039636902e-06,-1.8693102485848881e-06,-1.5486348887495452e-06,-1.2410606625122852e-06,-9.5311607152741299e-07,-6.9118610285052763e-07,-4.6161518403765578e-07,-2.7085901966725377e-07,-1.2505516381879299e-07,-3.0766021399723830e-08,-2.2057700951394612e-06,-1.7921886380951384e-06,-1.5731239215310556e-06,-1.1833939946115245e-06,-9.3563942356996397e-07,-6.5534104454711649e-07,-5.1068138563083664e-07,-2.2724608392599988e-07,-7.4177671027214231e-08,-2.0822653589548979e-08,ok,1,-3.6193270602780103e-13,-3.346212196220222e-13,-3.4094949086238557e-13,-3.510525203864745e-13,-3.5504932327512506e-13,-3.6193270602780103e-13,-3.462785613805863e-13,-3.270717030545711e-13,-3.12194714524594e-13,-3.1541436129600697e-13,-3.133049375492192e-13
97,1.1553976986063019e+00,2.3080517838416440e+11,1.1155397698606302e+00,-1.6978760487549107e-06,-1.4448899412454208e-06,-1.1970227922891879e-06,-9.5928221069603590e-07,-7.3671442481615763e-07,-5.3425473288515189e-07,-3.5680708253054738e-07,-2.0936143334632615e-07,-9.6661829377602256e-08,-2.3780704613499920e-08,-1.7222072204473784e-06,-1.4392346494816584e-06,-1.1891584254011421e-06,-9.6639059380381653e-07,-6.9961794276928158e-07,-5.1948570812646053e-07,-4.0682401011524818e-07,-1.9245314991150207e-07,-6.6165439385103002e-08,-1.0667355446013530e-07,ok,1,-2.4442670110147446e-12,-2.063238468963391e-12,-2.089550754647007e-12,-2.12674322597195e-12,-2.1656010318338303e-12,-2.2162272017567375e-12,-2.249089803285642e-12,-2.2801760479751465e-12,-2.319477943046877e-12,-2.3770985180249227e-12,-2.4442670110147446e-12
98,1.4311089374596797e+00,2.3650964391604077e+11,1.1431108937459680e+00,-1.6569243343296014e-06,-1.4100400944069420e-06,-1.1681513469405962e-06,-9.3614492033001560e-07,-7.1894533103571400e-07,-5.2136884096899049e-07,-3.4820111759025045e-07,-2.0431176577121710e-07,-9.4330406164856079e-08,-2.3207128806915520e-08,-1.6414424107027082e-06,-1.3646745598378767e-06,-1.1574589513236549e-06,-9.5293096648309117e-07,-6.9311259529569045e-07,-5.1812551422330539e-07,-3.5432072196260936e-07,-1.4657855268061127e-07,-1.0751047165365391e-07,-1.0831029029550153e-09,ok,1,7.098766019453251e-13,5.897504706808832e-13,5.857536677922326e-13,5.779821066198565e-13,5.81534820298657e-13,5.857536677922326e-13,6.157296894571118e-13,6.501466032204917e-13,6.799005802804459e-13,6.914468997365475e-13,7.098766019453251e-13
99,1.4695156291716838e+00,2.3730427836756213e+11,1.1469515629171683e+00,-1.6513759760450267e-06,-1.4053184499255186e-06,-1.1642396884121734e-06,-9.3301015592554559e-07,-7.1653787874543962e-07,-5.1962299110241744e-07,-3.4703513522438273e-07,-2.0362760967867984e-07,-9.4014532422365470e-08,-2.3129417675089503e-08,-1.6784788407209081e-06,-1.4241114244101867e-06,-1.2162834012767300e-06,-9.9518686274892049e-07,-7.1704473021141553e-07,-5.1797453262436969e-07,-3.5868279740320670e-07,-2.3611058704633715e-07,-1.0843101961631587e-07,-7.6645695885849174e-08,ok,1,2.8541613517063524e-12,2.5714985696367876e-12,2.594369163944066e-12,2.6134649999676185e-12,2.6403323971635473e-12,2.6647573037053007e-12,2.7118307599494074e-12,2.7620128406624644e-12,2.8042013155982204e-12,2.8248514638562483e-12,2.8541613517063524e-12
100,-6.5997549537144107e-01,1.9324510700076489e+11,9.3400245046285590e-01,-2.0278836053814475e-06,-1.7257258712029171e-06,-1.4296820415902742e-06,-1.1457330288810585e-06,-8.7990587123736452e-07,-6.3809511578291355e-07,-4.2615786557466589e-07,-2.5005395334574655e-07,-1.1544949892236775e-07,-2.8402839562703758e-08,-2.0207757520425807e-06,-1.6718303393869887e-06,-1.3958551648598509e-06,-1.1709459947791391e-06,-9.0863115779489110e-07,-6.4227897704388324e-07,-4.3572930194722843e-07,-1.6227638441013894e-07,-1.0810410592011718e-07,-4.0036638434760294e-08,ok,1,-2.393973907999225e-12,-2.1719293030741937e-12,-2.2041257707883233e-12,-2.2426505097428162e-12,-2.271849375290458e-12,-2.301825396955337e-12,-2.3058221998439876e-12,-2.3088198020104755e-12,-2.3211432775838148e-12,-2.3548940575324195e-12,-2.393973907999225e-12
101,-8.9605936553023269e-01,1.8836053172717947e+11,9.1039406344697671e-01,-2.0804707903154088e-06,-1.7704774857893790e-06,-1.4667566319258760e-06,-1.1754442383975773e-06,-9.0272363683904970e-07,-6.5464223208186535e-07,-4.3720901388931212e-07,-2.5653836569223274e-07,-1.1844334143591552e-07,-2.9139383500806020e-08,-2.1180043196424961e-06,-1.7538943337153495e-06,-1.4406145255273033e-06,-1.1642646015614950e-06,-8.3897127555081750e-07,-6.8416220657829021e-07,-4.6413078344887298e-07,-2.6207926982787827e-07,-9.0175017186439304e-08,-6.9507640550971169e-08,ok,1,-3.5278446830488974e-12,-3.088085342994873e-12,-3.1297187064183163e-12,-3.1824543000880112e-12,-3.2357450052700187e-12,-3.2963631824145523e-12,-3.333999742949345e-12,-3.368416656712725e-12,-3.407385484877068e-12,-3.463340725318176e-12,-3.5278446830488974e-12
102,-3.0428017716367467e-01,2.0060444313448358e+11,9.6957198228363262e-01,-1.9534890562952966e-06,-1.6624162228120388e-06,-1.3772330003641344e-06,-1.1037008866859825e-06,-8.4762581317338731e-07,-6.1468608072461755e-07,-4.1052391983703687e-07,-2.4088052196296297e-07,-1.1121414074318518e-07,-2.7360858436959611e-08,-1.9618188491981762e-06,-1.6844665326740382e-06,-1.3356744432164901e-06,-1.0508138149859987e-06,-9.0992336780585510e-07,-6.4704556419361375e-07,-4.2459120431829528e-07,-2.7561741030791030e-07,-9.1108989029604488e-08,-2.0325134398382337e-08,ok,1,-1.1739498262386405e-12,-1.1739498262386405e-12,-1.17039711255984e-12,-1.1689538226278273e-12,-1.1576295477766507e-12,-1.152522521863375e-12,-1.1254330800625212e-12,-1.0912382109040664e-12,-1.0615952561465747e-12,-1.0504930259003231e-12,-1.032396390598933e-12
103,-2.7737048235455408e-01,2.0116120472008429e+11,9.7226295176454469e-01,-1.9480823096858224e-06,-1.6578150896513065e-06,-1.3734211797496937e-06,-1.1006461313970461e-06,-8.4527980669009934e-07,-6.1298479047586839e-07,-4.0938769703390514e-07,-2.4021382770068981e-07,-1.1090632909900566e-07,-2.7285130739337358e-08,-1.9381304736418299e-06,-1.6167007651683478e-06,-1.2864377696331480e-06,-1.1180433313833981e-06,-8.5352758462439570e-07,-5.7219380877617757e-07,-3.7325677623834702e-07,-2.0239295447182104e-07,-1.7099418527831945e-07,-3.1350871466785526e-08,ok,1,6.690425990996118e-12,6.120659534758488e-12,6.178391132038996e-12,6.23900930918353e-12,6.306954958290589e-12,6.370237670694223e-12,6.449063505442609e-12,6.52322640348757e-12,6.586953205101054e-12,6.63091803687621e-12,6.690425990996118e-12
104,-1.3461476626813651e+00,1.7904820485912256e+11,8.6538523373186349e-01,-2.1886764216236998e-06,-1.8625603138487712e-06,-1.5430428879369685e-06,-1.2365792884430503e-06,-9.4967444310675487e-07,-6.8869028328923219e-07,-4.5994832730927947e-07,-2.6988096869540584e-07,-1.2460359929398517e-07,-3.0654927675889297e-08,-2.1778370428173754e-06,-1.7889941975192496e-06,-1.5507506930085203e-06,-1.1417583768464203e-06,-9.1925610410998833e-07,-6.6284438028599049e-07,-4.3005855015193617e-07,-3.1376670744201610e-07,-1.2323759101504130e-07,-5.2082673067026798e-08,ok,1,3.79452025356386e-12,3.382849556032852e-12,3.404609927315505e-12,3.425260075573533e-12,3.4581226771024376e-12,3.4945379923101427e-12,3.5575986601088516e-12,3.6257663538208362e-12,3.68860497701462e-12,3.733235942604551e-12,3.79452025356386e-12
105,-1.2588018125234166e+00,1.8085539049889050e+11,8.7411981874765832e-01,-2.1668062158791104e-06,-1.8439488019444664e-06,-1.5276241329767781e-06,-1.2242228509217774e-06,-9.4018488345495815e-07,-6.8180859075517054e-07,-4.5535232378357919e-07,-2.6718420079779140e-07,-1.2335850599181901e-07,-3.0348610319535858e-08,-2.0967602557022876e-06,-1.8201687824984289e-06,-1.4653662902606594e-06,-1.2200777253895625e-06,-9.6138247817532289e-07,-6.7261907172590868e-07,-4.6060088513053340e-07,-2.3249447843859258e-07,-4.7147633813021026e-08,-1.6786631361386357e-08,ok,1,9.030554082301023e-13,9.030554082301023e-13,8.899547765395255e-13,8.690825836765725e-13,8.557599073810707e-13,8.419931418757187e-13,8.570921750106208e-13,8.79296635503124e-13,8.961720254774264e-13,8.950618024528012e-13,8.981704269217516e-13
106,1.1541342371827477e+00,2.3077903736731104e+11,1.1154134237182747e+00,-1.6980683721454558e-06,-1.4450536081589591e-06,-1.1971583825651418e-06,-9.5939087140033900e-07,-7.3679787461579930e-07,-5.3431524948279560e-07,-3.5684749911335906e-07,-2.0938514832880408e-07,-9.6672778546003549e-08,-2.3783398323532655e-08,-1.7180024380782540e-06,-1.4426883554165352e-06,-1.1885044277116085e-06,-9.6242260122209333e-07,-7.1631777361268383e-07,-5.0953911639025875e-07,-3.0687499129708304e-07,-2.2901670933675658e-07,-1.2028181421570830e-07,2.8113978523204366e-09,ok,1,-9.475753515175711e-13,-7.16315895488151e-13,-7.404077351225169e-13,-7.732703366514215e-13,-8.024692021990631e-13,-8.36664071357518e-13,-8.492095915357822e-13,-8.578693311278585e-13,-8.730793865652231e-13,-9.07496300328603e-13,-9.475753515175711e-13
107,5.1071431575297685e-02,2.0795666791929291e+11,1.0051071431575298e+00,-1.8844242323604717e-06,-1.6036421624379267e-06,-1.3285414787091961e-06,-1.0646799834616216e-06,-8.1765834170963700e-07,-5.9295410029530980e-07,-3.9601001091439684e-07,-2.3236428749264853e-07,-1.0728220929740315e-07,-2.6393526234841836e-08,-1.8259510838088376e-06,-1.5817498003868461e-06,-1.2867682480912440e-06,-1.0708308489538701e-06,-8.9683542659448182e-07,-6.2563663164756843e-07,-3.9814538547435358e-07,-2.2572745761634330e-07,-1.2035627858185202e-07,-5.6587964599528145e-08,ok,1,8.677503160470224e-13,4.318767565791859e-13,4.489741911584133e-13,4.725109192804666e-13,5.10924635932497e-13,5.502265310042276e-13,6.157296894571118e-13,6.892264536872972e-13,7.573941473992818e-13,8.051337374581635e-13,8.677503160470224e-13
108,-2.1663896947876693e-01,2.0241773972148431e+11,9.7833610305212326e-01,-1.9359893300286236e-06,-1.6475239823120883e-06,-1.3648954853757886e-06,-1.0938137243623298e-06,-8.4003262003054376e-07,-6.0917960597997705e-07,-4.0684636853478000e-07,-2.3872266846301785e-07,-1.1021786333191922e-07,-2.7115754666599369e-08,-1.9506031145648550e-06,-1.6552659083568883e-06,-1.3418075064233104e-06,-9.9795006942042274e-07,-8.2291558041158386e-07,-6.6190495961698563e-07,-3.9724088270211381e-07,-2.1406746551343071e-07,-1.0018972029854205e-07,-7.3111825602628023e-08,ok,1,3.998801290094889e-12,3.6206593279075605e-12,3.660183267584216e-12,3.696376538186996e-12,3.739009102332602e-12,3.775424417540307e-12,3.831379657981415e-12,3.887556943027448e-12,3.934186310061705e-12,3.9610537072576335e-12,3.998801290094889e-12
109,5.4396582361663426e-01,2.1815465289062817e+11,1.0543965823616634e+00,-1.7963338352677303e-06,-1.5286773681745463e-06,-1.2664367018739312e-06,-1.0149098303775557e-06,-7.7943560673808343e-07,-5.6523552118987843e-07,-3.7749789537524849e-07,-2.2150205063326940e-07,-1.0226713240774501e-07,-2.5159719023712732e-08,-1.8256989080230243e-06,-1.5175992345584705e-06,-1.2856811398212191e-06,-1.0330898733061809e-06,-7.7793019961486456e-07,-5.8797745634583475e-07,-3.8594861416216672e-07,-1.9646924048534115e-07,-5.3858088036369106e-08,-1.8877010523995331e-08,ok,1,1.894706613825292e-12,1.624700374236454e-12,1.637801005927031e-12,1.6477930131486573e-12,1.6637802247032596e-12,1.6795453916529368e-12,1.7217338665886928e-12,1.772582081116525e-12,1.8212098495951068e-12,1.8529622280993863e-12,1.894706613825292e-12
110,1.1746076875161213e+00,2.3120263305470856e+11,1.1174607687516123e+00,-1.6949572724607748e-06,-1.4424060670479279e-06,-1.1949650203145772e-06,-9.5763313261534981e-07,-7.3544795745535749e-07,-5.3333630892230870e-07,-3.5619370438989213e-07,-2.0900152533723061e-07,-9.6495660441857573e-08,-2.3739823798372657e-08,-1.6643699562405033e-06,-1.3920033362693146e-06,-1.2196015543359486e-06,-8.9851122747939536e-07,-6.9554256335110720e-07,-5.9580506893295389e-07,-3.0474189302180988e-07,-2.1168056545150428e-07,-8.0120180818419919e-08,-7.4969989872844452e-08,ok,1,9.483525076348087e-13,6.94999613415348e-13,7.08988423525625e-13,7.218670106112768e-13,7.416289804496046e-13,7.573941473992818e-13,7.973621762857874e-13,8.444356325298941e-13,8.875122858853501e-13,9.130474154517287e-13,9.483525076348087e-13
111,-3.1322152710700774e-01,2.0041944660415601e+11,9.6867784728929918e-01,-1.9552922181278817e-06,-1.6639507107954760e-06,-1.3785042508850882e-06,-1.1047196542632044e-06,-8.4840821147207076e-07,-6.1525346474745578e-07,-4.1090285262954896e-07,-2.4110286595908707e-07,-1.1131679660043207e-07,-2.7386113789910085e-08,-2.0082330957621005e-06,-1.6585238004200024e-06,-1.3961361427256500e-06,-1.1061394298818588e-06,-8.0933142285262176e-07,-6.8350044188644995e-07,-3.5113850567913824e-07,-2.5128213120538406e-07,-9.8995788907531674e-08,4.4091604548291747e-08,ok,1,-3.855471497615781e-12,-3.2742697442245117e-12,-3.3274494271040567e-12,-3.3955060985135788e-12,-3.4671154836019014e-12,-3.546274385257675e-12,-3.602451670303708e-12,-3.6520786395044524e-12,-3.704259121661835e-12,-3.773870105305832e-12,-3.855471497615781e-12
112,-6.8250956167293242e-01,1.9277887716898703e+11,9.3174904383270674e-01,-2.0327879800049292e-06,-1.7298994865659698e-06,-1.4331396839845218e-06,-1.1485039492521150e-06,-8.8203389673874859e-07,-6.3963832935050795e-07,-4.2718851536938923e-07,-2.5065870120213117e-07,-1.1572871001285609e-07,-2.8471530963544600e-08,-2.0218694338089013e-06,-1.7362680486825029e-06,-1.4403826328061036e-06,-1.1520243022755394e-06,-8.9742069798218519e-07,-6.1130281277198902e-07,-3.9104283654946440e-07,-2.9273614597597810e-07,-1.1373059078028748e-07,1.3867276279350834e-08,ok,1,1.9806378759312793e-13,1.9806378759312793e-13,1.91402449445377e-13,1.7696955012524995e-13,1.645350522494482e-13,1.4721557306529576e-13,1.5187850976872141e-13,1.6253665080512292e-13,1.7053025658242404e-13,1.5765166949677223e-13,1.438849039914203e-13
113,1.8572081645329555e-01,2.1074256369241867e+11,1.0185720816453294e+00,-1.8595132252514122e-06,-1.5824429331864344e-06,-1.3109789226496309e-06,-1.0506055249710592e-06,-8.0684936758721881e-07,-5.8511558731383663e-07,-3.9077498579219151e-07,-2.2929256493764456e-07,-1.0586400004671768e-07,-2.6044618962053381e-08,-1.9124063762026229e-06,-1.5659939262245109e-06,-1.2661322923324618e-06,-1.0262742794932453e-06,-8.0824897976095910e-07,-5.6398621368177765e-07,-3.9991324636383168e-07,-1.7428050731110295e-07,-1.1959486042318979e-07,-4.1079371832833104e-08,ok,1,4.022338018216942e-12,3.9674930008004594e-12,3.985034524589537e-12,3.9963587994407135e-12,4.005240583637715e-12,3.999245379304739e-12,4.008349208106665e-12,4.0178971261184415e-12,4.022338018216942e-12,4.008349208106665e-12,3.994360397996388e-12
114,9.9017292485319752e-01,2.2738667781521265e+11,1.0990172924853197e+00,-1.7234016877035038e-06,-1.4666122212597742e-06,-1.2150186711000556e-06,-9.7370392974794730e-07,-7.4779008986835913e-07,-5.4228664630326461e-07,-3.6217127196576693e-07,-2.1250894482769976e-07,-9.8115030250915437e-08,-2.4138220511294463e-08,-1.6982183515211621e-06,-1.4804883012138367e-06,-1.2816338330935998e-06,-9.3578306118345513e-07,-7.8829282869034367e-07,-5.5623009202085360e-07,-3.4029423438106254e-07,-2.0976917956497618e-07,-4.5377416355703661e-08,2.3488557936170897e-08,ok,1,3.6859404417555197e-13,3.6859404417555197e-13,3.5571545708990016e-13,3.3306690738754696e-13,3.1308289294429414e-13,2.8399504969911504e-13,2.7333690866271354e-13,2.617905892066119e-13,2.4291679778798425e-13,2.0450308113595383e-13,1.6120438317557273e-13
115,1.2350018417478250e+00,2.3245218810576251e+11,1.1235001841747825e+00,-1.6858459690231354e-06,-1.4346523616473891e-06,-1.1885414431103917e-06,-9.5248534146158061e-07,-7.3149453065703294e-07,-5.3046934051912087e-07,-3.5427897239280507e-07,-2.0787803016291396e-07,-9.5976944568017881e-08,-2.3612209526497492e-08,-1.7490963085485846e-06,-1.4941926114138844e-06,-1.2332951771885913e-06,-9.9000422840318952e-07,-7.0109544714638926e-07,-5.5379723866007629e-07,-3.5926385835843980e-07,-1.7359437013530312e-07,-9.7599067371894505e-08,5.0561929882334627e-09,ok,1,2.311484337269576e-12,2.0963231150972206e-12,2.1118662374419728e-12,2.1247448245276246e-12,2.1460611066004276e-12,2.163602630389505e-12,2.2022383916464605e-12,2.240652108298491e-12,2.2726265314076954e-12,2.2881696537524476e-12,2.311484337269576e-12
116,-2.3486522567139143e-01,2.0204063848085892e+11,9.7651347743286088e-01,-1.9396027811674913e-06,-1.6505990237482694e-06,-1.3674430113713908e-06,-1.0958552864649488e-06,-8.4160050926406979e-07,-6.1031661676106824e-07,-4.0760573195191549e-07,-2.3916823532874973e-07,-1.1042358082086234e-07,-2.7166365200970439e-08,-1.9448270195136381e-06,-1.7092334192427485e-06,-1.3438205553373591e-06,-1.0713712351384388e-06,-8.1987569422876412e-07,-6.0332287808392179e-07,-4.0120454297016002e-07,-2.5897910387763178e-07,-1.1526569879508468e-07,-2.7286151642004184e-08,ok,1,-4.578781798159071e-12,-3.9711567367817224e-12,-4.042766121870045e-12,-4.125921826414469e-12,-4.20408152734808e-12,-4.284350652028479e-12,-4.338640557932649e-12,-4.385936058781681e-12,-4.435118938772575e-12,-4.50151027564516e-12,-4.578781798159071e-12
117,-4.4928198675907249e-01,1.9760435569395480e+11,9.5507180132409286e-01,-1.9831475016358625e-06,-1.6876555147950401e-06,-1.3981425567963601e-06,-1.1204575981271954e-06,-8.6049471754122468e-07,-6.2401842557082895e-07,-4.1675661471605622e-07,-2.4453764088623925e-07,-1.1290262653412084e-07,-2.7776259036108727e-08,-2.0342755367057702e-06,-1.7033447660772257e-06,-1.4452534401248787e-06,-1.1407848474294475e-06,-7.9202102169291606e-07,-6.0774110547195718e-07,-4.2313727301368151e-07,-2.7345417292201770e-07,-7.3822451523299660e-08,4.8414603533992132e-08,ok,1,-2.7747804054456537e-12,-2.6922908347160046e-12,-2.721045611053796e-12,-2.7535751456753133e-12,-2.768785201112678e-12,-2.7747804054456537e-12,-2.750466521206363e-12,-2.7196023211217835e-12,-2.6948443476726425e-12,-2.690625500179067e-12,-2.6838531397288534e-12
118,-1.3925232292271637e+00,1.7808869438728998e+11,8.6074767707728361e-01,-2.2004686241128655e-06,-1.8725954602743189e-06,-1.5513565308328123e-06,-1.2432417595233166e-06,-9.5479112148879310e-07,-6.9240082505435395e-07,-4.6242644776441729e-07,-2.7133503974918433e-07,-1.2527494150757365e-07,-3.0820091018841169e-08,-2.1703937099448559e-06,-1.7984078817415961e-06,-1.5261327913809788e-06,-1.2598274369726615e-06,-9.2025855546320506e-07,-7.5133874806263477e-07,-4.5428526992408438e-07,-3.0910661578580199e-07,-1.7115955979959015e-07,-1.1411055410543655e-07,ok,1,1.7272849817118185e-12,1.4563905637032803e-12,1.4657164371101317e-12,1.4730439090726577e-12,1.4950263249602358e-12,1.5194512315019892e-12,1.568078999980571e-12,1.6198153929281034e-12,1.6646684031229597e-12,1.6910917111090384e-12,1.7272849817118185e-12
119,-2.5872797776260514e-01,2.0154691814009171e+11,9.7412720222373950e-01,-1.9443541381015108e-06,-1.6546424212898090e-06,-1.3707927744761451e-06,-1.0985397534418522e-06,-8.4366213984869880e-07,-6.1181168168746796e-07,-4.0860422522067630e-07,-2.3975411490393689e-07,-1.1069408045696022e-07,-2.7232913413285452e-08,-1.9487557513814189e-06,-1.5645185466005580e-06,-1.3731036468782217e-06,-1.0779331348120935e-06,-8.2243132906212880e-07,-6.1263050565797877e-07,-4.5064034292916448e-07,-2.5329978925897408e-07,-1.3700163751599614e-07,-4.1309919458460416e-08,ok,1,-1.7740253710485376e-12,-1.5109025142123755e-12,-1.531441640167941e-12,-1.5611956172278951e-12,-1.5901724381706117e-12,-1.628364110217717e-12,-1.646016656309257e-12,-1.6611156894441592e-12,-1.6827650384243498e-12,-1.7256196471748808e-12,-1.7740253710485376e-12
120,-9.4641476691909171e-02,2.0494186784724438e+11,9.9053585233080899e-01,-1.9121450800888422e-06,-1.6272325617929543e-06,-1.3480850057980283e-06,-1.0803419725158715e-06,-8.2968651561809791e-07,-6.0167675947243249e-07,-4.0183552144582331e-07,-2.3578248543361816e-07,-1.0886038566382677e-07,-2.6781788553478141e-08,-1.8967798539779045e-06,-1.6443113760625835e-06,-1.3450158061882706e-06,-1.1285670562826767e-06,-7.9187993808224675e-07,-6.4650953569348868e-07,-3.4941698362639296e-07,-3.4632161409499811e-07,-9.8408134943712295e-08,-5.6326828385794626e-08,ok,1,1.1624035067825389e-12,1.1231016117108084e-12,1.120215031846783e-12,1.1113332476497817e-12,1.1084466677857563e-12,1.1040057756872557e-12,1.1239897901305085e-12,1.1466383398328617e-12,1.1624035067825389e-12,1.1590728377086634e-12,1.1610712391529887e-12
121,-1.5960182304235828e+00,1.7387838281253607e+11,8.4039817695764174e-01,-2.2537510297194127e-06,-1.9179387065983579e-06,-1.5889212600048880e-06,-1.2733457614492204e-06,-9.7791054580025663e-07,-7.0916669992244401e-07,-4.7362369606103528e-07,-2.7790517825733778e-07,-1.2830836364894805e-07,-3.1566372321156690e-08,-2.2909361708290683e-06,-1.9241758395849401e-06,-1.5197434771541978e-06,-1.3190466042724514e-06,-9.8142163327009091e-07,-6.6274370529188518e-07,-5.2316785597882290e-07,-2.3001400797312644e-07,-1.5076625715636855e-07,-8.8067792919087160e-09,ok,1,5.054179297303563e-12,4.6278536558475025e-12,4.673594844462059e-12,4.71600536400274e-12,4.761302463407446e-12,4.798605957034852e-12,4.8552273312907346e-12,4.916511642250043e-12,4.971578704271451e-12,5.006439707244681e-12,5.054179297303563e-12
122,2.6302459172573717e-01,2.1234197880280551e+11,1.0263024591725738e+00,-1.8455068871357489e-06,-1.5705235607023008e-06,-1.3011042878238294e-06,-1.0426920904178510e-06,-8.0077196792302184e-07,-5.8070834425622873e-07,-3.8783156678140199e-07,-2.2756547359555581e-07,-1.0506660481513501e-07,-2.5848444106017049e-08,-1.8386495944087239e-06,-1.5770100476026966e-06,-1.3481194891931529e-06,-1.0651646253367327e-06,-8.7304165119628278e-07,-5.8535514149424452e-07,-4.1154026132662055e-07,-2.8222208001923699e-07,-8.6791248658105861e-08,8.2385657579761237e-09,ok,1,2.184474823252458e-12,1.849853603630436e-12,1.8700596626786137e-12,1.892264123171117e-12,1.9271251261443467e-12,1.964206575166827e-12,2.0232704400768853e-12,2.0798918143327683e-12,2.1249668691325496e-12,2.149613820279228e-12,2.184474823252458e-12
123,7.4146011023203728e-01,2.2224080968070087e+11,1.0741460110232037e+00,-1.7633061401733808e-06,-1.5005708497632488e-06,-1.2431517843242336e-06,-9.9624952806177726e-07,-7.6510477298112254e-07,-5.5484300612167386e-07,-3.7055715577407377e-07,-2.1742947679004848e-07,-1.0038683176368541e-07,-2.4697128211092668e-08,-1.7523388667369931e-06,-1.5000411870151914e-06,-1.2509158683269830e-06,-9.6481843726555555e-07,-7.3650923667809350e-07,-5.8858262062231333e-07,-3.6082176065819204e-07,-2.8061164385291485e-07,-6.5960958436739370e-08,-3.0932890394874717e-08,ok,1,-2.1994628340848976e-12,-2.047362279711251e-12,-2.0667911826421914e-12,-2.0937696021405827e-12,-2.1144197503986106e-12,-2.138844656940364e-12,-2.141398169897002e-12,-2.140509991477302e-12,-2.1460611066004276e-12,-2.171152146956956e-12,-2.1994628340848976e-12
124,-6.9219101046281328e-01,1.9257856799352438e+11,9.3078089895371863e-01,-2.0349023694137555e-06,-1.7316988287446903e-06,-1.4346303536456721e-06,-1.1496985571553398e-06,-8.8295133778426890e-07,-6.4030364443626127e-07,-4.2763285234967536e-07,-2.5091942199954953e-07,-1.1584908437614047e-07,-2.8501145416268679e-08,-1.9949976242240510e-06,-1.6086974428275933e-06,-1.3955441265302075e-06,-1.1492782827171669e-06,-8.9262915449311635e-07,-5.9639008739552368e-07,-4.1242577439456226e-07,-2.8234592043191661e-07,-1.6807609950780900e-07,-9.2441895966523479e-08,ok,1,1.2594369991347776e-12,1.135314064981685e-12,1.1541878564003127e-12,1.1686207557204398e-12,1.1872725025341424e-12,1.1994849558050191e-12,1.2252421299763228e-12,1.2470025012589758e-12,1.2594369991347776e-12,1.2518874825673265e-12,1.2456702336294256e-12
125,1.9966246349607277e+00,2.4821016369733746e+11,1.1996624634960729e+00,-1.5788176377175897e-06,-1.3435714141039991e-06,-1.1130851975925597e-06,-8.9201545360519756e-07,-6.8505455902600479e-07,-4.9679173926249302e-07,-3.3178706748046365e-07,-1.9468059748375644e-07,-8.9883711609745769e-08,-2.2113154790463862e-08,-1.5336500413282441e-06,-1.3371351945023192e-06,-1.1393211429548967e-06,-9.2321818061748606e-07,-7.4166016125061104e-07,-4.6827945150683982e-07,-3.9581940886440123e-07,-2.0823145909492156e-07,-4.2537175259358158e-08,-5.2012014809055028e-08,ok,1,-5.062839036895639e-12,-4.489297822374283e-12,-4.54036808150704e-12,-4.6028736377934365e-12,-4.664491015660133e-12,-4.735212222328755e-12,-4.789058039023075e-12,-4.8401282981558325e-12,-4.895750471689553e-12,-4.9714676819689885e-12,-5.062839036895639e-12
126,2.0525974251206680e-01,2.1114682407257468e+11,1.0205259742512067e+00,-1.8559530129253139e-06,-1.5794131978988749e-06,-1.3084689306492791e-06,-1.0485940422403255e-06,-8.0530457886237433e-07,-5.8399532869018831e-07,-3.9002681046198969e-07,-2.2885356283483704e-07,-1.0566131349800464e-07,-2.5994754098381854e-08,-1.8664336709571489e-06,-1.6050397187863807e-06,-1.3720154404886087e-06,-1.0906518537687768e-06,-7.9873932025238732e-07,-5.7606486104613480e-07,-3.8386500014293530e-07,-2.2920835221235977e-07,-1.4433202736042829e-07,6.3911370267792604e-08,ok,1,-2.279842981067759e-12,-1.989630682430743e-12,-2.0230483954719602e-12,-2.0663470934323414e-12,-2.103317520152359e-12,-2.144173727458565e-12,-2.1596058275008545e-12,-2.1719293030741937e-12,-2.1931345628445342e-12,-2.23399077015074e-12,-2.279842981067759e-12
127,-1.2473938268620587e-01,2.0431914217222241e+11,9.8752606173137947e-01,-1.9179729326466323e-06,-1.6321920554768473e-06,-1.3521937111107221e-06,-1.0836346482617760e-06,-8.3221524146248112e-07,-6.0351055518080308e-07,-4.0306023927494285e-07,-2.3650110536214962e-07,-1.0919217130270197e-07,-2.6863414323689945e-08,-1.8692952665760534e-06,-1.5873223821314548e-06,-1.3480668449632254e-06,-1.0941419868990692e-06,-7.9115263275039544e-07,-6.6454481153605325e-07,-4.4522724853669468e-07,-2.5670507621585603e-07,-8.0828578133617469e-08,-6.1758972449226896e-08,ok,1,4.707345624410664e-14,4.0190073491430667e-14,4.463096558993129e-14,4.529709940470639e-14,4.707345624410664e-14,3.4861002973229915e-14,3.6193270602780103e-14,3.6415315207705135e-14,3.241851231905457e-14,1.0880185641326534e-14,-1.1546319456101628e-14
128,2.9872407738863133e-01,2.1308060116117078e+11,1.0298724077388630e+00,-1.8391096241232353e-06,-1.5650794995854437e-06,-1.2965941413735896e-06,-1.0390777037200985e-06,-7.9799617286770723e-07,-5.7869537750022804e-07,-3.8648718787143827e-07,-2.2677664089202872e-07,-1.0470240205354271e-07,-2.5758843088235874e-08,-1.8700629943833857e-06,-1.5657828872305492e-06,-1.2719389047020596e-06,-1.0337198557791732e-06,-7.6433161937562614e-07,-5.0690824584117436e-07,-4.5794208624542608e-07,-1.6353301124856597e-07,-6.6741605259307093e-08,2.5574306679983938e-08,ok,1,4.405809050922471e-12,4.052091995276896e-12,4.0769609910285e-12,4.098721362311153e-12,4.127587160951407e-12,4.160449762480312e-12,4.219735671995295e-12,4.279021581510278e-12,4.3292036622233354e-12,4.360956040727615e-12,4.405809050922471e-12
129,3.4983185801357575e-01,2.1413802114230087e+11,1.0349831858013576e+00,-1.8300280455468265e-06,-1.5573510899966861e-06,-1.2901915205497893e-06,-1.0339467068020030e-06,-7.9405564379177832e-07,-5.7583776234028959e-07,-3.8457870252641851e-07,-2.2565681102620285e-07,-1.0418537844660237e-07,-2.5631645147186219e-08,-1.8265475878750682e-06,-1.5668816704488436e-06,-1.3429005648535627e-06,-9.9299670009422919e-07,-8.4744283084606253e-07,-6.1241671027791586e-07,-4.6619992498069604e-07,-1.7320181737049053e-07,-1.1959540865859663e-07,-3.5768239228383045e-08,ok,1,1.226352353000948e-12,1.0820233597996776e-12,1.0937917238607042e-12,1.1002310174035301e-12,1.1115552922547067e-12,1.1175504965876826e-12,1.1455281168082365e-12,1.1757261830780408e-12,1.2001510896197942e-12,1.2090328738167955e-12,1.226352353000948e-12
130,-4.9109781430398214e-01,1.9673918622205060e+11,9.5089021856960176e-01,-1.9918684824886738e-06,-1.6950770562680945e-06,-1.4042909519394821e-06,-1.1253848611025201e-06,-8.6427878198884969e-07,-6.2676257482670569e-07,-4.1858932078252875e-07,-2.4561300622442438e-07,-1.1339912094178217e-07,-2.7898406391756960e-08,-2.0110438421719057e-06,-1.6868942639960453e-06,-1.4607386347580289e-06,-1.1441440475058337e-06,-9.0149566371225667e-07,-6.5498993935540931e-07,-3.8966003272973251e-07,-2.1947441896063410e-07,-1.3593304031680119e-07,3.0295999180148130e-08,ok,1,-4.93138863078002e-12,-4.372169293276329e-12,-4.4289016898346745e-12,-4.494182803682634e-12,-4.554245869314855e-12,-4.6211923176997516e-12,-4.668931907758633e-12,-4.7165604755150525e-12,-4.770628336814298e-12,-4.8437920341370955e-12,-4.93138863078002e-12
131,1.1297338188569754e+00,2.3027419271215082e+11,1.1129733818856975e+00,-1.7017911546721378e-06,-1.4482216904404428e-06,-1.1997829884887516e-06,-9.6149420459399304e-07,-7.3841320312566150e-07,-5.3548666254663282e-07,-3.5762983842083366e-07,-2.0984419661229789e-07,-9.6884720383358192e-08,-2.3835540169613502e-08,-1.7174624866579775e-06,-1.3732762407390054e-06,-1.1579257563419927e-06,-9.4986436764003961e-07,-7.8015442411562478e-07,-5.6328528695684501e-07,-2.9769986628714127e-07,-2.5245104638922328e-07,-1.8656611947445149e-07,-9.3918957932760568e-08,ok,1,-3.2055469390002145e-12,-2.7567947924467262e-12,-2.7936541968642814e-12,-2.841837876133013e-12,-2.8919089345436078e-12,-2.9524160893856788e-12,-2.9934943412968096e-12,-3.0311309018316024e-12,-3.0726532429525832e-12,-3.133715509306967e-12,-3.2055469390002145e-12
132,-4.9466649445957751e-02,2.0587653502296313e+11,9.9505333505540428e-01,-1.9034640556022584e-06,-1.6198450231269026e-06,-1.3419647803678894e-06,-1.0754372844695024e-06,-8.2591978837903094e-07,-5.9894518291145964e-07,-4.0001121217267031e-07,-2.3471204702868300e-07,-1.0836616601313438e-07,-2.6660200832627457e-08,-1.9983219331387531e-06,-1.6644713466078683e-06,-1.4215467418709465e-06,-1.0439087088062107e-06,-8.0836151835838951e-07,-5.8072518699690409e-07,-4.1997091940258229e-07,-2.1926879495575764e-07,-8.8936862253218977e-08,-7.3694028009744075e-08,ok,1,7.782663402622347e-13,6.73683331342545e-13,6.816769371198461e-13,6.830092047493963e-13,6.87894186057747e-13,6.863398738232718e-13,7.078782005009998e-13,7.367439991412539e-13,7.616129948928574e-13,7.671641100159832e-13,7.782663402622347e-13
133,-2.0628576901908908e+00,1.6421947438995047e+11,7.9371423098091087e-01,-2.3863100631749615e-06,-2.0307462429324729e-06,-1.6823769539501507e-06,-1.3482402290126070e-06,-1.0354283794237049e-06,-7.5087780778656723e-07,-5.0148085443511573e-07,-2.9425074674991939e-07,-1.3585508573358835e-07,-3.3423013870878343e-08,-2.4609283440631107e-06,-1.9799907106285409e-06,-1.7440008857046207e-06,-1.3405535238770433e-06,-1.0793861451615038e-06,-7.1336553519677586e-07,-4.4114153106155578e-07,-2.6526378377364373e-07,-9.1359603210072649e-08,-4.9927043594059422e-08,ok,1,-5.414890758004276e-12,-4.706124379083576e-12,-4.778732964894061e-12,-4.866440583839449e-12,-4.9540371804823735e-12,-5.046740803038574e-12,-5.1140203183308586e-12,-5.1736392947532295e-12,-5.236588940249476e-12,-5.318079310256962e-12,-5.414890758004276e-12
134,2.5379126694524345e-01,2.1215094131309708e+11,1.0253791266945242e+00,-1.8471687275197022e-06,-1.5719377843474535e-06,-1.3022759050441278e-06,-1.0436310128547313e-06,-8.0149304634529134e-07,-5.8123125998433406e-07,-3.8818080100219722e-07,-2.2777039154874598e-07,-1.0516121509702983e-07,-2.5871720089737862e-08,-1.8505157133283416e-06,-1.5679258915914336e-06,-1.3051394469995134e-06,-1.0115701826273078e-06,-7.6426370882771784e-07,-6.1168988723203192e-07,-3.3001162240138989e-07,-2.3966122236293377e-07,-7.2257196575515179e-08,-5.2559542431624705e-08,ok,1,-1.1904921493055554e-12,-1.1874945471390674e-12,-1.1830536550405668e-12,-1.1836087665528794e-12,-1.180722186688854e-12,-1.1871614802316799e-12,-1.1759482276829658e-12,-1.1641798636219391e-12,-1.1605161276406761e-12,-1.1757261830780408e-12,-1.1904921493055554e-12
135,-1.6482279683251627e-01,2.0348981633353525e+11,9.8351772031674844e-01,-1.9257896604778325e-06,-1.6388440790006088e-06,-1.3577045971273550e-06,-1.0880510177369332e-06,-8.3560694732483903e-07,-6.0597017161898786e-07,-4.0470291740474936e-07,-2.3746496921077227e-07,-1.0963718565606101e-07,-2.6972896576965696e-08,-2.0040035020051334e-06,-1.6439256247139931e-06,-1.3989389330153605e-06,-1.0383011078990672e-06,-8.3770239633027450e-07,-5.7424934505968004e-07,-4.2443288313930931e-07,-1.9646994732914189e-07,-1.0579952249348888e-07,-2.7288052203254763e-08,ok,1,-5.881961584464079e-13,-5.881961584464079e-13,-5.858646900946951e-13,-5.870859354217828e-13,-5.825340210208196e-13,-5.857536677922326e-13,-5.695444116327053e-13,-5.548894677076532e-13,-5.4989346409684e-13,-5.657696533489798e-13,-5.820899318109696e-13
136,-7.9753079097404075e-02,2.0524990879347470e+11,9.9202469209025956e-01,-1.9092753152056045e-06,-1.6247903962317114e-06,-1.3460617874504548e-06,-1.0787205853696238e-06,-8.2844131448173212e-07,-6.0077375747044953e-07,-4.0123244300773952e-07,-2.3542862091578876e-07,-1.0869700699804964e-07,-2.6741594199449993e-08,-1.9029962286906318e-06,-1.6325890104061955e-06,-1.3240377934275032e-06,-9.9193670146065974e-07,-8.9702589809513956e-07,-6.3442750535814115e-07,-3.9713682311820184e-07,-2.4872611805861143e-07,-8.3935334778306055e-08,-4.8062036717658017e-08,ok,1,-7.960299086562372e-13,-7.72937269744034e-13,-7.753797603982093e-13,-7.844835892001356e-13,-7.889244812986362e-13,-7.960299086562372e-13,-7.790434963794723e-13,-7.583933481214444e-13,-7.460698725481052e-13,-7.537304114180188e-13,-7.583933481214444e-13
137,-4.6842313888223235e-02,2.0593083252565265e+11,9.9531576861117765e-01,-1.9029621718245124e-06,-1.6194179207935901e-06,-1.3416109463401321e-06,-1.0751537253839775e-06,-8.2570201923222457e-07,-5.9878725985006229e-07,-3.9990574176066295e-07,-2.3465016082262966e-07,-1.0833759325360596e-07,-2.6653171373754216e-08,-1.9111991257927857e-06,-1.6328716423454614e-06,-1.3476773816252569e-06,-1.0948647843684801e-06,-8.2931254089694310e-07,-6.0495206982072433e-07,-3.3449026130074076e-07,-1.8898966008663454e-07,-6.9466857545361045e-08,-4.2513387523132133e-08,ok,1,2.3161472739730016e-12,1.9395596240201485e-12,1.9624302183274267e-12,1.9833024111903796e-12,2.013500477460184e-12,2.042588320705363e-12,2.098321516541546e-12,2.1609380951304047e-12,2.2180035585961377e-12,2.2599699889269687e-12,2.3161472739730016e-12
138,1.6365717663665620e+00,2.4076066984612418e+11,1.1636571766366561e+00,-1.6276686078229847e-06,-1.3851435155404463e-06,-1.1475257120720731e-06,-9.1961574081795672e-07,-7.0625116779449839e-07,-5.1216321588113853e-07,-3.4205305370180505e-07,-2.0070430523857614e-07,-9.2664847571180605e-08,-2.2797368747666338e-08,-1.6537870500237152e-06,-1.3573995607887008e-06,-1.1159459954526460e-06,-9.6764038205991785e-07,-7.3949724574233219e-07,-5.7457540819871448e-07,-3.5494274422800955e-07,-2.1871369790004085e-07,-8.3915208826741976e-08,9.2579980412816581e-09,ok,1,-2.940869769929577e-12,-2.3367974222310295e-12,-2.3925306180672123e-12,-2.4655832930875476e-12,-2.541189481064521e-12,-2.6246782525163326e-12,-2.683520072821466e-12,-2.734146242744373e-12,-2.786881836414068e-12,-2.857492020780228e-12,-2.940869769929577e-12
139,-1.8968456775575704e+00,1.6765426293133386e+11,8.1031543224424296e-01,-2.3374209367317810e-06,-1.9891416705105837e-06,-1.6479095387992370e-06,-1.3206183838682833e-06,-1.0142152144854857e-06,-7.3549432487117608e-07,-4.9120684969482962e-07,-2.8822233401951190e-07,-1.3307177749267325e-07,-3.2738265490349471e-08,-2.3352955253095881e-06,-1.9507803463740702e-06,-1.6701582476007145e-06,-1.2592908021283535e-06,-9.9773988745615811e-07,-7.3455485364965198e-07,-5.4331625400773970e-07,-3.1148724103664999e-07,-9.5321823269868063e-08,-1.9785797142617026e-08,ok,1,3.7969627442180354e-13,3.7969627442180354e-13,3.6926017799032707e-13,3.4861002973229915e-13,3.2862601528904634e-13,3.0375701953744283e-13,3.0109248427834245e-13,3.05089287166993e-13,3.0531133177191805e-13,2.8754776337791554e-13,2.69340105774063e-13
140,-6.3132087227779354e-01,1.9383797115257245e+11,9.3686791277222059e-01,-2.0216812112566749e-06,-1.7204476432138731e-06,-1.4253092800218068e-06,-1.1422287410669506e-06,-8.7721463048196002e-07,-6.3614346659228954e-07,-4.2485443818138644e-07,-2.4928914950445329e-07,-1.1509639024694101e-07,-2.8315967907564992e-08,-2.0533538162573132e-06,-1.7302340972087128e-06,-1.3844404026263172e-06,-1.1800957267000769e-06,-9.0191693441746306e-07,-6.7303091654128717e-07,-4.0579541931249084e-07,-2.8918391502110156e-07,-6.0999434222741702e-08,4.9340590390881406e-08,ok,1,-1.75559566883976e-12,-1.5739631820110844e-12,-1.5862866575844237e-12,-1.6047163597932013e-12,-1.621036638255191e-12,-1.6496803922905201e-12,-1.6646684031229597e-12,-1.6766588117889114e-12,-1.6905365995967259e-12,-1.7217338665886928e-12,-1.75559566883976e-12
141,1.1962913066079597e+00,2.3165126713371869e+11,1.1196291306607959e+00,-1.6916746847791571e-06,-1.4396125899115982e-06,-1.1926507569879794e-06,-9.5577850490532043e-07,-7.3402363104605355e-07,-5.3230340784188123e-07,-3.5550387162216459e-07,-2.0859675653051451e-07,-9.6308779349635254e-08,-2.3693847386786860e-08,-1.7169086816145417e-06,-1.4225777898919881e-06,-1.1234353173059136e-06,-9.2059044059260518e-07,-7.2184561011192247e-07,-5.9543276355547923e-07,-3.3657350536311128e-07,-2.4342939508838882e-07,-1.0016905957674830e-07,4.7143876106736874e-08,ok,1,-2.0515811272048268e-12,-1.9393375794152234e-12,-1.963318396747127e-12,-1.990518860850443e-12,-2.0097257191764584e-12,-2.0328183580886616e-12,-2.0312640458541864e-12,-2.0248247523113605e-12,-2.02260430626211e-12,-2.03759231709455e-12,-2.0515811272048268e-12
142,-6.4905347059767748e-01,1.9347108369333405e+11,9.3509465294023220e-01,-2.0255150114765351e-06,-1.7237102013838158e-06,-1.4280121547384928e-06,-1.1443947980962361e-06,-8.7887812996173215e-07,-6.3734981255252243e-07,-4.2566010775453185e-07,-2.4976188714026759e-07,-1.1531465243574553e-07,-2.8369664683983069e-08,-1.9832125008495638e-06,-1.7416940854989054e-06,-1.4146560433424811e-06,-1.1701042907871578e-06,-8.4351457232024450e-07,-5.9227285709905133e-07,-3.9909884637642961e-07,-1.9094369950290216e-07,-6.8112877459926290e-08,-2.6968439063894628e-08,ok,1,-1.216027278871934e-12,-1.0327294575063206e-12,-1.0468292899190601e-12,-1.0673684158746255e-12,-1.0867973188055657e-12,-1.117217429680295e-12,-1.1278755707166965e-12,-1.13420384195706e-12,-1.1477485628574868e-12,-1.1803891197814664e-12,-1.216027278871934e-12
143,1.7872379645000658e+00,2.4387795348550635e+11,1.1787237964500066e+00,-1.6068635098249009e-06,-1.3674384087123693e-06,-1.1328578707312749e-06,-9.0786107803445526e-07,-6.9722376216256837e-07,-5.0561667081283038e-07,-3.3768088158483735e-07,-1.9813887347989622e-07,-9.1480391948318141e-08,-2.2505969448930853e-08,-1.5566937594451888e-06,-1.3869096463498524e-06,-1.1593523422190092e-06,-8.5975870352700508e-07,-7.7167693423807008e-07,-5.3249059259149470e-07,-3.6259316126208936e-07,-1.6708469387677414e-07,-1.0367926022907003e-07,4.8473391025004607e-08,ok,1,-3.789635272255509e-12,-3.192779374217025e-12,-3.2412961203931445e-12,-3.302802475957378e-12,-3.365197009941312e-12,-3.4379166180542597e-12,-3.4943159477052177e-12,-3.5491609651217004e-12,-3.6105562983834716e-12,-3.6917136014835705e-12,-3.789635272255509e-12
144,-1.1374023903919734e+00,1.8336714454279007e+11,8.8625976096080261e-01,-2.1371254118884548e-06,-1.8186904827841378e-06,-1.5066988134304915e-06,-1.2074535070770761e-06,-9.2730627758974288e-07,-6.7246921052224264e-07,-4.4911493025492766e-07,-2.6352432487761606e-07,-1.2166874729995238e-07,-2.9932896561809254e-08,-2.1889270377436882e-06,-1.8553062778155202e-06,-1.4783711674410306e-06,-1.1724559313082725e-06,-9.1631552536845839e-07,-6.4749480483882577e-07,-4.4214387013847466e-07,-3.0504992090693683e-07,-1.1683999112784825e-07,4.6105903003207153e-10,ok,1,-1.680877659282487e-13,-1.680877659282487e-13,-1.659783421814609e-13,-1.6253665080512292e-13,-1.4721557306529576e-13,-1.3034018309099338e-13,-8.859579736508749e-14,-4.418687638008123e-14,-4.884981308350689e-15,1.709743457922741e-14,5.0182080713057076e-14
145,2.1679377470125352e+00,2.5175463198568936e+11,1.2167937747012536e+00,-1.5565893712295677e-06,-1.3246551930503997e-06,-1.0974140055531051e-06,-8.7945671550874441e-07,-6.7540963555095431e-07,-4.8979737911250427e-07,-3.2711581782057688e-07,-1.9193967788828414e-07,-8.8618233541315494e-08,-2.1801822382067315e-08,-1.5144998185463710e-06,-1.2859003576946659e-06,-1.1455097387330194e-06,-8.3330620101861903e-07,-6.8510394064039641e-07,-5.2517855969008220e-07,-3.1863075181440255e-07,-2.3529595951823257e-07,-3.7688019594710312e-08,-3.5509864780230729e-08,ok,1,-3.4003910798219295e-12,-2.935651721713839e-12,-2.984501534797346e-12,-3.0436764220098667e-12,-3.1008529077780622e-12,-3.1644686870890837e-12,-3.2051028497903644e-12,-3.240741008880832e-12,-3.2799318816501e-12,-3.3359981443936704e-12,-3.4003910798219295e-12
146,-7.0660193140519556e-01,1.9228040603922650e+11,9.2933980685948048e-01,-2.0380578155608874e-06,-1.7343841086279892e-06,-1.4368549806793119e-06,-1.1514813512278575e-06,-8.8432049703169690e-07,-6.4129653908220947e-07,-4.2829596644125935e-07,-2.5130851325776573e-07,-1.1602872717000056e-07,-2.8545341064582842e-08,-1.9783478792278471e-06,-1.6959289486695449e-06,-1.3890143060476784e-06,-1.1705656650638037e-06,-9.0718121043575874e-07,-5.4897850846875663e-07,-4.7081122080701291e-07,-2.7370556791128298e-07,-1.2606558092102027e-07,-1.2662523843865764e-07,ok,1,-1.3100631690576847e-12,-1.070254995738651e-12,-1.0772494007937894e-12,-1.0897949209720537e-12,-1.1017853296380054e-12,-1.1284306822290091e-12,-1.1434186930614487e-12,-1.1627365736899264e-12,-1.1940448629843559e-12,-1.2480017019811385e-12,-1.3100631690576847e-12
147,-5.7827644035535518e-03,2.0678035460449048e+11,9.9942172355964465e-01,-1.8951441739079629e-06,-1.6127648164290585e-06,-1.3360991648981198e-06,-1.0707366383237465e-06,-8.2230976227521021e-07,-5.9632724376591858e-07,-3.9826279672350240e-07,-2.3368614036245709e-07,-1.0789250659294589e-07,-2.6543671331463269e-08,-1.9477496933711285e-06,-1.6274872064074801e-06,-1.3485729772142820e-06,-1.0892787248638362e-06,-7.9924482980135087e-07,-5.6223942360603445e-07,-4.0707420246390703e-07,-2.1957475847094561e-07,-1.5279623180086667e-07,3.1834274928188088e-08,ok,1,-1.5237811012980274e-12,-1.4369616607723401e-12,-1.4520606939072422e-12,-1.4743761767022079e-12,-1.4871437414853972e-12,-1.4992451724538114e-12,-1.4909184997691227e-12,-1.482591827084434e-12,-1.4820367155721215e-12,-1.5017986854104493e-12,-1.5237811012980274e-12
148,-5.4019399352404740e-01,1.9572338627398746e+11,9.4598060064759526e-01,-2.0022062348723639e-06,-1.7038744678608910e-06,-1.4115791902261831e-06,-1.1312255830844818e-06,-8.6876436932439125e-07,-6.3001545841781135e-07,-4.2076178989235280e-07,-2.4688773217300721e-07,-1.1398765981533400e-07,-2.8043198490105015e-08,-1.9726795554744615e-06,-1.7207049113605110e-06,-1.4360457159157193e-06,-1.0924906813468652e-06,-9.1070420107781545e-07,-6.0204165242731141e-07,-4.2377380819976402e-07,-2.6324054854909705e-07,-1.0631750660901198e-07,-7.7459289409631441e-08,ok,1,6.45039577307216e-13,5.713207684721056e-13,5.728750807065808e-13,5.702105454474804e-13,5.74207348336131e-13,5.748734821509061e-13,5.975220318532593e-13,6.228351168147128e-13,6.421529974431905e-13,6.414868636284154e-13,6.45039577307216e-13
149,-7.8289549367758837e-01,1.9070189223581070e+11,9.2171045063224122e-01,-2.0549276135269982e-06,-1.7487402811000081e-06,-1.4487483887296090e-06,-1.1610126106497075e-06,-8.9164036205623383e-07,-6.4660480019629938e-07,-4.3184113889336595e-07,-2.5338869165773203e-07,-1.1698914211538630e-07,-2.8781621965428196e-08,-2.0684716758934390e-06,-1.6916781181484572e-06,-1.4253696638840332e-06,-1.1109784958173011e-06,-8.7117288698467000e-07,-6.3070899975985577e-07,-4.4194891688861623e-07,-2.6003319547679249e-07,-1.2051909820664987e-07,-2.5337355081643952e-08,ok,1,-1.9049206656518436e-12,-1.706079721941478e-12,-1.726951914804431e-12,-1.7584822487037854e-12,-1.787681114251427e-12,-1.823208251039432e-12,-1.8353096820078463e-12,-1.8407497748285095e-12,-1.8489654252107357e-12,-1.8753887331968144e-12,-1.9049206656518436e-12
150,-1.6204606553756939e+00,1.7337266904027689e+11,8.3795393446243061e-01,-2.2603250355343580e-06,-1.9235331755719086e-06,-1.5935560122312840e-06,-1.2770600059819012e-06,-9.8076303018285063e-07,-7.1123528067848942e-07,-4.7500521730756516e-07,-2.7871580473459125e-07,-1.2868262856001905e-07,-3.1658448824929267e-08,-2.2289576350440350e-06,-1.9444540671140794e-06,-1.5936735163555962e-06,-1.2463734449741547e-06,-1.0262448793454614e-06,-6.8287648683593268e-07,-4.5130858445093454e-07,-3.0893663730791420e-07,-8.4010559665007273e-08,-4.4699624826679893e-08,ok,1,3.574252005478229e-12,3.226752198770555e-12,3.269606807521086e-12,3.3071323457534163e-12,3.3451019731955967e-12,3.3715252811816754e-12,3.4163782913765317e-12,3.4638958368304884e-12,3.5078606686056446e-12,3.5356162442212735e-12,3.574252005478229e-12
151,7.0510836768037066e-01,2.2148869212730688e+11,1.0705108367680372e+00,-1.7692938657340580e-06,-1.5056663951301568e-06,-1.2473732020041669e-06,-9.9963253038261196e-07,-7.6770286828741829e-07,-5.5672710756880345e-07,-3.7181547076724454e-07,-2.1816781031389754e-07,-1.0072771913710230e-07,-2.4780993186400959e-08,-1.7589039693473126e-06,-1.5478456808669348e-06,-1.2896018725639981e-06,-1.0803752929478485e-06,-7.0320616748198602e-07,-5.6901091545218883e-07,-3.9630235436258911e-07,-1.9218440005595403e-07,-9.6381760458969711e-08,-9.5642217962056663e-09,ok,1,6.971756505436133e-12,6.16928730323707e-12,6.250111539429781e-12,6.333378266276668e-12,6.42041975140728e-12,6.5001337645753665e-12,6.600275881396556e-12,6.701306176637445e-12,6.794342866101033e-12,6.871614388614944e-12,6.971756505436133e-12
152,-1.8166024768888722e+00,1.6931449475316925e+11,8.1833975231111289e-01,-2.3145010997354977e-06,-1.9696369240037848e-06,-1.6317507813326695e-06,-1.3076689156672741e-06,-1.0042702161200286e-06,-7.2828235471515672e-07,-4.8639026713172894e-07,-2.8539613835632455e-07,-1.3176692760405492e-07,-3.2417246842492166e-08,-2.2949396821583473e-06,-2.0222004328538001e-06,-1.6753196312350081e-06,-1.3350845885410376e-06,-9.6983039005696967e-07,-7.0848461214308107e-07,-4.7106609431276021e-07,-3.0193995956353962e-07,-1.2795450482302352e-07,-4.7588668033478590e-08,ok,1,-1.4672707493446069e-12,-1.3153922395758855e-12,-1.3306022950132501e-12,-1.3538059562279159e-12,-1.3746781490908688e-12,-1.4022116801015727e-12,-1.4092060851567112e-12,-1.4123147096256616e-12,-1.4185319585635625e-12,-1.4430678874077785e-12,-1.4672707493446069e-12
153,1.9206898211653278e+00,2.4663907239991064e+11,1.1920689821165329e+00,-1.5888747086786497e-06,-1.3521299662319958e-06,-1.1201755521405822e-06,-8.9769759351875914e-07,-6.8941835769912714e-07,-4.9995630346263020e-07,-3.3390055164867221e-07,-1.9592071321149676e-07,-9.0456271001265616e-08,-2.2254015623030965e-08,-1.5676025124517642e-06,-1.3209420773556755e-06,-1.1357687848608775e-06,-8.8074403310715163e-07,-5.6532826998033800e-07,-4.9568949362022672e-07,-3.5816987316990512e-07,-1.2544838460852484e-07,-2.9861463324255214e-08,-6.8420209376594889e-08,ok,1,7.709388682997087e-13,7.51620987671231e-13,7.525091660909311e-13,7.485123632022805e-13,7.462919171530302e-13,7.371880883511039e-13,7.496225862269057e-13,7.642775301519578e-13,7.709388682997087e-13,7.576161920042068e-13,7.454037387333301e-13
154,1.4258204986785172e+00,2.3640022611765851e+11,1.1425820498678516e+00,-1.6576912414368171e-06,-1.4106927311915877e-06,-1.1686920255653755e-06,-9.3657821482519625e-07,-7.1927809474305572e-07,-5.2161015643615580e-07,-3.4836228241016585e-07,-2.0440633143248533e-07,-9.4374066975106416e-08,-2.3217870221996484e-08,-1.6467609697705965e-06,-1.4205540189773615e-06,-1.1970775605208540e-06,-8.8233322609675704e-07,-7.4531678461490864e-07,-5.2981534275822255e-07,-3.6042363450043791e-07,-2.0153028289379925e-07,-8.9019751877542395e-08,-2.0797899511879873e-08,ok,1,3.1032953984322376e-12,2.653210984249199e-12,2.6916247009012295e-12,2.7327029528123603e-12,2.781108676686017e-12,2.821742839387298e-12,2.8832491949515315e-12,2.9480862195896407e-12,3.008038262919399e-12,3.048894470225605e-12,3.1032953984322376e-12
155,9.1264492785003870e-01,2.2578262355721729e+11,1.0912644927850037e+00,-1.7356454546142779e-06,-1.4770316483229919e-06,-1.2236506722797214e-06,-9.8062153000396681e-07,-7.5310270365075328e-07,-5.4613927761011097e-07,-3.6474428826689909e-07,-2.1401869731638758e-07,-9.8812080491412620e-08,-2.4309708532749274e-08,-1.7628799034434119e-06,-1.5365228117164712e-06,-1.2324633006715444e-06,-1.0083720175032297e-06,-8.0837178136328892e-07,-5.4257983945165346e-07,-4.0161606606942980e-07,-1.1565090043140955e-07,-6.3320163122470227e-08,-1.5170224792964761e-08,ok,1,3.672617765460018e-13,2.1649348980190553e-13,2.255973186038318e-13,2.318145675417327e-13,2.460254222569347e-13,2.55351295663786e-13,2.866595849582154e-13,3.204103649068202e-13,3.4638958368304884e-13,3.532729664357248e-13,3.672617765460018e-13
156,-1.0121869084932014e+00,1.8595785286327567e+11,8.9878130915067989e-01,-2.1073516298164221e-06,-1.7933530394176572e-06,-1.4857079432318864e-06,-1.1906316315888054e-06,-9.1438732820606138e-07,-6.6310057374843759e-07,-4.4285799746840157e-07,-2.5985298403077203e-07,-1.1997369527030107e-07,-2.9515880539236903e-08,-2.1104246649191136e-06,-1.8803705498511739e-06,-1.5538793263969762e-06,-1.2284644403042241e-06,-9.0109202070147902e-07,-6.0756743412228513e-07,-5.0514594910768273e-07,-2.5810020832061899e-07,-1.2164132913028928e-07,-8.3485646125347321e-08,ok,1,2.1957990981036346e-12,1.787681114251427e-12,1.8169910021015312e-12,1.8491874698156607e-12,1.894040480010517e-12,1.936895088761048e-12,2.000843934979457e-12,2.063016424358466e-12,2.1149748619109232e-12,2.148503597254603e-12,2.1957990981036346e-12
157,-4.8189750374379736e-01,1.9692954064754083e+11,9.5181024962562022e-01,-1.9899431188370203e-06,-1.6934385747220398e-06,-1.4029335476837872e-06,-1.1242970507755045e-06,-8.6344335988846442e-07,-6.2615673870347560e-07,-4.1818470739063802e-07,-2.4537559378555010e-07,-1.1328950800930420e-07,-2.7871439461939707e-08,-1.9692273778745219e-06,-1.6697404734265423e-06,-1.3672539324624179e-06,-1.1050011016294968e-06,-8.3300786265193579e-07,-6.4518383296704332e-07,-4.3498552220069028e-07,-2.3588042238316217e-07,-5.8755103736457649e-08,-3.6844315955772800e-08,ok,1,-1.4879208976026348e-12,-1.471600619140645e-12,-1.4797052472204086e-12,-1.4879208976026348e-12,-1.4843681839238343e-12,-1.485589429250922e-12,-1.4696022176963197e-12,-1.4499512701604544e-12,-1.4336309916984646e-12,-1.4348522370255523e-12,-1.4314105456492143e-12
158,-4.0828135528856224e-01,1.9845265875907965e+11,9.5917186447114378e-01,-1.9746703660009768e-06,-1.6804414852323251e-06,-1.3921660754295616e-06,-1.1156681051494911e-06,-8.5681645839604654e-07,-6.2135100480243479e-07,-4.1497515249646704e-07,-2.4349234357569330e-07,-1.1242001448534079e-07,-2.7657527012836255e-08,-1.9528187391618287e-06,-1.7174356824234035e-06,-1.3676533780660433e-06,-1.0911931005136389e-06,-8.4990488418583928e-07,-6.8021954328192954e-07,-4.4034354523064387e-07,-2.5377356433956687e-07,-1.6182127578887770e-07,-4.5633736143116201e-08,ok,1,-6.370459715299148e-12,-5.683120640753714e-12,-5.755507181959274e-12,-5.842659689392349e-12,-5.928590951498336e-12,-6.018519016492974e-12,-6.082689907316308e-12,-6.139644348479578e-12,-6.199818436414262e-12,-6.277645070440485e-12,-6.370459715299148e-12
159,-4.6526968813664088e-01,1.9727357015245291e+11,9.5347303118633597e-01,-1.9864728154173981e-06,-1.6904853517776070e-06,-1.4004869425312362e-06,-1.1223363656369213e-06,-8.6193758295653018e-07,-6.2506477087247343e-07,-4.1745542633423175e-07,-2.4494767815619677e-07,-1.1309194006715400e-07,-2.7822833875809985e-08,-1.9641875071734286e-06,-1.6488883127669675e-06,-1.3602554980603753e-06,-1.1296475110673220e-06,-9.0899298656862388e-07,-6.3483444146274642e-07,-4.6008673274706468e-07,-2.7679657050751646e-07,-1.5790380462835902e-07,4.9122974090196404e-09,ok,1,1.1401990462900358e-12,7.625011733125575e-13,7.880363028789361e-13,8.180123245438153e-13,8.610889778992714e-13,9.032774528350274e-13,9.64117674584486e-13,1.0220713164699191e-12,1.070254995738651e-12,1.099120794378905e-12,1.1401990462900358e-12
160,6.9013345858839048e-01,2.2117886125819379e+11,1.0690133458588389e+00,-1.7717723207333580e-06,-1.5077755565738268e-06,-1.2491205422330010e-06,-1.0010328315366712e-06,-7.6877827868045283e-07,-5.5750697975929301e-07,-3.7233631579470922e-07,-2.1847342325387369e-07,-1.0086882012875129e-07,-2.4815706795945642e-08,-1.7674002274246717e-06,-1.5508046127918198e-06,-1.1914803692233562e-06,-1.0317639808213702e-06,-7.6902253174739790e-07,-5.9196735355984892e-07,-3.0851015862616889e-07,-1.6583370737631905e-07,-1.0784657769571906e-07,5.3592178308575742e-09,ok,1,2.02082794942271e-12,1.8003376567321538e-12,1.8212098495951068e-12,1.8407497748285095e-12,1.8636203691357878e-12,1.88049575911009e-12,1.9171331189227203e-12,1.9546586571550506e-12,1.98552285723963e-12,1.999067578140057e-12,2.02082794942271e-12
161,-1.4468000294763568e+00,1.7696570739013419e+11,8.5531999705236439e-01,-2.2144323331803340e-06,-1.8844785555031559e-06,-1.5612011116730976e-06,-1.2511311091102285e-06,-9.6085002425828381e-07,-6.9679465442929073e-07,-4.6536090832023350e-07,-2.7305687459536170e-07,-1.2606990982364478e-07,-3.1015668806095002e-08,-2.1291770109768104e-06,-1.9206271632739561e-06,-1.4902269347572305e-06,-1.2904470125402345e-06,-8.8604034522862858e-07,-6.3595437273852803e-07,-4.6954723692686908e-07,-3.0573007750885117e-07,-1.4136676922189178e-07,-1.0639374067883839e-07,ok,1,2.793987263771669e-12,2.4427126987802694e-12,2.468691917556498e-12,2.495559314752427e-12,2.5344171206143074e-12,2.573719015686038e-12,2.632560835991171e-12,2.6894042548519792e-12,2.7340352204419105e-12,2.758460126983664e-12,2.793987263771669e-12
162,1.3092293988808903e+00,2.3398795626284561e+11,1.1309229398880889e+00,-1.6747810039687525e-06,-1.4252360931752811e-06,-1.1807405112485433e-06,-9.4623375192611139e-07,-7.2669340317076974e-07,-5.2698763173706723e-07,-3.5195368021233235e-07,-2.0651363318848988e-07,-9.5347004729345026e-08,-2.3457231979264919e-08,-1.7020892187855356e-06,-1.4131971168016521e-06,-1.1690617719422253e-06,-9.0977317065029539e-07,-7.5613305571464826e-07,-5.7259261858231380e-07,-3.3164690351322380e-07,-1.4684805633486406e-07,-1.0182968654077640e-07,9.2288302369937089e-09,ok,1,-3.957723038183758e-12,-3.5745850723856165e-12,-3.6114444768031717e-12,-3.6559644200906405e-12,-3.696265515884534e-12,-3.7442271505483404e-12,-3.77464726142307e-12,-3.803846126970711e-12,-3.839262241456254e-12,-3.8936631696628865e-12,-3.957723038183758e-12
163,-2.3416891722776065e+00,1.5845045102557632e+11,7.6583108277223932e-01,-2.4731932397232781e-06,-2.1046836943444119e-06,-1.7436306259549184e-06,-1.3973283151147472e-06,-1.0731272971300083e-06,-7.7821652212531717e-07,-5.1973927369270019e-07,-3.0496412384799499e-07,-1.4080143431633430e-07,-3.4639912571424278e-08,-2.4190571127769932e-06,-2.1176157606586713e-06,-1.7220276349216638e-06,-1.4157892218240866e-06,-1.0472306527695728e-06,-8.1834034852968983e-07,-5.3618514135104967e-07,-3.0307459989104757e-07,-1.9713706536494306e-07,-2.8271879805961790e-09,ok,1,-8.804068585277491e-13,-8.322231792590173e-13,-8.477663016037695e-13,-8.663070261150096e-13,-8.730793865652231e-13,-8.804068585277491e-13,-8.678613383494849e-13,-8.527623052145827e-13,-8.424372310855688e-13,-8.495426584431698e-13,-8.522071937022702e-13
164,1.3155889087814989e+00,2.3411953452268921e+11,1.1315588908781500e+00,-1.6738397550094117e-06,-1.4244350917391364e-06,-1.1800769195463182e-06,-9.4570195610804943e-07,-7.2628499191719757e-07,-5.2669145775455580e-07,-3.5175587761347901e-07,-2.0639756980959376e-07,-9.5293418458236367e-08,-2.3444048706274369e-08,-1.6551757320386271e-06,-1.3934290420859969e-06,-1.1476147596965513e-06,-9.2567584799212189e-07,-7.3579648619761487e-07,-5.2164293179373943e-07,-2.9399361784578738e-07,-2.0822437402691972e-07,-1.0098922720312417e-07,-5.3708391937156706e-08,ok,1,1.2647660696529783e-12,1.2498890811230012e-12,1.2587708653200025e-12,1.262767668208653e-12,1.262989712813578e-12,1.248334768888526e-12,1.2516654379624015e-12,1.2594369991347776e-12,1.2647660696529783e-12,1.2529977055919517e-12,1.2432277429752503e-12
165,4.7559710995127659e-02,2.0788401042048920e+11,1.0047559710995129e+00,-1.8850828571021502e-06,-1.6042026510937346e-06,-1.3290058169792872e-06,-1.0650520995525412e-06,-8.1794412131526323e-07,-5.9316134356584188e-07,-3.9614842029510982e-07,-2.3244550108887179e-07,-1.0731970548117774e-07,-2.6402751030979623e-08,-1.9311381729901231e-06,-1.5952849802071925e-06,-1.3281743237286450e-06,-9.7438213786591907e-07,-7.9690573195478462e-07,-6.6500577855554856e-07,-3.5393817148578011e-07,-2.5211142523042820e-07,-1.0075849314971361e-07,-1.0552644636114634e-08,ok,1,3.717470775654874e-12,3.631539513548887e-12,3.644418100634539e-12,3.651301483387215e-12,3.661959624423616e-12,3.6632918920531665e-12,3.681277505052094e-12,3.702593787124897e-12,3.717470775654874e-12,3.711253526716973e-12,3.710143303692348e-12
166,-5.2320952290538743e-02,2.0581747949710876e+11,9.9476790477094623e-01,-1.9040102194704347e-06,-1.6203098077499791e-06,-1.3423498323856344e-06,-1.0757458613430373e-06,-8.2615677081376352e-07,-5.9911703917366355e-07,-4.0012598800478502e-07,-2.3477939331719633e-07,-1.0839725968375517e-07,-2.6667850485040420e-08,-1.8557803391111672e-06,-1.6555059363063881e-06,-1.3691396368042529e-06,-1.0850856636060832e-06,-7.4224651756550496e-07,-5.5723652996009828e-07,-4.0193746124683462e-07,-1.8035435820897129e-07,-9.0139407134404056e-08,8.1719755769392741e-09,ok,1,6.530331830845171e-13,6.530331830845171e-13,6.434852650727407e-13,6.283862319378386e-13,6.17061957086662e-13,6.010747455320598e-13,6.090683513093609e-13,6.217248937900877e-13,6.303846333821639e-13,6.217248937900877e-13,6.163958232718869e-13
167,7.5289359646664322e-01,2.2247736851089484e+11,1.0752893596466642e+00,-1.7614312275084259e-06,-1.4989753019303287e-06,-1.2418299486137426e-06,-9.9519022201462626e-07,-7.6429124174237093e-07,-5.5425304493727547e-07,-3.7016314461040254e-07,-2.1719828535351101e-07,-1.0028009105774947e-07,-2.4670867905299772e-08,-1.7570734557814504e-06,-1.4552860186596495e-06,-1.2597224225566773e-06,-1.0068334752231269e-06,-8.0292240059061809e-07,-5.5494227252392344e-07,-3.7084971434845409e-07,-1.7639646806550401e-07,-6.4687693883909057e-08,-8.0475215730869615e-08,ok,1,3.206324095117452e-12,2.8170799026838722e-12,2.8563817977556027e-12,2.899458451111059e-12,2.9523050670832163e-12,2.9976021664879227e-12,3.056443986793056e-12,3.1101787811849135e-12,3.1523672561206695e-12,3.1747937612180976e-12,3.206324095117452e-12
168,-1.4616541279636850e+00,1.7665837609243137e+11,8.5383458720363159e-01,-2.2182847650747728e-06,-1.8877569691999053e-06,-1.5639171219417991e-06,-1.2533076928408082e-06,-9.6252160808758038e-07,-6.9800686304382341e-07,-4.6617049332256707e-07,-2.7353190966277864e-07,-1.2628923273284231e-07,-3.1069626540520436e-08,-2.1659301778337713e-06,-1.8542522533175542e-06,-1.6001304961508644e-06,-1.2277613795440633e-06,-1.0036078617050982e-06,-6.6053155875342701e-07,-5.4749839670279272e-07,-2.1715011774731669e-07,-1.3658955687674465e-07,-4.6761595999117851e-08,ok,1,2.4160673461892657e-12,2.0519141941122143e-12,2.0818902157770935e-12,2.1103119252074976e-12,2.1469492850201277e-12,2.178479618919482e-12,2.2308821456817896e-12,2.2863932969130474e-12,2.3361312884162544e-12,2.369660023759934e-12,2.4160673461892657e-12
169,-6.7776253925301688e-01,1.9287709306285507e+11,9.3222374607469827e-01,-2.0317528540265253e-06,-1.7290185959289242e-06,-1.4324099078679907e-06,-1.1479191138998156e-06,-8.8158475191419177e-07,-6.3931261596658390e-07,-4.2697098460154373e-07,-2.5053106205036775e-07,-1.1566977922644742e-07,-2.8457032835034178e-08,-1.9957205314814563e-06,-1.6841601725295835e-06,-1.4195617310609569e-06,-1.1619245280617513e-06,-8.1860309252810300e-07,-6.5988354615182245e-07,-4.4325936870301982e-07,-2.1997622588101854e-07,-6.4143645356868366e-08,1.6709664158677300e-08,ok,1,-3.2387426074365067e-12,-2.782329922013105e-12,-2.821298750177448e-12,-2.8739233215446802e-12,-2.930100606590713e-12,-2.99704705497561e-12,-3.0393465522138285e-12,-3.074762666699371e-12,-3.1151747847957267e-12,-3.1727953597737724e-12,-3.2387426074365067e-12
170,2.4387088819414315e+00,2.5735688676736823e+11,1.2438708881941432e+00,-1.5227048680508842e-06,-1.2958195322594679e-06,-1.0735250281215881e-06,-8.6031232558620500e-07,-6.6070702973489453e-07,-4.7913526028006276e-07,-3.1999502079244818e-07,-1.8776145288837017e-07,-8.6689153932014269e-08,-2.1327230987925030e-08,-1.5051153283958430e-06,-1.3059851458596024e-06,-1.1023161243892181e-06,-8.0094917944140668e-07,-7.1570572082870038e-07,-5.0811160356879417e-07,-3.1543481925945352e-07,-1.7250752098802561e-07,-1.1313472303433802e-07,-9.1541635618339438e-08,ok,1,-2.2696289292412075e-12,-2.0263790645458357e-12,-2.060240866796903e-12,-2.102207297127734e-12,-2.1382895454280515e-12,-2.1744828160308316e-12,-2.1839197117401454e-12,-2.1893598045608087e-12,-2.201905324739073e-12,-2.233768725545815e-12,-2.2696289292412075e-12
171,-1.2795599525260823e+00,1.8042590458223535e+11,8.7204400474739174e-01,-2.1719640825139394e-06,-1.8483381386244939e-06,-1.5312604902514969e-06,-1.2271369916280615e-06,-9.4242290003684586e-07,-6.8343156827652634e-07,-4.5643624469013472e-07,-2.6782020620726576e-07,-1.2365214864314540e-07,-3.0420852167202184e-08,-2.1577391772311322e-06,-1.9051096775022315e-06,-1.5580391372669225e-06,-1.2350860910997283e-06,-9.1726355704277266e-07,-7.6260678688801141e-07,-4.2020887396719740e-07,-2.5298304590261002e-07,-5.5688639956909747e-08,-3.8002262442562436e-08,ok,1,-6.334932578511143e-13,-4.681810494844285e-13,-4.843903056439558e-13,-5.090372567906343e-13,-5.313527395855999e-13,-5.627720511824919e-13,-5.750955267558311e-13,-5.823119764158946e-13,-5.897504706808832e-13,-6.118439088709238e-13,-6.334932578511143e-13
172,-1.7947272582571714e+00,1.6976709302665912e+11,8.2052727417428284e-01,-2.3083306506672557e-06,-1.9643858812093435e-06,-1.6274005414086494e-06,-1.3041826764759825e-06,-1.0015928364376756e-06,-7.2634075737590441e-07,-4.8509355296259315e-07,-2.8463527359107763e-07,-1.3141563759356252e-07,-3.2330822614574346e-08,-2.3957322825387919e-06,-1.9503651817328057e-06,-1.6487250380737331e-06,-1.2778935068195921e-06,-9.9878285791417602e-07,-6.9024699977883949e-07,-5.2725713624621772e-07,-2.3230300256031081e-07,-7.2852552774503197e-08,1.5689256476017182e-09,ok,1,6.323830348264892e-13,5.88640247656258e-13,5.737632591262809e-13,5.555556015224283e-13,5.500044863993026e-13,5.473399511402022e-13,5.699885008425554e-13,5.964118088286341e-13,6.17061957086662e-13,6.215028491851626e-13,6.323830348264892e-13
173,2.7678053086703919e-01,2.1262658918363904e+11,1.0276780530867040e+00,-1.8430365920458327e-06,-1.5684213433289632e-06,-1.2993627004277821e-06,-1.0412963995268745e-06,-7.9970009814313616e-07,-5.7993103966752580e-07,-3.8731243655105400e-07,-2.2726086683620146e-07,-1.0492596837541110e-07,-2.5813844785347341e-08,-1.8305514840615502e-06,-1.5665955126767954e-06,-1.2799725432385859e-06,-1.0325869660963479e-06,-8.3054762612757523e-07,-5.8734385480495735e-07,-4.2300179773119788e-07,-2.1571001586828023e-07,-1.3063882216866456e-07,-3.9343320032642340e-08,ok,1,-1.6603385333269216e-12,-1.3841150448001827e-12,-1.4159784456069247e-12,-1.4559464744934303e-12,-1.492250767398673e-12,-1.5332179970073412e-12,-1.5507595207964187e-12,-1.563971174789458e-12,-1.5834000777203983e-12,-1.6200374375330284e-12,-1.6603385333269216e-12
174,-1.2526011478493417e+00,1.8098368225099713e+11,8.7473988521506585e-01,-2.1652702577120314e-06,-1.8426417038748784e-06,-1.5265412642153927e-06,-1.2233550506209097e-06,-9.3951842577194018e-07,-6.8132528520362023e-07,-4.5502954359426683e-07,-2.6699480510919594e-07,-1.2327106231394731e-07,-3.0327097460869368e-08,-2.1146301700005514e-06,-1.8173894452147907e-06,-1.5984570361848775e-06,-1.2598419438446517e-06,-9.8172698106369582e-07,-6.3992097056938259e-07,-5.1004269113003581e-07,-2.7951436539735866e-07,-1.5346818032238717e-07,-4.2895275487651611e-08,ok,1,3.609113008451459e-12,3.58046925441613e-12,3.5862424141441807e-12,3.5831337896752302e-12,3.5844660573047804e-12,3.5798031206013547e-12,3.5933478415017817e-12,3.6064484731923585e-12,3.609113008451459e-12,3.5913494400574564e-12,3.574252005478229e-12
175,-5.8717444847303624e-01,1.9475136066109290e+11,9.4128255515269643e-01,-2.0121994679725529e-06,-1.7123786940661451e-06,-1.4186245383236226e-06,-1.1368716552742844e-06,-8.7310046852382165e-07,-6.3315993535697056e-07,-4.2286185859309769e-07,-2.4811997619181817e-07,-1.1455658485178971e-07,-2.8183165200092272e-08,-2.0451315245310064e-06,-1.7292091956442343e-06,-1.3767173610684797e-06,-1.1587685288364251e-06,-8.5985084824859286e-07,-6.0180254015431797e-07,-4.0440932232002306e-07,-2.5151684225681451e-07,-1.4988559197230417e-07,-3.8653962468233941e-08,ok,1,3.816280624846513e-12,3.3071323457534163e-12,3.346656285430072e-12,3.3881786265510527e-12,3.4425795547576854e-12,3.4980907059889432e-12,3.574252005478229e-12,3.647748769708414e-12,3.711253526716973e-12,3.756328581516755e-12,3.816280624846513e-12
176,-6.5991253283738516e-01,1.9324640969559451e+11,9.3400874671626155e-01,-2.0278699352072948e-06,-1.7257142379055232e-06,-1.4296724039551516e-06,-1.1457253053757604e-06,-8.7989993970056266e-07,-6.3809081431753191e-07,-4.2615499280029414e-07,-2.5005226770612289e-07,-1.1544872066533171e-07,-2.8402648096220630e-08,-2.0651301566353806e-06,-1.7319504434968835e-06,-1.3995188283922860e-06,-1.1193814418369452e-06,-8.5105289661312057e-07,-6.4276027243891066e-07,-3.7865397392533509e-07,-2.0863282636413837e-07,-1.2451784776551458e-07,-2.8412460211151729e-08,ok,1,1.5782930518071225e-12,1.4335199693960021e-12,1.4406253967536031e-12,1.4428458428028534e-12,1.4486190025309043e-12,1.4506174039752295e-12,1.4792611580105586e-12,1.5147882947985636e-12,1.545430450278218e-12,1.5578649481540197e-12,1.5782930518071225e-12
177,-5.9905717816592619e-01,1.9450550698374698e+11,9.4009428218340729e-01,-2.0147428748102004e-06,-1.7145431294256272e-06,-1.4204176703702613e-06,-1.1383086535375412e-06,-8.7420406174910709e-07,-6.3396024533307907e-07,-4.2339635318919201e-07,-2.4843359820276300e-07,-1.1470138361832137e-07,-2.8218788534732358e-08,-1.9902491976840190e-06,-1.7463560695769553e-06,-1.3939687787972794e-06,-1.1392462262556248e-06,-8.9578357172187216e-07,-6.7353477817697487e-07,-4.8615966060733903e-07,-2.7810399696776487e-07,-5.3340611972720784e-08,-4.9608199256007811e-08,ok,1,-3.301692252932753e-12,-2.6436630662374228e-12,-2.6965096822095802e-12,-2.7641222644092522e-12,-2.8352875602877248e-12,-2.918443264832149e-12,-2.9825031333530205e-12,-3.043565399707404e-12,-3.1108449149996886e-12,-3.197442310920451e-12,-3.301692252932753e-12
178,-2.0118691380082235e-01,2.0273744275346100e+11,9.7988130861991785e-01,-1.9329364077273042e-06,-1.6449259500658975e-06,-1.3627431388716686e-06,-1.0920888551902373e-06,-8.3870794624230705e-07,-6.0821897155085544e-07,-4.0620479973446615e-07,-2.3834621919896958e-07,-1.1004405732596281e-07,-2.7072994982509122e-08,-1.9035980916799693e-06,-1.6682620666222749e-06,-1.3776852074703815e-06,-1.1704663049421793e-06,-7.9558263153509840e-07,-6.4136704939972037e-07,-3.9585953974648619e-07,-2.1398134930784882e-07,-1.1560609979058058e-07,-1.8759296463385710e-08,ok,1,-4.976019596369952e-13,-4.873879078104437e-13,-4.907185768843192e-13,-4.976019596369952e-13,-4.972688927296076e-13,-4.976019596369952e-13,-4.738431869100168e-13,-4.445332990599127e-13,-4.1933123640092163e-13,-4.1311398746302075e-13,-4.0190073491430667e-13
179,3.8059792911253540e-02,2.0768745711533383e+11,1.0038059792911254e+00,-1.8868668804099845e-06,-1.6057208522217371e-06,-1.3302635746130183e-06,-1.0660600540636693e-06,-8.1871821534059893e-07,-5.9372270544882668e-07,-3.9652333114453142e-07,-2.3266548515492835e-07,-1.0742127176260478e-07,-2.6427738326925656e-08,-1.8472143733821438e-06,-1.6059551613266943e-06,-1.3224655770332520e-06,-1.0743212949048753e-06,-8.4389825938725046e-07,-6.2860583036529628e-07,-4.3324941002824502e-07,-2.1027774798708167e-07,-1.3806625155342374e-07,-4.7449597867244072e-08,ok,1,-1.0040857034709916e-12,-1.0040857034709916e-12,-9.945377854592152e-13,-9.853229343548264e-13,-9.702239012199243e-13,-9.636735853746359e-13,-9.385825450181073e-13,-9.088285679581531e-13,-8.838485499040871e-13,-8.778533455711113e-13,-8.651968030903845e-13
180,-6.2471459830878506e-01,1.9397465496099124e+11,9.3752854016912146e-01,-2.0202566381048817e-06,-1.7192353336233194e-06,-1.4243049390199846e-06,-1.1414238721349059e-06,-8.7659650315125724e-07,-6.3569520951897994e-07,-4.2455506545018338e-07,-2.4911348846190410e-07,-1.1501528783256161e-07,-2.8296015124009249e-08,-1.9346284499516850e-06,-1.7058514149120652e-06,-1.4623712002957743e-06,-1.1432810123447802e-06,-9.0368283574128831e-07,-6.5831632865978102e-07,-4.9562356425122785e-07,-2.8718834892031327e-07,-1.2028385754322314e-07,-9.0894410294353926e-08,ok,1,3.1514790777009694e-12,2.9618529850949926e-12,2.9898306053155466e-12,3.015143690277e-12,3.0411229090532288e-12,3.0546676299536557e-12,3.083755473198835e-12,3.112621271839089e-12,3.135047776936517e-12,3.1397107136399427e-12,3.1514790777009694e-12
181,-1.1343297221175006e+00,1.8343071804938892e+11,8.8656702778824992e-01,-2.1363847259407321e-06,-1.8180601601665202e-06,-1.5061766210349103e-06,-1.2070350272629382e-06,-9.2698489133642805e-07,-6.7223614582154682e-07,-4.4895927578754056e-07,-2.6343299249102783e-07,-1.2162657928730533e-07,-2.9922522404198335e-08,-2.0963113770550976e-06,-1.7600774106395358e-06,-1.5050498645505083e-06,-1.2423271569893794e-06,-9.8466562935444519e-07,-6.9792456240730053e-07,-3.9725226738194045e-07,-2.8627393079441044e-07,-1.6713150392318723e-07,-4.3667801019149639e-08,ok,1,3.214095656289828e-12,2.984501534797346e-12,3.001154880166723e-12,3.0107027981784995e-12,3.0300206788069772e-12,3.049782648645305e-12,3.090860900556436e-12,3.134825732331592e-12,3.1721292259589973e-12,3.1898927943529998e-12,3.214095656289828e-12
182,8.0043303323182735e-01,2.2346095945756650e+11,1.0800433033231827e+00,-1.7536780709162119e-06,-1.4923773774343804e-06,-1.2363638810759004e-06,-9.9080976962441773e-07,-7.6092711966529176e-07,-5.5181343186445458e-07,-3.6853382591755636e-07,-2.1624226033714077e-07,-9.9838695880340801e-08,-2.4562276040242430e-08,-1.7101815556921549e-06,-1.5398618469045051e-06,-1.1951825048981013e-06,-1.0493494730886361e-06,-7.7690435441278747e-07,-6.1436821938586990e-07,-4.2716854852901936e-07,-1.7487274281470659e-07,-9.2253475202707228e-08,-4.3470285418784590e-08,ok,1,-3.500866263550506e-12,-3.201994225321414e-12,-3.2309710462641306e-12,-3.2677194283792232e-12,-3.3006930522105904e-12,-3.3437697055660465e-12,-3.36863870131765e-12,-3.389066804970753e-12,-3.411937399278031e-12,-3.453015651189162e-12,-3.500866263550506e-12
183,-1.0713581639478760e-02,2.0667833599587918e+11,9.9892864183605212e-01,-1.8960796370729440e-06,-1.6135608941629915e-06,-1.3367586775465747e-06,-1.0712651652285036e-06,-8.2271566305211681e-07,-5.9662159718674888e-07,-3.9845938344299116e-07,-2.3380149030751351e-07,-1.0794576347282427e-07,-2.6556773567755108e-08,-1.9229169198686610e-06,-1.6115804157726787e-06,-1.3378693560759835e-06,-1.0683819491169914e-06,-8.4050401337162320e-07,-6.8902333106944423e-07,-4.1383353996094609e-07,-3.1879268514631516e-07,-1.1240490609018996e-07,-7.6801596742294774e-08,ok,1,-5.540901071299231e-12,-5.050737605927225e-12,-5.100586619732894e-12,-5.161648886087278e-12,-5.220712750997336e-12,-5.288436355499471e-12,-5.335731856348502e-12,-5.37492272911777e-12,-5.4150017803067385e-12,-5.473288489099559e-12,-5.540901071299231e-12
184,-8.1896652343888721e-01,1.8995558263004944e+11,9.1810334765611135e-01,-2.0630011441753040e-06,-1.7556108434315011e-06,-1.4544403237842486e-06,-1.1655740710308608e-06,-8.9514349556955579e-07,-6.4914522236854847e-07,-4.3353778389785567e-07,-2.5438422130781595e-07,-1.1744877651718818e-07,-2.8894701037175627e-08,-2.0250060358175012e-06,-1.7034927571117571e-06,-1.4518015045545023e-06,-1.1306360708682598e-06,-8.9346018588256364e-07,-6.1744881834951032e-07,-4.2120869122228962e-07,-2.9407392754810797e-07,-6.8236999772129321e-08,2.5381831609411351e-09,ok,1,1.0018652574217413e-12,1.0018652574217413e-12,9.965361869035405e-13,9.79216707719388e-13,9.583445148564351e-13,9.22595333463505e-13,9.059419880941277e-13,8.93729534823251e-13,8.772982340587987e-13,8.411049634560186e-13,8.022471575941381e-13
185,-1.2516105726304849e+00,1.8100417725227527e+11,8.7483894273695151e-01,-2.1650250853766441e-06,-1.8424330625894907e-06,-1.5263684148053069e-06,-1.2232165308155564e-06,-9.3941204462824118e-07,-6.8124813912423979e-07,-4.5497802085462287e-07,-2.6696457343738417e-07,-1.2325710440080639e-07,-3.0323663540660623e-08,-2.1532464214057154e-06,-1.7661844622759168e-06,-1.5334643332940072e-06,-1.2091558945082271e-06,-8.9759842068947813e-07,-6.8158047328773017e-07,-4.8209013882535475e-07,-2.3564674457937468e-07,-1.5339669215160731e-07,-3.4260161971745088e-08,ok,1,3.4081626409943055e-12,3.191447106587475e-12,3.2072122735371522e-12,3.2216451728572792e-12,3.2456259901891826e-12,3.2658320492373605e-12,3.306244167333716e-12,3.3455460624054467e-12,3.375522084070326e-12,3.3875124927362776e-12,3.4081626409943055e-12
186,-8.6360292739595357e-01,1.8903205543217773e+11,9.1363970726040467e-01,-2.0730800573023506e-06,-1.7641879832095616e-06,-1.4615460773188025e-06,-1.1712685515397174e-06,-8.9951677163574882e-07,-6.5231665943820218e-07,-4.3565585817706375e-07,-2.5562703034593974e-07,-1.1802257940568440e-07,-2.9035867794372363e-08,-2.0873753459990325e-06,-1.7298841388019505e-06,-1.4520463458547684e-06,-1.1681048390950102e-06,-8.3904680884839117e-07,-6.4877340191070114e-07,-4.0611397008800215e-07,-2.5351569538511805e-07,-1.0965930559811929e-07,1.9084008475191158e-08,ok,1,-1.4437340212225536e-12,-1.4437340212225536e-12,-1.4372947276797277e-12,-1.4274137427605638e-12,-1.4057643937803732e-12,-1.3805623311213822e-12,-1.3273826482418372e-12,-1.2672085603071537e-12,-1.2120304759832834e-12,-1.176836406102666e-12,-1.1306511282782594e-12
187,1.2570687923472750e+00,2.3290875331366513e+11,1.1257068792347276e+00,-1.6825412473055841e-06,-1.4318400484801322e-06,-1.1862115750255312e-06,-9.5061820825287198e-07,-7.3006060021136746e-07,-5.2942947472931638e-07,-3.5358448817798385e-07,-2.0747053205603829e-07,-9.5788803362405665e-08,-2.3565923102320587e-08,-1.6469852854532638e-06,-1.4308054279364945e-06,-1.1827721687093744e-06,-9.6653321767759066e-07,-7.4636705286882878e-07,-5.0298907681357500e-07,-3.4471691037224016e-07,-2.1522046036935080e-07,-6.2438981266242087e-08,5.1546667762117816e-08,ok,1,2.5146551507759796e-12,2.2375434838295405e-12,2.262412479581144e-12,2.2857271630982723e-12,2.3165913631828516e-12,2.3436808049837055e-12,2.390310172017962e-12,2.4353852268177434e-12,2.4720225866303736e-12,2.489342065814526e-12,2.5146551507759796e-12
188,1.0943295093206824e+00,2.2954167754784491e+11,1.1094329509320682e+00,-1.7072219236772985e-06,-1.4528432666235335e-06,-1.2036117451777714e-06,-9.6456253228541525e-07,-7.4076963301159104e-07,-5.3719551169748106e-07,-3.5877110950832250e-07,-2.1051385302443335e-07,-9.7193899647258368e-08,-2.3911604328493246e-08,-1.7324099685937930e-06,-1.4122678519415734e-06,-1.2552541779408039e-06,-9.4114192832443408e-07,-7.2197739516634211e-07,-5.1872988324459473e-07,-4.2724481184586313e-07,-2.0303716350336172e-07,-1.1107784979708986e-07,-2.2381654466455383e-08,ok,1,-1.956212969389526e-12,-1.3777867735598193e-12,-1.421862627637438e-12,-1.4812595594548839e-12,-1.5450973833708304e-12,-1.6180390360887031e-12,-1.6718848527830232e-12,-1.7257306694773433e-12,-1.7866819135292644e-12,-1.8650636590678005e-12,-1.956212969389526e-12
189,8.7807642950467846e-01,2.2506740132645178e+11,1.0878076429504677e+00,-1.7411610122047897e-06,-1.4817253794635487e-06,-1.2275392059290333e-06,-9.8373776235933803e-07,-7.5549592360382378e-07,-5.4787480638989706e-07,-3.6590337759721512e-07,-2.1469880882608180e-07,-9.9126086856656318e-08,-2.4386960253171146e-08,-1.7243941338086056e-06,-1.4596006662836983e-06,-1.1699524217887949e-06,-1.0393666864508862e-06,-7.6790816337421689e-07,-5.5140913345294220e-07,-2.9126012678578067e-07,-1.8550390560397149e-07,-8.7608023097549453e-08,-8.3078458623173698e-09,ok,1,-1.2534417948018017e-13,-4.96269692007445e-14,-5.81756864903582e-14,-7.405187574249794e-14,-8.504308368628699e-14,-9.992007221626409e-14,-9.64783808399261e-14,-8.981704269217516e-14,-8.948397578478762e-14,-1.0769163338864018e-13,-1.2534417948018017e-13
190,2.0081077313664297e-01,2.1105477489619714e+11,1.0200810773136644e+00,-1.8567624660451178e-06,-1.5801020412755830e-06,-1.3090396047183877e-06,-1.0490513747874419e-06,-8.0565580343488455e-07,-5.8425003171191675e-07,-3.9019691628696822e-07,-2.2895337475303728e-07,-1.0570739649644367e-07,-2.6006091419230454e-08,-1.7785197654883310e-06,-1.5687241838337575e-06,-1.3350431049014502e-06,-1.0852976311222120e-06,-8.1118840363607317e-07,-5.2939577648856341e-07,-3.6677021376541558e-07,-2.0796362495119188e-07,-1.0664339659295465e-07,-3.5197704008549223e-08,ok,1,-3.2389646520414317e-12,-2.6171287359488815e-12,-2.6721957979702893e-12,-2.7432500715462993e-12,-2.81785705880111e-12,-2.897793116574121e-12,-2.9540814239226165e-12,-3.007372129104624e-12,-3.0684343954590076e-12,-3.1468161409975437e-12,-3.2389646520414317e-12
191,1.1784267569060558e+00,2.3128164960038629e+11,1.1178426756906055e+00,-1.6943781963936094e-06,-1.4419132741934498e-06,-1.1945567648054098e-06,-9.5730596069359330e-07,-7.3519669430104275e-07,-5.3315409648711972e-07,-3.5607201208957991e-07,-2.0893012071645135e-07,-9.6462693045905314e-08,-2.3731713172802816e-08,-1.7103868360021608e-06,-1.4189905091319699e-06,-1.1524112898822369e-06,-1.0099952757309629e-06,-7.9906087741240294e-07,-4.9297574957143193e-07,-3.6870335190596129e-07,-2.4809745142470314e-07,-8.4747476137458774e-08,4.2747646111405274e-08,ok,1,2.8543833963112775e-12,2.4380497620768438e-12,2.4713564528155985e-12,2.503552920529728e-12,2.5437429940211587e-12,2.581268532253489e-12,2.6407764863733973e-12,2.7040591987770313e-12,2.7622348852673895e-12,2.801758824944045e-12,2.8543833963112775e-12
192,2.0043807192575605e-01,2.1104706370814389e+11,1.0200438071925757e+00,-1.8568303080028981e-06,-1.5801597746788017e-06,-1.3090874341050260e-06,-1.0490897047842765e-06,-8.0568524030060331e-07,-5.8427137890470573e-07,-3.9021117321184354e-07,-2.2896174019861834e-07,-1.0571125880891360e-07,-2.6007041623801847e-08,-1.8794076825515485e-06,-1.5793129293592884e-06,-1.2661242268727349e-06,-1.0761229952623552e-06,-7.8535485298988955e-07,-6.0157893705760610e-07,-3.8131058777861331e-07,-2.3001089192641712e-07,-1.7693627033740672e-07,-5.8478185282408122e-08,ok,1,1.057154364048074e-12,1.057154364048074e-12,1.056710274838224e-12,1.049382802875698e-12,1.0453859999870474e-12,1.0320633236915455e-12,1.034949903555571e-12,1.0380585280245214e-12,1.0362821711851211e-12,1.0171863351615684e-12,9.972023207183156e-13
193,-1.7947194762234611e+00,1.6976725403693658e+11,8.2052805237765392e-01,-2.3083284614034564e-06,-1.9643840181491748e-06,-1.6273989979516499e-06,-1.3041814395648105e-06,-1.0015918865083245e-06,-7.2634006850073974e-07,-4.8509309289077230e-07,-2.8463500363763657e-07,-1.3141551295649774e-07,-3.2330791951411940e-08,-2.3393937678600619e-06,-1.9757551382927260e-06,-1.5372950493140637e-06,-1.3304464889808147e-06,-9.9691289336329646e-07,-7.6287059531994985e-07,-4.8305242081558946e-07,-2.9207552787178164e-07,-1.1664512602891616e-07,-7.6542219219655031e-08,ok,1,-4.900524430695441e-13,-2.916555885690286e-13,-3.05089287166993e-13,-3.269606807521086e-13,-3.467226505904364e-13,-3.7569947153315297e-13,-3.885780586188048e-13,-4.007905118896815e-13,-4.1822101337629647e-13,-4.5274894944213884e-13,-4.900524430695441e-13
194,-1.6996822583518321e+00,1.7173357407470059e+11,8.3003177416481677e-01,-2.2818984955081739e-06,-1.9418921572754897e-06,-1.6087655578963924e-06,-1.2892487852460183e-06,-9.9012383079467053e-07,-7.1802359900375648e-07,-4.7953885998369246e-07,-2.8137598155121641e-07,-1.2991082782028032e-07,-3.1960609915847004e-08,-2.2886983668175854e-06,-1.9347859175065123e-06,-1.5717356890387624e-06,-1.2601566245693097e-06,-9.8083737453280388e-07,-7.2186340993280357e-07,-4.0243841050543006e-07,-2.8058162224428012e-07,-9.5608278198327888e-08,5.7368977581795325e-09,ok,1,4.069411474461049e-12,3.610667320685934e-12,3.6566305539054156e-12,3.702815831729822e-12,3.754330180072429e-12,3.7974068334278854e-12,3.858691144387194e-12,3.920863633766203e-12,3.977262963417161e-12,4.016120769279041e-12,4.069411474461049e-12
195,1.3338255684127902e+00,2.3449685101046063e+11,1.1333825568412790e+00,-1.6711464679370167e-06,-1.4221431085271836e-06,-1.1781781201527677e-06,-9.4418027707939719e-07,-7.2511636512750431e-07,-5.2584398637038179e-07,-3.5118988582437711e-07,-2.0606546639005582e-07,-9.5140086855750211e-08,-2.3406326126741847e-08,-1.6718535701140709e-06,-1.4520350515453414e-06,-1.1684708670751788e-06,-9.5233639114232096e-07,-6.9549330242401146e-07,-5.5355666482196152e-07,-3.2534715963048792e-07,-3.2430358427918247e-07,-9.5375866857371484e-08,1.3495805074186465e-08,ok,1,2.085887018665744e-12,1.5265566588595902e-12,1.5631940186722204e-12,1.6071588504473766e-12,1.6675549829869851e-12,1.7288392939462938e-12,1.8098855747439302e-12,1.8893775433070914e-12,1.9613199953028015e-12,2.015054789694659e-12,2.085887018665744e-12
196,8.3408864210199149e-02,2.0862572940050903e+11,1.0083408864210199e+00,-1.8783808949858987e-06,-1.5984992915019010e-06,-1.3242808540397720e-06,-1.0612655610477792e-06,-8.1503611624076336e-07,-5.9105250000044809e-07,-3.9474000915007691e-07,-2.3161909659607425e-07,-1.0693815588628375e-07,-2.6308882352205223e-08,-1.8772877561970362e-06,-1.6506618975776149e-06,-1.2982943225264713e-06,-1.0216779115313486e-06,-7.6298700590736151e-07,-4.9996051177760027e-07,-4.2709002827189635e-07,-1.8294969138036732e-07,-7.0753742001740338e-08,5.4644444450423877e-08,ok,1,1.4013235016818726e-12,1.34781075189494e-12,1.3493650641294153e-12,1.347588707290015e-12,1.3538059562279159e-12,1.3535839116229909e-12,1.3700152123874432e-12,1.3888890038060708e-12,1.4013235016818726e-12,1.3939960297193466e-12,1.3862244685469705e-12
197,-1.4872734406062644e+00,1.7612831251385638e+11,8.5127265593937351e-01,-2.2249607613595479e-06,-1.8934382319084583e-06,-1.5686237786613804e-06,-1.2570795609221499e-06,-9.6541834649573446e-07,-7.0010753618436614e-07,-4.6757344777196921e-07,-2.7435511236480622e-07,-1.2666930406619824e-07,-3.1163131537980209e-08,-2.1705967534687485e-06,-1.8659040503528791e-06,-1.5380272034205398e-06,-1.2412286306886589e-06,-9.8065044031775890e-07,-7.7300646664703439e-07,-4.5967689590632902e-07,-2.4353244760722643e-07,-1.4605870858681145e-07,-7.8535522341997013e-08,ok,1,-2.9032332093947844e-13,-2.1327384303049257e-13,-2.2293278334473143e-13,-2.398081733190338e-13,-2.5213164889237305e-13,-2.703393064962256e-13,-2.6645352591003757e-13,-2.5912605394751154e-13,-2.5768276401549883e-13,-2.743361093848762e-13,-2.9032332093947844e-13
198,-1.2212856522822835e+00,1.8163159985427954e+11,8.7787143477177154e-01,-2.1575462894338102e-06,-1.8360686185900346e-06,-1.5210957747861299e-06,-1.2189910893232638e-06,-9.3616696860800603e-07,-6.7889485654421777e-07,-4.5340635879894631e-07,-2.6604237924108068e-07,-1.2283132885738114e-07,-3.0218914411713460e-08,-2.2120732138070620e-06,-1.8868444818279251e-06,-1.5236428274497369e-06,-1.2697189491927594e-06,-9.5599527128219340e-07,-6.9177373831269800e-07,-4.2184578828499970e-07,-2.4655296088821372e-07,-1.6441590658051833e-07,-7.9995262002349081e-08,ok,1,4.6775916473507095e-12,4.188871471910716e-12,4.239941731043473e-12,4.29101199017623e-12,4.3438586061483875e-12,4.387601393318619e-12,4.451772284141953e-12,4.518163621014537e-12,4.5781156643442955e-12,4.6205261838849765e-12,4.6775916473507095e-12
199,4.1680117672896921e-01,2.1552361634652237e+11,1.0416801176728969e+00,-1.8182628472509505e-06,-1.5473389240986310e-06,-1.2818969159311072e-06,-1.0272994928085062e-06,-7.8895068262474452e-07,-5.7213571773141397e-07,-3.8210625697754659e-07,-2.2420606980125442e-07,-1.0351557360950700e-07,-2.5466860028984274e-08,-1.7556536572676339e-06,-1.6002779457647057e-06,-1.3883134740628459e-06,-1.0248319751596775e-06,-7.9835338384239506e-07,-5.1324007581841468e-07,-3.3103936095930217e-07,-1.2238160429664580e-07,-7.7292917385980082e-08,-7.9891087276538227e-08,ok,1,7.298606163885779e-13,4.169997680492088e-13,4.289901767151605e-13,4.418687638008123e-13,4.694022948115162e-13,5.011546733157957e-13,5.559996907322784e-13,6.121769757783113e-13,6.610267888618182e-13,6.901146321069973e-13,7.298606163885779e-13
200,1.7723567818449497e+00,2.4357006181637201e+11,1.1772356781844950e+00,-1.6088947113827813e-06,-1.3691669581561613e-06,-1.1342898919688979e-06,-9.0900868567192408e-07,-6.9810510770528286e-07,-5.0625580995775670e-07,-3.3810773671518835e-07,-1.9838933656289685e-07,-9.1596030341736380e-08,-2.2534418760244101e-08,-1.6262403919851972e-06,-1.3734522486501648e-06,-1.1173083840064273e-06,-9.4328080069470228e-07,-6.7617910846200142e-07,-5.5232670370379277e-07,-2.6245187388753122e-07,-2.6152732780264358e-07,-3.7460396837997183e-08,-2.1932635713714906e-09,ok,1,-9.211520435314924e-13,-8.875122858853501e-13,-9.017231406005521e-13,-9.183764859699295e-13,-9.211520435314924e-13,-9.195977312970172e-13,-8.97171226199589e-13,-8.738565426824607e-13,-8.569811527081583e-13,-8.590905764549461e-13,-8.593126210598712e-13
201,9.4141945535194549e-01,2.2637796853123175e+11,1.0941419455351946e+00,-1.7310809300543061e-06,-1.4731472448484102e-06,-1.2204326282192515e-06,-9.7804262136472976e-07,-7.5112214029453532e-07,-5.4470300147491150e-07,-3.6378505764907613e-07,-2.1345585563838772e-07,-9.8552217414555832e-08,-2.4245777122487822e-08,-1.7063369314377969e-06,-1.4333715429411315e-06,-1.1789595950682994e-06,-9.9164601777139705e-07,-7.5567093137055344e-07,-5.6146733431795110e-07,-3.9088469993998721e-07,-2.2965537502040758e-07,-8.3750697024497522e-08,-8.2605005169207222e-09,ok,1,2.991829006759872e-12,2.4580337765200966e-12,2.4984458946164523e-12,2.5410784587620583e-12,2.595257342363766e-12,2.6501023597802487e-12,2.7255975254547593e-12,2.8033131371785203e-12,2.873701276939755e-12,2.9245494914675874e-12,2.991829006759872e-12
202,-2.1429225942995580e+00,1.6256293152394214e+11,7.8570774057004422e-01,-2.4106269531161300e-06,-2.0514398793757462e-06,-1.6995206503460347e-06,-1.3619790175170929e-06,-1.0459795640052573e-06,-7.5852937549096842e-07,-5.0659102638374838e-07,-2.9724920999855219e-07,-1.3723947128303674e-07,-3.3763599850213786e-08,-2.3901900170755834e-06,-1.9980473065244926e-06,-1.6797531880614798e-06,-1.3382222902613740e-06,-1.0407683370564368e-06,-7.1288348363825542e-07,-5.8332841109398024e-07,-2.7576305152380891e-07,-1.5782121131186267e-07,-5.5665769806785012e-08,ok,1,3.4210412280799574e-12,3.319566843629218e-12,3.3362201889985954e-12,3.3442137947758965e-12,3.3584246494910985e-12,3.3659741660585496e-12,3.389732938785528e-12,3.410161042438631e-12,3.4210412280799574e-12,3.4128255776977312e-12,3.4072744625746054e-12
203,-2.6292492133496659e-01,2.0146008337757953e+11,9.7370750786650329e-01,-1.9451922075016635e-06,-1.6553556170777704e-06,-1.3713836233631511e-06,-1.0990132538883077e-06,-8.4402578112673319e-07,-6.1207538912597245e-07,-4.0878034473069495e-07,-2.3985745543405987e-07,-1.1074179260972711e-07,-2.7244651538032749e-08,-1.9712264064043423e-06,-1.6885271317410349e-06,-1.4820303570830794e-06,-1.0950642396684626e-06,-7.7329185305786205e-07,-5.9741007202394202e-07,-4.1307849590903410e-07,-2.4441594943302033e-07,-1.0988239559073971e-07,-3.5088943896564439e-08,ok,1,2.16338058578458e-12,2.085442929455894e-12,2.1027624086400465e-12,2.1116441928370477e-12,2.1220802892685242e-12,2.1243007353177745e-12,2.1402879468723768e-12,2.154942890797429e-12,2.16338058578458e-12,2.1542767569826538e-12,2.148281552649678e-12
204,1.1750068853066680e+00,2.3121089245699496e+11,1.1175006885306669e+00,-1.6948967245647444e-06,-1.4423545408802822e-06,-1.1949223333283131e-06,-9.5759892368731425e-07,-7.3542168550903289e-07,-5.3331725688368900e-07,-3.5618098030547614e-07,-2.0899405930675126e-07,-9.6492213387864069e-08,-2.3738975755526622e-08,-1.6863404728883505e-06,-1.4233500060629751e-06,-1.1728989591995162e-06,-9.3488162478485499e-07,-7.4241660482639231e-07,-5.1789430067663260e-07,-3.8258278316379035e-07,-2.0720459115153587e-07,-9.9672700868738053e-08,-2.5044289435040862e-08,ok,1,3.0808688933348094e-12,2.9760638398101946e-12,2.993605363599272e-12,3.0042635046356736e-12,3.0178082255361005e-12,3.021805028424751e-12,3.043343355102479e-12,3.0655478155949822e-12,3.0808688933348094e-12,3.077760268865859e-12,3.077538224260934e-12
205,5.7832391603375954e-01,2.1886552182273849e+11,1.0578323916033761e+00,-1.7904993945384179e-06,-1.5237122679667001e-06,-1.2623233518220479e-06,-1.0116134323836706e-06,-7.7690402226277874e-07,-5.6339965244335333e-07,-3.7627179304795282e-07,-2.2078261833149870e-07,-1.0193497169747797e-07,-2.5078000978585927e-08,-1.8623649520431246e-06,-1.5792261311629965e-06,-1.2633615008248972e-06,-8.9981709749264508e-07,-8.2394816167794830e-07,-4.7648182410500523e-07,-3.5442464888396532e-07,-1.7616158016252961e-07,-5.2598250396532299e-08,-6.5299898496408962e-08,ok,1,2.9096725029376103e-12,2.7109425815297072e-12,2.7262636592695344e-12,2.738920201750261e-12,2.7553515025147135e-12,2.76623168815604e-12,2.7988722450800196e-12,2.837063917127125e-12,2.871480830890505e-12,2.887245997840182e-12,2.9096725029376103e-12
206,-3.4609408190351888e-02,2.0618393134454163e+11,9.9653905918096486e-01,-1.9006262115227694e-06,-1.6174300221212378e-06,-1.3399640665663563e-06,-1.0738339322435917e-06,-8.2468843779240504e-07,-5.9805222512946852e-07,-3.9941484186202118e-07,-2.3436211859632758e-07,-1.0820460463154591e-07,-2.6620453566128832e-08,-1.9245948027240854e-06,-1.6026655665776533e-06,-1.3304626121586966e-06,-1.0526836430407145e-06,-8.0777321339799860e-07,-5.9160763231965279e-07,-4.8785467646910637e-07,-2.2436688358795549e-07,-4.5412378206536998e-08,-7.0004863091842105e-09,ok,1,1.071365218763276e-12,9.2148511043888e-13,9.43911615536308e-13,9.63895629979561e-13,9.85878045867139e-13,9.960920976936904e-13,1.0200729150255938e-12,1.042943509332872e-12,1.0615952561465747e-12,1.0644818360106e-12,1.071365218763276e-12
207,2.4744129156769457e-01,2.1201956032253561e+11,1.0247441291567696e+00,-1.8483133523706242e-06,-1.5729118583587843e-06,-1.3030828791669469e-06,-1.0442777139246523e-06,-8.0198970311785821e-07,-5.8159142835137214e-07,-3.8842134285676809e-07,-2.2791153277020185e-07,-1.0522637976679916e-07,-2.5887751875738487e-08,-1.9234241215429081e-06,-1.5777043221076032e-06,-1.2676642659873493e-06,-1.0436809506326114e-06,-7.9231368174245200e-07,-6.0049142217002537e-07,-3.7126058942842241e-07,-2.4108728764705625e-07,-1.3848819040053267e-07,2.1674837255151687e-08,ok,1,-7.560618797697316e-14,1.4654943925052066e-14,2.6645352591003757e-15,-1.5210055437364645e-14,-2.786659791809143e-14,-4.707345624410664e-14,-4.463096558993129e-14,-3.885780586188048e-14,-3.852473895449293e-14,-5.684341886080802e-14,-7.560618797697316e-14
208,-4.7587159983571603e-02,2.0591542165993991e+11,9.9524128400164291e-01,-1.9031045909533999e-06,-1.6195391192562428e-06,-1.3417113535186601e-06,-1.0752341907025012e-06,-8.2576381539630885e-07,-5.9883207354182927e-07,-3.9993567100908929e-07,-2.3466772221829290e-07,-1.0834570132109755e-07,-2.6655166117277180e-08,-1.8689678740220004e-06,-1.6255417004635125e-06,-1.3783846506716182e-06,-1.0248210772076527e-06,-8.1667760746118226e-07,-5.9108751453855272e-07,-4.1603947948702190e-07,-2.0001190615751793e-07,-6.9678583549020757e-08,-9.3909700282979542e-08,ok,1,3.914868429433227e-12,3.19211324040225e-12,3.256506175830509e-12,3.3280045386163692e-12,3.4152680683519065e-12,3.496758438359393e-12,3.5926817076870066e-12,3.686606575570295e-12,3.770761480836882e-12,3.8336001040306655e-12,3.914868429433227e-12
209,-1.5080784859730438e+00,1.7569785612521771e+11,8.4919215140269555e-01,-2.2304118726884346e-06,-1.8980771193781559e-06,-1.5724668769303461e-06,-1.2601593818136863e-06,-9.6778360298784994e-07,-7.0182278626339026e-07,-4.6871899377994500e-07,-2.7502727714497241e-07,-1.2697964143948973e-07,-3.1239480614468537e-08,-2.2066914323696945e-06,-1.8668685306617253e-06,-1.5369436655227762e-06,-1.2782372822997214e-06,-1.0154814411578954e-06,-7.1215854747754417e-07,-5.4150348756172511e-07,-3.4166297139298166e-07,-1.2379285551946805e-07,-3.4982089856710226e-08,ok,1,-1.0866862965031032e-12,-7.549516567451064e-13,-7.7982065249671e-13,-8.171241461241152e-13,-8.548717289613705e-13,-9.002798506685394e-13,-9.273692924693933e-13,-9.524603328259218e-13,-9.827694213981886e-13,-1.0302869668521453e-12,-1.0866862965031032e-12
210,-5.5248485281425852e-01,1.9546908839527298e+11,9.4475151471857410e-01,-2.0048110293276124e-06,-1.7060911439899590e-06,-1.4134156012730504e-06,-1.1326972647100292e-06,-8.6989459885452815e-07,-6.3083508466018379e-07,-4.2130918503983772e-07,-2.4720892375886281e-07,-1.1413595344216311e-07,-2.8079681628882105e-08,-2.0008290290083421e-06,-1.7504456753670033e-06,-1.4118620805910184e-06,-1.1265580621597562e-06,-8.9430429228279186e-07,-6.1468761990487916e-07,-4.1740439627594992e-07,-3.0873617159495513e-07,-1.1202409483074897e-07,-8.9716493778287273e-08,ok,1,-1.149080830487037e-12,-1.0936807015582417e-12,-1.0953460360951794e-12,-1.1015632850330803e-12,-1.1065592886438935e-12,-1.1225465001984958e-12,-1.1185496973098452e-12,-1.1118883591620943e-12,-1.112887559884257e-12,-1.131428284395497e-12,-1.149080830487037e-12
211,1.1475476610972712e+00,2.3064276110810254e+11,1.1147547661097270e+00,-1.6990716830897404e-06,-1.4459074242502775e-06,-1.1978657287045859e-06,-9.5995773159117373e-07,-7.3723321478456956e-07,-5.3463095192838249e-07,-3.5705834398124629e-07,-2.0950886443737370e-07,-9.6729898069825989e-08,-2.3797450845946881e-08,-1.7028343326093860e-06,-1.3956658493744510e-06,-1.2429753146459880e-06,-9.6853790253375758e-07,-7.8344099920889035e-07,-6.0870952521202773e-07,-3.0302191206065817e-07,-2.1070039007276181e-07,-8.7109976762480063e-08,-1.0356427882638882e-07,ok,1,1.849853603630436e-12,1.334043986389588e-12,1.3722356584366935e-12,1.4146461779773745e-12,1.4701573292086323e-12,1.5216716775512396e-12,1.5931700403370996e-12,1.666666804567285e-12,1.7339463198595695e-12,1.7839063559677015e-12,1.849853603630436e-12
212,-1.3712808643137811e-01,2.0406281989173480e+11,9.8628719135686227e-01,-1.9203820887830783e-06,-1.6342422436933884e-06,-1.3538921948176895e-06,-1.0849957962830750e-06,-8.3326058283374923e-07,-6.0426862174805341e-07,-4.0356652121044802e-07,-2.3679817320884213e-07,-1.0932932703884127e-07,-2.6897157323052496e-08,-2.0192269849019293e-06,-1.6991792695151354e-06,-1.3270081852830520e-06,-1.0477408572496787e-06,-8.0657177785369490e-07,-5.5343684585546124e-07,-3.8051851090702640e-07,-2.4233560727603299e-07,-7.2979984288820147e-08,1.8553889729738561e-09,ok,1,-3.5834668565826178e-12,-3.141487070479343e-12,-3.1860070137668117e-12,-3.24462678946702e-12,-3.301914297537678e-12,-3.362865541589599e-12,-3.3985037006800667e-12,-3.4292568784621835e-12,-3.465339126762501e-12,-3.520628233388834e-12,-3.5834668565826178e-12
213,1.1418738103613100e+00,2.3052536913637549e+11,1.1141873810361309e+00,-1.6999369126959520e-06,-1.4466437333322340e-06,-1.1984757258593776e-06,-9.6044657726967456e-07,-7.3760864097176621e-07,-5.3490320561389998e-07,-3.5724017118322400e-07,-2.0961555403375790e-07,-9.6779156480966158e-08,-2.3809569380557707e-08,-1.6962879604609912e-06,-1.4383206362283543e-06,-1.2369483568355150e-06,-9.4426646557664670e-07,-7.2779389367901932e-07,-5.4614956083157083e-07,-3.6649881863424023e-07,-2.1466521196794457e-07,-1.3297435263916327e-07,-8.7447316707980773e-08,ok,1,-3.9679370900103095e-13,-2.5779378631796135e-13,-2.80109269112927e-13,-3.097522238704187e-13,-3.318456620604593e-13,-3.5582647939236267e-13,-3.5726976932437537e-13,-3.5627056860221273e-13,-3.5860203695392556e-13,-3.771427614651657e-13,-3.9679370900103095e-13
214,3.6706401333970645e-01,2.1449455443599854e+11,1.0367064013339706e+00,-1.8269861691257814e-06,-1.5547624577778909e-06,-1.2880469615226043e-06,-1.0322280784368310e-06,-7.9273576285016101e-07,-5.7488060361479731e-07,-3.8393945500769573e-07,-2.2528172380586563e-07,-1.0401220129398881e-07,-2.5589040173344556e-08,-1.8496794083586303e-06,-1.6179009254316911e-06,-1.3022630089417137e-06,-1.0100344480405010e-06,-7.7887638487427719e-07,-5.7154567755216251e-07,-4.4707346990789822e-07,-2.5595983685065408e-07,-9.9037430488319325e-08,-3.9577449147054705e-08,ok,1,-1.3555823130673161e-12,-1.3257173137048994e-12,-1.3322676295501878e-12,-1.3442580382161395e-12,-1.3485879080121776e-12,-1.3555823130673161e-12,-1.3388179453954763e-12,-1.3141709942487978e-12,-1.291189377639057e-12,-1.2848611063986937e-12,-1.2714274078007293e-12
215,-1.2813124532016357e-01,2.0424896453432581e+11,9.8718687546798356e-01,-1.9186319264853809e-06,-1.6327528582336101e-06,-1.3526583095984748e-06,-1.0840069728884937e-06,-8.3250118122045919e-07,-6.0371791459151361e-07,-4.0319872622097114e-07,-2.3658236447088128e-07,-1.0922968849952652e-07,-2.6872644289449698e-08,-1.8551918860665999e-06,-1.6472517295751773e-06,-1.3468902246306979e-06,-1.0912772468481280e-06,-8.2682982565053703e-07,-5.7102502492909842e-07,-4.4614933741984023e-07,-2.0195520204295143e-07,-1.4913246953382676e-07,-4.4974963061071018e-08,ok,1,-2.5547342019649477e-12,-1.9090284908429567e-12,-1.964872708981602e-12,-2.0420332091930504e-12,-2.1217472223611367e-12,-2.206901328349886e-12,-2.2685187062165824e-12,-2.326139281194628e-12,-2.3852031461046863e-12,-2.4623636463161347e-12,-2.5547342019649477e-12
216,1.1974280402524839e+00,2.3167478615282388e+11,1.1197428040252484e+00,-1.6915029503859105e-06,-1.4394664442035244e-06,-1.1925296821998076e-06,-9.5568147676917172e-07,-7.3394911488520040e-07,-5.3224936979094529e-07,-3.5546778179812753e-07,-2.0857558033289976e-07,-9.6299002334030740e-08,-2.3691442049316990e-08,-1.6386148662621499e-06,-1.4605563991809808e-06,-1.1444935322794443e-06,-9.4111322454028228e-07,-6.8894524217589178e-07,-5.5597235417622397e-07,-3.9152243425723775e-07,-2.7198894107950401e-07,-8.3475845206189914e-08,2.1696266159898635e-09,ok,1,-1.0662581928500003e-12,-9.170442183403793e-13,-9.405809464624326e-13,-9.724443472691746e-13,-9.973133430207781e-13,-1.0231815394945443e-12,-1.024846874031482e-12,-1.0219602941674566e-12,-1.0251799409388695e-12,-1.04549702228951e-12,-1.0662581928500003e-12
217,-6.9317192419930873e-01,1.9255827288831631e+11,9.3068280758006916e-01,-2.0351168424484117e-06,-1.7318813449717335e-06,-1.4347815596839168e-06,-1.1498197321768768e-06,-8.8304439839282208e-07,-6.4037113065466629e-07,-4.2767792365971628e-07,-2.5094586820686318e-07,-1.1586129454655667e-07,-2.8504149357513317e-08,-1.9909905643282136e-06,-1.7801863808912464e-06,-1.4076132939165061e-06,-1.1823612905541555e-06,-8.7871269720622695e-07,-6.3932766030202519e-07,-4.4222172371064153e-07,-2.2885646761218625e-07,-1.3558068097814105e-07,-1.2098887989710888e-07,ok,1,-2.44804176929847e-13,-2.44804176929847e-13,-2.3880897259687117e-13,-2.3314683517128287e-13,-2.1593837828959295e-13,-1.942890293094024e-13,-1.4621637234313312e-13,-9.559020242022598e-14,-5.395683899678261e-14,-3.275157922644212e-14,-1.887379141862766e-15
218,1.1864660797665945e+00,2.3144798319037085e+11,1.1186466079766595e+00,-1.6931605059016936e-06,-1.4408770214324586e-06,-1.1936982785372969e-06,-9.5661797830057882e-07,-7.3466833408826712e-07,-5.3277093724001349e-07,-3.5581611555803839e-07,-2.0877996992837801e-07,-9.6393368674048656e-08,-2.3714658018557692e-08,-1.6857186105168019e-06,-1.4190613579098161e-06,-1.1715635225179310e-06,-9.5264861290664526e-07,-7.2040938752217091e-07,-4.9983818925346191e-07,-3.5428805357429767e-07,-2.6541453875156327e-07,-7.0756888193449071e-08,-1.8111822811501288e-08,ok,1,2.0310420012492614e-12,1.6564527527407336e-12,1.680211525467712e-12,1.7039702981946903e-12,1.7403856134023954e-12,1.7752466163756253e-12,1.8316459460265833e-12,1.892930256985892e-12,1.9482193636122247e-12,1.9833024111903796e-12,2.0310420012492614e-12
219,8.6656095441384764e-02,2.0869291461468225e+11,1.0086656095441384e+00,-1.8777761814804616e-06,-1.5979846812262755e-06,-1.3238545238318071e-06,-1.0609239042413597e-06,-8.1477372891111820e-07,-5.9086222047286926e-07,-3.9461292916571246e-07,-2.3154453067802138e-07,-1.0690372892457868e-07,-2.6300412644851943e-08,-1.8774078768732317e-06,-1.5979546246927767e-06,-1.3791373393600463e-06,-1.0274186192521727e-06,-7.6378202532362663e-07,-5.6614309661351085e-07,-4.1474127316224819e-07,-2.0624537975472309e-07,-8.8311182657349872e-08,-2.1745068163907508e-08,ok,1,-1.8991475059237928e-12,-1.7857937351095643e-12,-1.8159918013793686e-12,-1.8531842727043113e-12,-1.8799406475977776e-12,-1.8991475059237928e-12,-1.8882673202824662e-12,-1.8742785101721893e-12,-1.8673951274195133e-12,-1.8803847368076276e-12,-1.8930412792883544e-12
220,8.2586887049093768e-02,2.0860872269304575e+11,1.0082586887049094e+00,-1.8785340289180076e-06,-1.5986296082457553e-06,-1.3243888152817564e-06,-1.0613520801178582e-06,-8.1510256159564787e-07,-5.9110068521864820e-07,-3.9477219010433358e-07,-2.3163797921090252e-07,-1.0694687395848565e-07,-2.6311027168841739e-08,-1.8961350519647573e-06,-1.5822721132200615e-06,-1.3009396566117308e-06,-1.0550212739080840e-06,-8.1428662722141649e-07,-5.6862332730144586e-07,-3.6685978281727895e-07,-1.3154820525120709e-07,-1.2488764483239522e-07,-3.0566939392899762e-09,ok,1,3.0819791163594346e-13,3.0819791163594346e-13,3.0042635046356736e-13,2.866595849582154e-13,2.708944180085382e-13,2.3869795029440866e-13,2.2226664952995634e-13,2.0938806244430452e-13,1.9517720772910252e-13,1.6431300764452317e-13,1.2989609388114332e-13
221,-1.1878599039392930e-01,2.0444231785874960e+11,9.8812140096060708e-01,-1.9168173615557076e-06,-1.6312086662318719e-06,-1.3513790197585965e-06,-1.0829817626807241e-06,-8.3171383507765864e-07,-6.0314694246310745e-07,-4.0281739707818345e-07,-2.3635861438347673e-07,-1.0912638345224973e-07,-2.6847229223028102e-08,-1.9136992935806825e-06,-1.6184967204400118e-06,-1.3512784929357851e-06,-1.1570406143962874e-06,-8.2132047858755259e-07,-6.0222815191267649e-07,-3.7060090497174187e-07,-2.6403432823862511e-07,-1.6275442942043706e-07,1.2772904288314458e-08,ok,1,1.3913314944602462e-12,1.163291685202239e-12,1.176614361497741e-12,1.1881606809538425e-12,1.2101430968414206e-12,1.2301271112846734e-12,1.2703171847761041e-12,1.312727704316785e-12,1.3482548411047901e-12,1.3646861418692424e-12,1.3913314944602462e-12
222,4.2829134502585081e-01,2.1576134792858484e+11,1.0428291345025851e+00,-1.8162594369661401e-06,-1.5456340249860658e-06,-1.2804844878712890e-06,-1.0261675869496785e-06,-7.8808139581374262e-07,-5.7150532340574137e-07,-3.8168524215754138e-07,-2.2395903360018742e-07,-1.0340151740184046e-07,-2.5438799966377116e-08,-1.8108535722280274e-06,-1.5332117063946848e-06,-1.2530882338113393e-06,-1.0399108701342181e-06,-7.8791805631218444e-07,-5.8166163101483580e-07,-3.8502786174450588e-07,-2.2212655400520249e-07,-3.4143779282842443e-08,-8.1438696543648299e-08,ok,1,-4.0445424787094453e-13,-1.5021317523178368e-13,-1.6009416015094757e-13,-1.851852005074761e-13,-2.1527224447481785e-13,-2.554623179662485e-13,-2.785549568784518e-13,-2.984279490192421e-13,-3.220756994437579e-13,-3.6148861681795097e-13,-4.0445424787094453e-13
223,-1.1012936291759430e+00,1.8411423481234973e+11,8.8987063708240566e-01,-2.1284534827284967e-06,-1.8113106842271384e-06,-1.5005850003135192e-06,-1.2025539577948704e-06,-9.2354349684479376e-07,-6.6974049590212848e-07,-4.4729253235603659e-07,-2.6245500799763363e-07,-1.2117504545547450e-07,-2.9811436231433033e-08,-2.2222496186153244e-06,-1.7991080694654546e-06,-1.4934052182630345e-06,-1.2194888533766855e-06,-9.2171489463253438e-07,-5.9380745576094314e-07,-3.9153871890875860e-07,-2.7390612653092255e-07,-4.3133140313051941e-08,-7.1104084300854641e-08,ok,1,-4.724887148199741e-12,-4.20496970576778e-12,-4.251377028197112e-12,-4.310773960014558e-12,-4.373390538603417e-12,-4.4474424143459146e-12,-4.499844941108222e-12,-4.543476705975991e-12,-4.589661983800397e-12,-4.6526116292966435e-12,-4.724887148199741e-12
224,-1.3751303408425791e-02,2.0661548553247968e+11,9.9862486965915742e-01,-1.8966564064513464e-06,-1.6140517240288626e-06,-1.3371653068128003e-06,-1.0715910338952969e-06,-8.2296592532609303e-07,-5.9680308379789848e-07,-3.9858059099486083e-07,-2.3387261049552590e-07,-1.0797859954663980e-07,-2.6564851885506523e-08,-1.8290455735668423e-06,-1.6356217017298793e-06,-1.2917968110414716e-06,-1.0165572184063212e-06,-8.4736199993369642e-07,-5.2683545828010094e-07,-4.1208639890852695e-07,-2.3503914488570830e-07,-4.2824639216562464e-08,2.2681823965443499e-09,ok,1,-2.012834343645409e-12,-1.6658896484500474e-12,-1.7141843500212417e-12,-1.7745804825608502e-12,-1.828981410767483e-12,-1.8822721159494904e-12,-1.905475777164156e-12,-1.9205748102990583e-12,-1.9378942894832107e-12,-1.9727552924564407e-12,-2.012834343645409e-12
225,5.3424636187301267e-01,2.1795355722715262e+11,1.0534246361873012e+00,-1.7979912293845447e-06,-1.5300878080531198e-06,-1.2676051844230808e-06,-1.0158462407200463e-06,-7.8015475590936891e-07,-5.6575703785286493e-07,-3.7784619521716535e-07,-2.2170642032688240e-07,-1.0236148955909580e-07,-2.5182932732358629e-08,-1.7629073833465355e-06,-1.5191407574170573e-06,-1.2427001373328820e-06,-9.8924671814811668e-07,-7.1866528402755732e-07,-5.3740039922408299e-07,-4.0240697967679162e-07,-2.1184852480755258e-07,-1.1001024033536402e-07,-1.9191477602989602e-08,ok,1,-7.732703366514215e-13,-7.732703366514215e-13,-7.701617121824711e-13,-7.703837567873961e-13,-7.638334409421077e-13,-7.600586826583822e-13,-7.311928840181281e-13,-7.006617508409363e-13,-6.81010803305071e-13,-6.818989817247711e-13,-6.786793349533582e-13
226,4.9626562534589075e-01,2.1716773578840649e+11,1.0496265625345891e+00,-1.8044972605445957e-06,-1.5356244306985375e-06,-1.2721920137100309e-06,-1.0195220802837196e-06,-7.8297774584882899e-07,-5.6780422966186888e-07,-3.7921343165288826e-07,-2.2250866499612755e-07,-1.0273188460320199e-07,-2.5274057173009345e-08,-1.7266720639441208e-06,-1.5298538258345257e-06,-1.1764339292129278e-06,-9.7461884446705896e-07,-8.0285663839129016e-07,-5.4653416827772785e-07,-3.9542938082831846e-07,-2.7780954762061392e-07,-1.3231156026594343e-07,-1.4135610478536278e-08,ok,1,2.8763658121988556e-12,2.4653612484826226e-12,2.4922286456785514e-12,2.5215385335286555e-12,2.5643931422791866e-12,2.6076918402395677e-12,2.6720847756678268e-12,2.736477711096086e-12,2.7906565946977935e-12,2.8259616868808735e-12,2.8763658121988556e-12
227,2.9868592708225183e-01,2.1307981183133179e+11,1.0298685927082252e+00,-1.8391164368914139e-06,-1.5650852972408305e-06,-1.2965989444561340e-06,-1.0390815528628942e-06,-7.9799912895194617e-07,-5.7869752121011200e-07,-3.8648861956838254e-07,-2.2677748095978078e-07,-1.0470278991144099e-07,-2.5758938508880645e-08,-1.7596849933070843e-06,-1.5773494877073343e-06,-1.2580219669878739e-06,-1.0471593116996331e-06,-8.1443948051911902e-07,-5.8499078018617839e-07,-3.9681401098241349e-07,-2.2825955224517824e-07,-2.0354600982580442e-07,-2.0380531455225306e-08,ok,1,2.504885188159278e-12,2.1587176490811544e-12,2.1864732246967833e-12,2.2162272017567375e-12,2.2579715874826434e-12,2.2948309919001986e-12,2.3510082769462315e-12,2.405409205152864e-12,2.44804176929847e-12,2.4709123636057484e-12,2.504885188159278e-12
228,-1.1678316692166280e+00,1.8273756276390796e+11,8.8321683307833720e-01,-2.1444884039159665e-06,-1.8249563778273877e-06,-1.5118898103131574e-06,-1.2116135205683444e-06,-9.3050110588140545e-07,-6.7478605417029100e-07,-4.5066225622482188e-07,-2.6443223954290345e-07,-1.2208793000739678e-07,-3.0036023723884265e-08,-2.1139277938080475e-06,-1.8096411928583435e-06,-1.5566767639938862e-06,-1.1968101179897769e-06,-9.4972529746691575e-07,-6.5939007726156048e-07,-4.3122642018600083e-07,-2.6442611414786874e-07,-1.3669146057344614e-07,-1.0939075313654894e-10,ok,1,-2.1646018311116677e-12,-2.0902168884617822e-12,-2.1128654381641354e-12,-2.1378454562182014e-12,-2.1511681325137033e-12,-2.1646018311116677e-12,-2.153499600865416e-12,-2.1403989691748393e-12,-2.134958876354176e-12,-2.1475043965324403e-12,-2.1600499167107046e-12
229,-6.5543409089320215e-02,2.0554390686594196e+11,9.9344565909106797e-01,-1.9065443986329193e-06,-1.6224663903720617e-06,-1.3441364588119051e-06,-1.0771776460666967e-06,-8.2725636011854172e-07,-5.9991444556413756e-07,-4.0065854341376860e-07,-2.3509187748362299e-07,-1.0854153310935774e-07,-2.6703344575519191e-08,-1.9506071552471357e-06,-1.5648807802734898e-06,-1.3060790081548831e-06,-1.0784660644954396e-06,-7.8411135693398791e-07,-6.0323911955525818e-07,-3.2992509341271466e-07,-2.1888778481302641e-07,-1.0199495273971091e-07,4.3764903793792341e-08,ok,1,1.2816414596272807e-12,1.2816414596272807e-12,1.2747580768746047e-12,1.2565504192707522e-12,1.2378986724570495e-12,1.2145839889399213e-12,1.2114753644709708e-12,1.2092549184217205e-12,1.2005951788296443e-12,1.1743939154484906e-12,1.1455281168082365e-12
230,-2.2734918478082995e+00,1.5986145366884628e+11,7.7265081521917001e-01,-2.4513638235823602e-06,-2.0861068943311171e-06,-1.7282406281503772e-06,-1.3849949232933366e-06,-1.0636554362319504e-06,-7.7134766447365217e-07,-5.1515184206479322e-07,-3.0227238562861601e-07,-1.3955866320834703e-07,-3.4334166520357646e-08,-2.4796901794646397e-06,-2.0837465050170314e-06,-1.7467210964688802e-06,-1.3915755034195029e-06,-1.0456357696806918e-06,-7.7203922732252990e-07,-4.5497721358942780e-07,-3.0643869840517882e-07,-1.5264161310619583e-07,1.4362444438258423e-08,ok,1,3.5018654642726688e-12,3.091527034371211e-12,3.1294966618133913e-12,3.1676883338604966e-12,3.213207477870128e-12,3.2536195959664838e-12,3.3137936839011672e-12,3.3724134596013755e-12,3.4230396295242826e-12,3.4561242756581123e-12,3.5018654642726688e-12
231,-1.6116431667393485e-02,2.0656655102880164e+11,9.9838835683326066e-01,-1.8971057141436796e-06,-1.6144340841933746e-06,-1.3374820740757212e-06,-1.0718448880426831e-06,-8.2316088152370013e-07,-5.9694446323583641e-07,-3.9867501259131220e-07,-2.3392801365802858e-07,-1.0800417909563388e-07,-2.6571144955923539e-08,-1.8835740821894631e-06,-1.6029301900793638e-06,-1.3686340954466939e-06,-1.1287402377351618e-06,-7.4728198293072615e-07,-6.4238326743630991e-07,-4.3266795539143406e-07,-1.9321658857854512e-07,-9.6194399517006159e-08,-5.4683309545949048e-08,ok,1,-4.958256027975949e-13,-4.958256027975949e-13,-4.907185768843192e-13,-4.85722573273506e-13,-4.721778523730791e-13,-4.6118664442929e-13,-4.289901767151605e-13,-3.959055305813308e-13,-3.695932448977146e-13,-3.630429290524262e-13,-3.4994229736184934e-13
232,8.7307857388464827e-01,2.2496399569367337e+11,1.0873078573884649e+00,-1.7419613440748518e-06,-1.4824064606706190e-06,-1.2281034494087750e-06,-9.8418994149587963e-07,-7.5584319043394790e-07,-5.4812663931365382e-07,-3.6607156660010639e-07,-2.1479749602273067e-07,-9.9171650573010467e-08,-2.4398169820450475e-08,-1.7342640150523374e-06,-1.5318620724895854e-06,-1.2418835779096545e-06,-9.2245090692596854e-07,-7.5037089826633219e-07,-5.2490549699546242e-07,-3.9723126264516069e-07,-1.4351744118924229e-07,-1.2164600240847995e-07,-1.1442250194347591e-07,ok,1,-2.2593038551121936e-12,-2.2593038551121936e-12,-2.2556401191309305e-12,-2.255085007618618e-12,-2.2487567363782546e-12,-2.247535491051167e-12,-2.2254420528611263e-12,-2.203015547763698e-12,-2.1899149160731213e-12,-2.1951329642888595e-12,-2.1960211427085596e-12
233,-2.4908865838293731e-01,2.0174635565805704e+11,9.7509113416170634e-01,-1.9424320356610699e-06,-1.6530067150295026e-06,-1.3694376694130263e-06,-1.0974537856649470e-06,-8.4282813279926281e-07,-6.1120687173885372e-07,-4.0820029716919561e-07,-2.3951710459790239e-07,-1.1058465318854619e-07,-2.7205992160464882e-08,-1.9439462328111087e-06,-1.6619839389060664e-06,-1.3314606703695320e-06,-1.0880990114301963e-06,-9.0721944953509613e-07,-6.3610632368447949e-07,-4.4959490908986571e-07,-2.5434776205646108e-07,-1.1785731241221003e-07,-7.5792276584132360e-08,ok,1,5.024869409453459e-13,5.004885395010206e-13,5.024869409453459e-13,4.958256027975949e-13,4.873879078104437e-13,4.647393581080905e-13,4.567457523307894e-13,4.503064587879635e-13,4.3942627314663696e-13,4.1011638529653283e-13,3.779199175824033e-13
234,-2.1757230319474830e+00,1.6188429046900659e+11,7.8242769680525182e-01,-2.4207326305256576e-06,-2.0600397955175255e-06,-1.7066452730176872e-06,-1.3676886195654609e-06,-1.0503644531880922e-06,-7.6170923422616085e-07,-5.0871472515199672e-07,-2.9849531928248702e-07,-1.3781479788958478e-07,-3.3905141471913422e-08,-2.4262659952400944e-06,-1.9987325994416030e-06,-1.6519444805573335e-06,-1.3096323917840311e-06,-1.0188092903592092e-06,-7.9486392336885162e-07,-5.6874000137384911e-07,-2.6980527587386702e-07,-1.9579463121596698e-07,-7.9685193782294094e-09,ok,1,-2.5357493882438575e-13,-1.7319479184152442e-13,-1.7674750552032492e-13,-1.8740564655672642e-13,-1.9806378759312793e-13,-2.1616042289451798e-13,-2.149391775674303e-13,-2.1049828546892968e-13,-2.1171953079601735e-13,-2.332578574737454e-13,-2.5357493882438575e-13
235,1.1799901586504107e+00,2.3131399638247699e+11,1.1179990158650410e+00,-1.6941412557637781e-06,-1.4417116380768756e-06,-1.1943897188453399e-06,-9.5717209171550186e-07,-7.3509388492321129e-07,-5.3307954060105641e-07,-3.5602221923503596e-07,-2.0890090407834935e-07,-9.6449203772148631e-08,-2.3728394547064963e-08,-1.7406547809563601e-06,-1.4719209355005957e-06,-1.1308361725475242e-06,-9.3900897419485704e-07,-8.0848388920446557e-07,-4.9394617808871088e-07,-3.7932242214135623e-07,-2.4330835129444011e-07,-4.4363205479031689e-08,2.2398091709974069e-08,ok,1,-2.1160850849355484e-12,-1.8838264281839656e-12,-1.9239054793729338e-12,-1.974309604690916e-12,-2.014610700484809e-12,-2.0495827257605015e-12,-2.05702122002549e-12,-2.058131443050115e-12,-2.064348691988016e-12,-2.089106665437157e-12,-2.1160850849355484e-12
236,-5.1803254169058684e-02,2.0582819067124219e+11,9.9481967458309417e-01,-1.9039111359355313e-06,-1.6202254878121322e-06,-1.3422799773160190e-06,-1.0756898801820853e-06,-8.2611377811742600e-07,-5.9908586148700241e-07,-4.0010516569151101e-07,-2.3476717554023600e-07,-1.0839161875623107e-07,-2.6666462706306513e-08,-1.8943340293530432e-06,-1.6478855755779268e-06,-1.3379387403672035e-06,-1.0566855219793051e-06,-8.2810507158396361e-07,-6.2327835803339595e-07,-3.8314197724207995e-07,-1.6175085529586438e-07,-7.1904489298307091e-08,3.2541333588251038e-08,ok,1,1.4372947276797277e-12,1.4135359549527493e-12,1.4122036873231991e-12,1.404654170755748e-12,1.4013235016818726e-12,1.3917755836700962e-12,1.404654170755748e-12,1.4237500067793007e-12,1.4372947276797277e-12,1.4312995233467518e-12,1.4284129434827264e-12
237,-9.0581452878330704e-01,1.8815869739947339e+11,9.0941854712166936e-01,-2.0827024725614012e-06,-1.7723766439946029e-06,-1.4683299944312450e-06,-1.1767051155272318e-06,-9.0369197166173667e-07,-6.5534445460479720e-07,-4.3767799985104543e-07,-2.5681354961649328e-07,-1.1857039340107911e-07,-2.9170640774476742e-08,-2.0442881265819607e-06,-1.7805884613724822e-06,-1.4458341679784793e-06,-1.1835022643358646e-06,-8.9326830755177135e-07,-5.8034564394805005e-07,-4.3733613116708727e-07,-2.3229814129004967e-07,-7.7095398940508583e-08,-3.4375895109446549e-08,ok,1,-1.7896795156957523e-13,-1.7896795156957523e-13,-1.6897594434794883e-13,-1.63202784619898e-13,-1.482147737874584e-13,-1.3511414209688155e-13,-9.681144774731365e-14,-5.362377208939506e-14,-1.6986412276764895e-14,-1.1102230246251565e-15,2.2426505097428162e-14
238,8.4472109480850377e-01,2.2437727945158795e+11,1.0844721094808505e+00,-1.7465163374185058e-06,-1.4862827530946204e-06,-1.2313147738485503e-06,-9.8676346509768275e-07,-7.5781961816180286e-07,-5.4955991635051723e-07,-3.6702879424172477e-07,-2.1535916242707290e-07,-9.9430971027958214e-08,-2.4461967735088461e-08,-1.7720833183483489e-06,-1.4806859084685125e-06,-1.2023924241251127e-06,-1.0347630690732762e-06,-7.8705877669404748e-07,-5.3767827837205089e-07,-3.4660700841721212e-07,-1.9954771732335333e-07,-7.0661050033314067e-08,-2.8278280856874405e-08,ok,1,-4.334310688136611e-13,-4.334310688136611e-13,-4.312106227644108e-13,-4.312106227644108e-13,-4.226619054747971e-13,-4.154454558147336e-13,-3.8602454566216693e-13,-3.5416114485542494e-13,-3.305133944309091e-13,-3.2529534621517087e-13,-3.1230573682705653e-13
239,-9.4804854682654385e-02,2.0493848755661588e+11,9.9051951453173448e-01,-1.9121766193378129e-06,-1.6272594016459783e-06,-1.3481072413433780e-06,-1.0803597918616936e-06,-8.2970020060980312e-07,-6.0168668363209598e-07,-4.0184214938982194e-07,-2.3578637447035898e-07,-1.0886218122568974e-07,-2.6782230296888835e-08,-1.8720481895218456e-06,-1.6770764580004849e-06,-1.3888546261721661e-06,-1.0858717857351326e-06,-9.0651468628439347e-07,-5.9932591135881512e-07,-4.5220526996020135e-07,-2.0984104369528702e-07,-1.2023298856454079e-07,-5.6331080609925286e-08,ok,1,8.382183835919932e-13,8.377742943821431e-13,8.382183835919932e-13,8.306688670245421e-13,8.22897305852166e-13,8.035794252236883e-13,8.018030683842881e-13,7.984723993104126e-13,7.864819906444609e-13,7.571721027943568e-13,7.263079027097774e-13
240,-1.6317584611930374e+00,1.7313891743791605e+11,8.3682415388069620e-01,-2.2633766579297200e-06,-1.9261301015999415e-06,-1.5957074422859837e-06,-1.2787841407204015e-06,-9.8208713993698438e-07,-7.1219550607813301e-07,-4.7564651293364630e-07,-2.7909209370991177e-07,-1.2885636056092778e-07,-3.1701190302325469e-08,-2.2727959019428586e-06,-1.9227772131996413e-06,-1.6110434817073125e-06,-1.2599137820442113e-06,-1.0087534845565985e-06,-8.0169552605885223e-07,-5.3384344447209849e-07,-3.0971436507384570e-07,-1.5805629315468802e-07,3.4639181129595172e-09,ok,1,8.395506512215434e-13,8.020251129892131e-13,7.980283101005625e-13,7.853717676198357e-13,7.787104294720848e-13,7.73159314348959e-13,7.931433287922118e-13,8.162359677044151e-13,8.342215807033426e-13,8.351097591230427e-13,8.395506512215434e-13
241,4.2418957660984601e-02,2.0777764823400577e+11,1.0042418957660983e+00,-1.8860478383466435e-06,-1.6050238486686042e-06,-1.3296861402247071e-06,-1.0655973038636560e-06,-8.1836283009146561e-07,-5.9346498516407139e-07,-3.9635121021185106e-07,-2.3256449084472629e-07,-1.0737464285571881e-07,-2.6416266701897778e-08,-1.9440469048054214e-06,-1.6526159134210409e-06,-1.3466360225841706e-06,-1.0569141363908924e-06,-8.2772181172688477e-07,-6.2747932514379072e-07,-3.6193923013888385e-07,-2.0259410051930681e-07,-1.3518636552840356e-07,-1.3751956625371453e-08,ok,1,1.6779910794184616e-12,1.5565326805244695e-12,1.5722978474741467e-12,1.5849543899548735e-12,1.5991652446700755e-12,1.6042722705833512e-12,1.6295853555448048e-12,1.6564527527407336e-12,1.6755485887642863e-12,1.674438365739661e-12,1.6779910794184616e-12
242,-2.5382167903745384e-01,2.0164842946071509e+11,9.7461783209625463e-01,-1.9433753357518661e-06,-1.6538094619754290e-06,-1.3701027071873529e-06,-1.0979867403508907e-06,-8.4323743404609371e-07,-6.1150369113172700e-07,-4.0839853081148614e-07,-2.3963342089743776e-07,-1.1063835623270304e-07,-2.7219204161915671e-08,-1.9367465284186213e-06,-1.6558964844371165e-06,-1.3586773449478436e-06,-1.0723919471068102e-06,-8.8079383251689356e-07,-6.2283920355246496e-07,-3.8110594132816682e-07,-2.9230632732782051e-07,-1.1096697072033535e-07,-3.1157210612075636e-09,ok,1,-2.283062627839172e-12,-2.123523579200537e-12,-2.145505995088115e-12,-2.1733725930062064e-12,-2.1974644326405723e-12,-2.229216811144852e-12,-2.237876550736928e-12,-2.238986773761553e-12,-2.2433166435575913e-12,-2.2634116803033066e-12,-2.283062627839172e-12
243,7.9789864689294998e-01,2.2340852300421515e+11,1.0797898646892952e+00,-1.7540896785774926e-06,-1.4927276549296164e-06,-1.2366540693687898e-06,-9.9104232364840184e-07,-7.6110571768590430e-07,-5.5194294858707483e-07,-3.6862032488724005e-07,-2.1629301479007884e-07,-9.9862129127774499e-08,-2.4568041078407291e-08,-1.6940525405546281e-06,-1.5164264215813691e-06,-1.2388691667813751e-06,-1.0356887335762549e-06,-7.4142507850392534e-07,-5.7858778765648866e-07,-3.8602754230394840e-07,-2.4439222813141215e-07,-9.3587092427504165e-08,-7.4632355055127743e-08,ok,1,1.283417816466681e-13,1.283417816466681e-13,1.212363542890671e-13,1.0658141036401503e-13,9.592326932761353e-14,8.171241461241152e-14,8.881784197001252e-14,9.969802761133906e-14,1.0658141036401503e-13,9.547918011776346e-14,8.615330671091215e-14
244,-7.0841729015381072e-01,1.9224284626671765e+11,9.2915827098461889e-01,-2.0384560045729108e-06,-1.7347229668731194e-06,-1.4371357086650989e-06,-1.1517063238554644e-06,-8.8449327265304071e-07,-6.4142183348442514e-07,-4.2837964549429567e-07,-2.5135761308607392e-07,-1.1605139647997063e-07,-2.8550918159160186e-08,-1.9773739716529866e-06,-1.7466931408618573e-06,-1.3710457095786001e-06,-1.1749462742089894e-06,-9.2780570099998186e-07,-6.3695777769756302e-07,-4.4415972946101356e-07,-2.8297324048839470e-07,-8.2520406685248798e-08,-3.9312400912640675e-08,ok,1,2.12851958281135e-12,1.7650325645490739e-12,1.8065549056700547e-12,1.8487433806058107e-12,1.892264123171117e-12,1.9251267247000214e-12,1.9755308500180035e-12,2.0261570199409107e-12,2.0690116286914417e-12,2.0936585798381202e-12,2.12851958281135e-12
245,-5.0941068841530113e-01,1.9636029285668741e+11,9.4905893115846984e-01,-1.9957119568723812e-06,-1.6983478471369457e-06,-1.4070006470569220e-06,-1.1275563839335496e-06,-8.6594647912291367e-07,-6.2797196486569394e-07,-4.1939702337254908e-07,-2.4608693676071347e-07,-1.1361793389078821e-07,-2.7952238665984056e-08,-2.0197620052626105e-06,-1.6933386460795647e-06,-1.4117903715731862e-06,-1.0716184643576877e-06,-9.4507409685929302e-07,-6.2035255434898125e-07,-3.7716087464573331e-07,-2.7420296434621605e-07,-1.3363307900672982e-07,-5.6705388158853203e-08,ok,1,3.50985907004997e-12,2.979616553488995e-12,3.0113689319932746e-12,3.0468960687812796e-12,3.0968561048894117e-12,3.149480676256644e-12,3.2289726448198053e-12,3.311129148642067e-12,3.3852920466870273e-12,3.43969297489366e-12,3.50985907004997e-12
246,6.4761201512044819e-01,2.2029909259284207e+11,1.0647612015120449e+00,-1.7788479275782843e-06,-1.5137968872626722e-06,-1.2541089291464540e-06,-1.0050304754051590e-06,-7.7184840952442067e-07,-5.5973339460700215e-07,-3.7382324803395869e-07,-2.1934590107209650e-07,-1.0127164170219667e-07,-2.4914808798375361e-08,-1.7629390195717124e-06,-1.4641129062362647e-06,-1.2763025548175758e-06,-9.6530062307726627e-07,-7.9485926702343343e-07,-5.5055024541150513e-07,-3.5834255048528911e-07,-1.5078124293356470e-07,-1.2381862252036557e-07,-2.7401244340840721e-08,ok,1,-4.943823128655822e-12,-4.420130927940136e-12,-4.484190796461007e-12,-4.558575739110893e-12,-4.626743432822877e-12,-4.698574862516125e-12,-4.7452042295503816e-12,-4.7841730577147246e-12,-4.823030863576605e-12,-4.878097925598013e-12,-4.943823128655822e-12
247,1.1280603533618520e-01,2.0923395687110568e+11,1.0112806035336186e+00,-1.8729205821438472e-06,-1.5938525735584140e-06,-1.3204312685945864e-06,-1.0581805413974273e-06,-8.1266686717941540e-07,-5.8933435456746466e-07,-3.9359252945252336e-07,-2.3094579719710365e-07,-1.0662729466135218e-07,-2.6232404397944472e-08,-1.8592013518885770e-06,-1.6332914639225632e-06,-1.3705345164374903e-06,-1.0519707766977041e-06,-8.6694310258281286e-07,-5.8669470472374062e-07,-3.3174248996399571e-07,-2.3062931374411004e-07,-7.9056541590750616e-08,-1.6952414021229010e-08,ok,1,-1.545430450278218e-12,-1.5156764732182637e-12,-1.5262235919522027e-12,-1.538547067525542e-12,-1.5403234243649422e-12,-1.545430450278218e-12,-1.5335510639147287e-12,-1.5222267890635521e-12,-1.5173418077552014e-12,-1.5304424394457783e-12,-1.5429879596240426e-12
248,-1.0492448940288106e-01,2.0472911231425439e+11,9.8950755105971189e-01,-1.9141321909640913e-06,-1.6289235901326805e-06,-1.3494859425803237e-06,-1.0814646693786366e-06,-8.3054873005746439e-07,-6.0230202501559576e-07,-4.0225311095982925e-07,-2.3602751178954636e-07,-1.0897351392929071e-07,-2.6809620324113195e-08,-1.8750459135863933e-06,-1.6569500650601313e-06,-1.3509766251953206e-06,-1.0671884691670945e-06,-8.5125034592898676e-07,-5.3496323704116168e-07,-4.2134338625839602e-07,-2.7222831786974559e-07,-1.3918811100506882e-07,-5.1918301555452617e-08,ok,1,8.457679001594443e-13,8.457679001594443e-13,8.428813202954188e-13,8.339995360984176e-13,8.277822871605167e-13,8.164580123093401e-13,8.260059303211165e-13,8.388845174067683e-13,8.446576771348191e-13,8.308909116294672e-13,8.202327705930657e-13
249,-6.5718281901406850e-01,1.9330288747459894e+11,9.3428171809859317e-01,-2.0272774474701186e-06,-1.7252100317401709e-06,-1.4292546930591662e-06,-1.1453905560006274e-06,-8.7964285717509753e-07,-6.3790438175785073e-07,-4.2603048204987024e-07,-2.4997920932120782e-07,-1.1541498972919649e-07,-2.8394349624799598e-08,-2.0373178681715136e-06,-1.7807584334337332e-06,-1.3991100084575439e-06,-1.1405713687902530e-06,-7.9257320879474841e-07,-6.1607035351929498e-07,-4.7229993738776273e-07,-3.3636502148677721e-07,-7.7889092845401859e-08,3.0520149186513600e-08,ok,1,6.687983500341943e-13,5.679900993982301e-13,5.653255641391297e-13,5.584421813864537e-13,5.59996493620929e-13,5.611067166455541e-13,5.879741138414829e-13,6.212808045802376e-13,6.501466032204917e-13,6.579181643928678e-13,6.687983500341943e-13
250,-1.4695196268654060e+00,1.7649563892015475e+11,8.5304803731345946e-01,-2.2203301266044732e-06,-1.8894975687581596e-06,-1.5653591261277013e-06,-1.2544633007140772e-06,-9.6340909769194230e-07,-6.9865045777405612e-07,-4.6660032415771221e-07,-2.7378411878121903e-07,-1.2640567726793782e-07,-3.1098274178482792e-08,-2.2388063407134459e-06,-1.9721504610692358e-06,-1.5265885073998896e-06,-1.2208675051090868e-06,-1.0521407459330180e-06,-7.1649163535083139e-07,-5.4388170780782561e-07,-3.1367637532193210e-07,-1.1725269605463158e-07,-4.7657606056216547e-08,ok,1,2.226219208978364e-12,2.1402879468723768e-12,2.157385381451604e-12,2.170263968537256e-12,2.184696867857383e-12,2.1878054923263335e-12,2.2035706592760107e-12,2.218669692410913e-12,2.226219208978364e-12,2.213562666497637e-12,2.2017943024366105e-12
251,1.0932465303087788e+00,2.2951927071208862e+11,1.1093246530308778e+00,-1.7073885913460817e-06,-1.4529851005568101e-06,-1.2037292478650348e-06,-9.6465669777529708e-07,-7.4084195070284474e-07,-5.3724795544981549e-07,-3.5880613456495141e-07,-2.1053440445522151e-07,-9.7203388209049589e-08,-2.3913938700672137e-08,-1.6956171258471734e-06,-1.4952356781119597e-06,-1.1676435073961169e-06,-1.0307475418996078e-06,-7.4757819354099680e-07,-5.5524460240029676e-07,-4.1831980737859974e-07,-1.6427053559372312e-07,-1.0718260395935888e-07,3.1373092398778925e-08,ok,1,-2.7777780076121417e-13,1.8207657603852567e-14,-3.552713678800501e-15,-3.7636560534792807e-14,-7.105427357601002e-14,-1.1246559239452836e-13,-1.3444800828210646e-13,-1.559863349598345e-13,-1.8396395518038844e-13,-2.2803980925800715e-13,-2.7777780076121417e-13
252,2.2412807461449447e+00,2.5327209863773889e+11,1.2241280746144945e+00,-1.5472631466942531e-06,-1.3167185901219045e-06,-1.0908389064209933e-06,-8.7418749618261574e-07,-6.7136295372806020e-07,-4.8686278350324148e-07,-3.2515592035352752e-07,-1.9078968125705029e-07,-8.8087281988416577e-08,-2.1671197893323830e-08,-1.5746984391134453e-06,-1.3638877983489958e-06,-1.0791408808844814e-06,-8.3674672066331652e-07,-7.0758510560278409e-07,-5.0846406538333076e-07,-3.0067066996988756e-07,-2.2758068782497921e-07,-5.6031349322549633e-08,-3.4009360258273983e-08,ok,1,5.084821452783217e-13,5.084821452783217e-13,5.053735208093713e-13,4.956035581926699e-13,4.871658632055187e-13,4.694022948115162e-13,4.718447854656915e-13,4.780620344035924e-13,4.798383912429927e-13,4.654054919228656e-13,4.531930386519889e-13
253,-3.7439725047754906e+00,1.2943720887619510e+11,6.2560274952245098e-01,-3.0275574366123919e-06,-2.5764467847414553e-06,-2.1344639729428119e-06,-1.7105382886652967e-06,-1.3136678835582310e-06,-9.5265310490611321e-07,-6.3623839734574921e-07,-3.7332157723320057e-07,-1.7236195809665186e-07,-4.2404420012465548e-08,-3.0446763816862504e-06,-2.5465833892584726e-06,-2.1436611140583454e-06,-1.6978978906772779e-06,-1.2617674700191911e-06,-9.2344944672909719e-07,-6.0333579060663666e-07,-2.5928153970938104e-07,-1.9606494181159150e-07,-6.7439040585327916e-08,ok,1,-1.088573675644966e-12,-1.04594111149936e-12,-1.0492717805732354e-12,-1.057376408652999e-12,-1.0580425424677742e-12,-1.0659251259426128e-12,-1.0584866316776242e-12,-1.0524914273446484e-12,-1.0520473381347983e-12,-1.0699219288312634e-12,-1.088573675644966e-12
254,-4.5272650043111279e-01,1.9753308870608026e+11,9.5472734995688868e-01,-1.9838629916402882e-06,-1.6882643957032177e-06,-1.3986469857525931e-06,-1.1208618424969843e-06,-8.6080517118568126e-07,-6.2424356210039748e-07,-4.1690697427927087e-07,-2.4462586641541542e-07,-1.1294336011580893e-07,-2.7786280295587908e-08,-2.0081619511020398e-06,-1.7366668094138953e-06,-1.4168630225543522e-06,-1.0990418018087622e-06,-9.1531712741689133e-07,-6.3216659781282840e-07,-4.2022183503474235e-07,-2.7267229680123576e-07,-1.0644313543618975e-07,-7.6856174476811449e-08,ok,1,1.2989609388114332e-12,1.2885248423799567e-12,1.2885248423799567e-12,1.283639861071606e-12,1.2816414596272807e-12,1.2740919430598296e-12,1.2847500840962311e-12,1.2956302697375577e-12,1.2989609388114332e-12,1.2849721287011562e-12,1.2736478538499796e-12
255,6.7907729270469641e-01,2.2095010918606018e+11,1.0679077292704697e+00,-1.7736066560483735e-06,-1.5093365731435040e-06,-1.2504137704295309e-06,-1.0020692118054463e-06,-7.6957420326346476e-07,-5.5808417284949821e-07,-3.7272179966575178e-07,-2.1869961118488157e-07,-1.0097325072441083e-07,-2.4841398769330762e-08,-1.7062586112299923e-06,-1.5530031279597978e-06,-1.1835136764149651e-06,-9.2269140216849880e-07,-7.2280017408371056e-07,-5.4110997157142500e-07,-4.1865967297041515e-07,-2.1380387611478969e-07,-1.1245145888280836e-07,7.6313015165421092e-09,ok,1,-2.786215702599293e-12,-2.231881346403952e-12,-2.2785107134382088e-12,-2.3384627567679672e-12,-2.3981927554928006e-12,-2.4662494269023227e-12,-2.5155433291956797e-12,-2.5660584768161243e-12,-2.6226798510720073e-12,-2.697508882931743e-12,-2.786215702599293e-12
256,7.0303181540994997e-01,2.2144572826083188e+11,1.0703031815409951e+00,-1.7696371358616537e-06,-1.5059585174877862e-06,-1.2476152115234417e-06,-9.9982647441448059e-07,-7.6785181441009375e-07,-5.5683512116033247e-07,-3.7188760866716458e-07,-2.1821013821280834e-07,-1.0074726185839224e-07,-2.4785801078876192e-08,-1.8402944882354911e-06,-1.5901322432898797e-06,-1.2618600277753230e-06,-9.2146735899366044e-07,-7.5544581285454989e-07,-4.8847009316020315e-07,-3.7496130591647418e-07,-2.1445556939636856e-07,-1.0644801822228710e-07,-1.0921575691292182e-07,ok,1,1.177946629127291e-12,1.0480505352461478e-12,1.06314956838105e-12,1.0722533971829762e-12,1.0886846979474285e-12,1.1006751066133802e-12,1.1310952174881095e-12,1.1595169269185135e-12,1.177502539917441e-12,1.1752820938681907e-12,1.177946629127291e-12
257,3.6612239537552516e-01,2.1447507236031961e+11,1.0366122395375525e+00,-1.8271521253994128e-06,-1.5549036863149389e-06,-1.2881639626677704e-06,-1.0323218419958077e-06,-7.9280777186444835e-07,-5.7493282351900350e-07,-3.8397433056521704e-07,-2.2530218751599908e-07,-1.0402164935529366e-07,-2.5591364581608653e-08,-1.8584516285582631e-06,-1.5623182722453607e-06,-1.2775340824129140e-06,-1.0335264240146614e-06,-7.8361361334356031e-07,-6.0343648662713347e-07,-2.7310249728065138e-07,-2.3160317093685912e-07,-6.9004058054387799e-08,-6.2074050220257656e-08,ok,1,1.1866063687193673e-12,1.1866063687193673e-12,1.1792788967568413e-12,1.1655121312514893e-12,1.1548539902150878e-12,1.141753358524511e-12,1.1535217225855376e-12,1.1679546219056647e-12,1.1790568521519162e-12,1.1752820938681907e-12,1.1752820938681907e-12
258,-1.4236883365774494e-01,2.0395438883162125e+11,9.8576311663422544e-01,-1.9214030477703795e-06,-1.6351110782424602e-06,-1.3546119830370544e-06,-1.0855726274334633e-06,-8.3370358055062586e-07,-6.0458987733763805e-07,-4.0378107479811151e-07,-2.3692406545942292e-07,-1.0938745128384251e-07,-2.6911457026566916e-08,-1.9258510613572856e-06,-1.7012727687241772e-06,-1.3429697765391415e-06,-1.0893427623905826e-06,-8.2146909129398131e-07,-5.8986870550481177e-07,-4.0677347553765653e-07,-2.1801913390019516e-07,-7.8030654568286006e-08,5.2621733537949120e-09,ok,1,-2.0936585798381202e-12,-1.6937562463681388e-12,-1.7296164500635314e-12,-1.7780221739371882e-12,-1.8260948309034575e-12,-1.881717004437178e-12,-1.9145796059660825e-12,-1.9434454046063365e-12,-1.978417429882029e-12,-2.0323742688788116e-12,-2.0936585798381202e-12
259,-1.7940309721382366e-01,2.0318814991864600e+11,9.8205969027861773e-01,-1.9286488137464355e-06,-1.6412772140938851e-06,-1.3597203341604705e-06,-1.0896664094318516e-06,-8.3684754404403054e-07,-6.0686983456368149e-07,-4.0530376582180307e-07,-2.3781752523327773e-07,-1.0979996019169989e-07,-2.7012942303138891e-08,-1.9192966801688156e-06,-1.6424599944226890e-06,-1.3511644929810757e-06,-1.0619654556434578e-06,-8.1683071424123984e-07,-6.2743791369488329e-07,-4.3612784110016856e-07,-2.5074208274219670e-07,-1.2750095349411343e-07,4.4075395196442478e-08,ok,1,1.1146639167236572e-13,1.1124434706744069e-13,1.0502709812953981e-13,9.059419880941277e-14,8.215650382226158e-14,7.083222897108499e-14,8.348877145181177e-14,1.0058620603103918e-13,1.1146639167236572e-13,1.0302869668521453e-13,9.725553695716371e-14
260,-1.6072376005326703e+00,1.7364625404497906e+11,8.3927623994673306e-01,-2.2567638240308411e-06,-1.9205025899858625e-06,-1.5910453157989531e-06,-1.2750479587263489e-06,-9.7921780791136318e-07,-7.1011470765302712e-07,-4.7425683200112831e-07,-2.7827667942535353e-07,-1.2847988512709772e-07,-3.1608569966626866e-08,-2.2593202549310397e-06,-1.9148254293420794e-06,-1.5943884840974156e-06,-1.1874925422406403e-06,-9.5834561262383158e-07,-7.2828436037381077e-07,-5.1937232996465412e-07,-2.5537892140302638e-07,-1.1210605414911800e-07,-2.6209387891302771e-08,ok,1,-1.841304886340822e-12,-1.8065549056700547e-12,-1.8159918013793686e-12,-1.8284262992551703e-12,-1.833755369773371e-12,-1.841304886340822e-12,-1.827316076230545e-12,-1.8109957977685553e-12,-1.8022250358740166e-12,-1.8128831769104181e-12,-1.8222090503172694e-12
261,-5.6343670596650497e-01,1.9524249455355301e+11,9.4365632940334954e-01,-2.0071377658066836e-06,-1.7080711932032375e-06,-1.4150559781422664e-06,-1.1340118464871232e-06,-8.7090417804511097e-07,-6.3156721700704742e-07,-4.2179814656069767e-07,-2.4749582861550218e-07,-1.1426841694252006e-07,-2.8112270246275733e-08,-2.0279854339532385e-06,-1.7184001983344976e-06,-1.4909732652559737e-06,-1.1459477174291049e-06,-8.4805178584410591e-07,-6.1939704239552502e-07,-4.6818659586646679e-07,-1.8715225458941095e-07,-8.7691192112194407e-08,-3.4789695441198698e-08,ok,1,2.389421993598262e-12,2.184696867857383e-12,2.19779749954796e-12,2.2077895067695863e-12,2.227329432002989e-12,2.2464252680265417e-12,2.2883916983573727e-12,2.3283597272438783e-12,2.360334150353083e-12,2.3718804698091844e-12,2.389421993598262e-12
262,4.4357098913148124e-01,2.1607748376513034e+11,1.0443570989131481e+00,-1.8136021277199734e-06,-1.5433726588496681e-06,-1.2786110532728411e-06,-1.0246662350166236e-06,-7.8692837993017830e-07,-5.7066917282676099e-07,-3.8112681107539668e-07,-2.2363136652881731e-07,-1.0325023405400678e-07,-2.5401581297635523e-08,-1.8608359413209648e-06,-1.6080099413876136e-06,-1.3100066040388883e-06,-1.0394008996337515e-06,-7.6884758104933773e-07,-6.2361344313761099e-07,-3.9497158670309281e-07,-1.7955060774514377e-07,-1.4998829696960663e-07,1.6696358043267738e-08,ok,1,2.7495783427866627e-12,2.3796520309815605e-12,2.411626454090765e-12,2.440936341940869e-12,2.475575300309174e-12,2.5068835896036035e-12,2.561728607020086e-12,2.6216806503498447e-12,2.673861132507227e-12,2.7060576002213566e-12,2.7495783427866627e-12
263,7.7621675367486498e-01,2.2295992463353296e+11,1.0776216753674865e+00,-1.7576189306273255e-06,-1.4957310430689819e-06,-1.2391422340063233e-06,-9.9303631414671614e-07,-7.6263707263722852e-07,-5.5305346523086350e-07,-3.6936199394393531e-07,-2.1672819924795991e-07,-1.0006305307610362e-07,-2.4617472307836767e-08,-1.7353146206385256e-06,-1.5027592885790918e-06,-1.2077178624826848e-06,-9.8883011167144940e-07,-8.0330334735463350e-07,-5.5284555064122309e-07,-3.3844773509111179e-07,-1.7483782735925280e-07,-8.1311243311915476e-08,-4.7938772136464337e-08,ok,1,-1.9061419109789313e-12,-1.9051427102567686e-12,-1.9044765764419935e-12,-1.9061419109789313e-12,-1.8987034167139427e-12,-1.896593992967155e-12,-1.8760548670115895e-12,-1.854849607241249e-12,-1.8370860388472465e-12,-1.8338663920758336e-12,-1.8247625632739073e-12
264,9.9471945780038318e-02,2.0895807455818900e+11,1.0099471945780039e+00,-1.8753933540843866e-06,-1.5959568987278395e-06,-1.3221746021996878e-06,-1.0595776316830008e-06,-8.1373981167343400e-07,-5.9011243852341796e-07,-3.9411218019065906e-07,-2.3125070937151224e-07,-1.0676807211070177e-07,-2.6267038409745172e-08,-1.8584623667447193e-06,-1.5098315389515665e-06,-1.3773124430169706e-06,-9.8027576741273251e-07,-8.1652304161213946e-07,-6.0076290173994017e-07,-3.7097721893209430e-07,-2.3701665054997567e-07,-1.1024422916723913e-07,-4.0888846815954640e-08,ok,1,2.361222328772783e-12,2.071010030135767e-12,2.0901058661593197e-12,2.106981256133622e-12,2.1327384303049257e-12,2.1580515152663793e-12,2.2073454175597362e-12,2.2601920335318937e-12,2.3037127760972e-12,2.3279156380340282e-12,2.361222328772783e-12
265,1.5630238108095076e+00,2.3923896264564871e+11,1.1563023810809507e+00,-1.6380215830037183e-06,-1.3939538817104502e-06,-1.1548246826116526e-06,-9.2546506352112365e-07,-7.1074336035562899e-07,-5.1542088948711027e-07,-3.4422872186842680e-07,-2.0198090827747177e-07,-9.3254253094244115e-08,-2.2942374058781348e-08,-1.6497763598766399e-06,-1.4005338694550463e-06,-1.1798994947769651e-06,-8.7259760742202741e-07,-7.5958257496978771e-07,-5.5134604883105143e-07,-3.3732812057905536e-07,-2.3158404457159895e-07,-4.9493004853698488e-08,-3.1823596133731618e-08,ok,1,3.262057290953635e-12,2.8250735084611733e-12,2.8559377085457527e-12,2.8888003100746573e-12,2.9329871864547385e-12,2.9758417952052696e-12,3.0402347306335287e-12,3.107736290530738e-12,3.1670222000457215e-12,3.2072122735371522e-12,3.262057290953635e-12
266,-1.1045835805444981e+00,1.8404616571853433e+11,8.8954164194555019e-01,-2.1292406868549183e-06,-1.8119805937443810e-06,-1.5011399885781497e-06,-1.2029987198937763e-06,-9.2388506750076174e-07,-6.6998819804215546e-07,-4.4745796257593309e-07,-2.6255207644066782e-07,-1.2121986179595707e-07,-2.9822461929602055e-08,-2.1898246220923634e-06,-1.8105116243411678e-06,-1.4866070352371297e-06,-1.1214956269613292e-06,-9.6271251681061306e-07,-6.5806442552040351e-07,-4.4431638151752194e-07,-2.5907680418613042e-07,-1.5157519125524142e-07,-8.1651132994203397e-08,ok,1,-8.668621376273222e-13,-8.668621376273222e-13,-8.527623052145827e-13,-8.369971382649055e-13,-8.083533842295765e-13,-7.803757640090225e-13,-7.311928840181281e-13,-6.813438702124586e-13,-6.370459715299148e-13,-6.115108419635362e-13,-5.766498389903063e-13
267,-1.3786178981637149e+00,1.7837639568699274e+11,8.6213821018362846e-01,-2.1969195127987399e-06,-1.8695751719311684e-06,-1.5488543651779401e-06,-1.2412365487483717e-06,-9.5325114953242180e-07,-6.9128405948210314e-07,-4.6168060530166534e-07,-2.7089740648824290e-07,-1.2507288695089791e-07,-3.0770381637597767e-08,-2.1866397765139595e-06,-1.8795005561009749e-06,-1.6531987972998404e-06,-1.1995416133015763e-06,-9.2309162802039001e-07,-7.1073893673324215e-07,-4.3193571210787875e-07,-2.8595829012358580e-07,-1.0072083191893711e-07,-1.0899795279885312e-07,ok,1,-1.078470646120877e-12,-1.078248601515952e-12,-1.077804512306102e-12,-1.078470646120877e-12,-1.0695888619238758e-12,-1.0657030813376878e-12,-1.0433875985427221e-12,-1.0182965581861936e-12,-9.995337890700284e-13,-9.999778782798785e-13,-9.967582315084655e-13
268,6.1451043927925712e-03,2.0702714220988687e+11,1.0006145104392792e+00,-1.8928850590551281e-06,-1.6108423131171577e-06,-1.3345064620791256e-06,-1.0694602620583912e-06,-8.2132952434763294e-07,-5.9561638928211948e-07,-3.9778804582499751e-07,-2.3340757378275729e-07,-1.0776389286133958e-07,-2.6512029832639557e-08,-1.8891434950356944e-06,-1.5930018192377977e-06,-1.3520096087073143e-06,-1.1214072775807169e-06,-8.3298359631250328e-07,-5.9241019683001644e-07,-3.9981536885109973e-07,-2.0046601423691884e-07,-1.1080914470841666e-07,-9.0406642892536519e-10,ok,1,2.5512925105886097e-13,2.3026025530725747e-13,2.3381296898605797e-13,2.3159252293680765e-13,2.34035013590983e-13,2.291500322826323e-13,2.4136248555350903e-13,2.5157653738006047e-13,2.5512925105886097e-13,2.4091839634365897e-13,2.2715163083830703e-13
269,-3.1692924672749040e-01,2.0034273388520822e+11,9.6830707532725091e-01,-1.9560409140273375e-06,-1.6645878498699375e-06,-1.3790320903919475e-06,-1.1051426596164444e-06,-8.4873307327193721e-07,-6.1548904986468390e-07,-4.1106019038100228e-07,-2.4119518603562252e-07,-1.1135942062790764e-07,-2.7396600136108072e-08,-1.9614162518940184e-06,-1.6486575484965190e-06,-1.3315955251311326e-06,-1.0747850712847985e-06,-7.9644438758234657e-07,-5.9327836671385679e-07,-4.4149632601316971e-07,-2.5642529822703359e-07,-8.9428225233306855e-08,2.7867349910855943e-08,ok,1,-1.0251799409388695e-12,-8.357758929378178e-13,-8.610889778992714e-13,-8.96949181594664e-13,-9.261480471423056e-13,-9.557910018997973e-13,-9.64117674584486e-13,-9.697798120100742e-13,-9.771072839726003e-13,-1.000310945187266e-12,-1.0251799409388695e-12
270,-2.5630092805234561e-01,2.0159713379859698e+11,9.7436990719476546e-01,-1.9438698205893693e-06,-1.6542302678219438e-06,-1.3704513248745330e-06,-1.0982661191128567e-06,-8.4345199276688147e-07,-6.1165928603830465e-07,-4.0850244634329914e-07,-2.3969439475630810e-07,-1.1066650776305040e-07,-2.7226129990158023e-08,-1.9459617150487330e-06,-1.7182033627543805e-06,-1.3589522736509724e-06,-1.1031083254909683e-06,-9.4344041569449439e-07,-6.1951658354233717e-07,-4.1186942162972719e-07,-2.0152509545525125e-07,-4.9841006515285265e-08,5.0534832421993927e-08,ok,1,1.9122481376143696e-12,1.3369305662536135e-12,1.3742340598810188e-12,1.4173107132364748e-12,1.4759304889366831e-12,1.5354384430565915e-12,1.6178169914837781e-12,1.70263803056514e-12,1.7785772854495008e-12,1.835864793520159e-12,1.9122481376143696e-12
271,-6.4045611368084698e-01,1.9364896300794327e+11,9.3595438863191527e-01,-2.0236544426572191e-06,-1.7221268601416714e-06,-1.4267004316094654e-06,-1.1433435961716384e-06,-8.7807082256812844e-07,-6.3676436481131176e-07,-4.2526911093661388e-07,-2.4953246441229745e-07,-1.1520872833964071e-07,-2.8343605280212828e-08,-2.0752175017231958e-06,-1.7287833122383653e-06,-1.4661600232217958e-06,-1.2065370436682910e-06,-8.5647482196883047e-07,-6.7707831987602282e-07,-4.4144645438656628e-07,-2.9336690267682403e-07,-1.3991092704846480e-07,-5.4926952121669107e-09,ok,1,-2.4972246492893646e-12,-2.291500322826323e-12,-2.3118174041769635e-12,-2.3384627567679672e-12,-2.3628876633097207e-12,-2.3956392425361628e-12,-2.4061863612701018e-12,-2.4136248555350903e-12,-2.4278357102502923e-12,-2.4614754678964346e-12,-2.4972246492893646e-12
272,5.3814635212814835e-02,2.0801342480255313e+11,1.0053814635212814e+00,-1.8839100634035985e-06,-1.6032046054358048e-06,-1.3281789834841172e-06,-1.0643894833783069e-06,-8.1743524198005443e-07,-5.9279231157171391e-07,-3.9590195878325788e-07,-2.3230088642758670e-07,-1.0725293712995537e-07,-2.6386324707909784e-08,-1.9853661375163648e-06,-1.6169648744709753e-06,-1.3221905272512787e-06,-1.1397820422796758e-06,-8.1878754066140834e-07,-5.7602026091978628e-07,-4.0229405406723496e-07,-2.5073587648178673e-07,-7.5708350226013448e-08,-1.8285057713759906e-08,ok,1,2.0325963134837366e-12,1.7650325645490739e-12,1.7892354264859023e-12,1.8123280653981055e-12,1.843636354692535e-12,1.8685053504441385e-12,1.9093615577503442e-12,1.95110594347625e-12,1.987077169474105e-12,2.0055068716828828e-12,2.0325963134837366e-12
273,2.2474779298303052e-01,2.1155003183681891e+11,1.0224747792983031e+00,-1.8524156243510559e-06,-1.5764028855895644e-06,-1.3059750296653302e-06,-1.0465954546908076e-06,-8.0376969344431219e-07,-5.8288225180255530e-07,-3.8928343152218931e-07,-2.2841737507966423e-07,-1.0545992632896431e-07,-2.5945208907577623e-08,-1.8160543224007209e-06,-1.5928367978366871e-06,-1.2467861760894593e-06,-1.0791884023198869e-06,-7.3659463589888840e-07,-6.5170898251366705e-07,-4.0080734540866201e-07,-1.8222356141117523e-07,-1.2375733368605505e-07,-1.9888588432649280e-08,ok,1,-4.0850656191082635e-12,-3.5704772471945034e-12,-3.614553101272122e-12,-3.6665115388245795e-12,-3.718469976377037e-12,-3.7799763319412705e-12,-3.824940364438589e-12,-3.870792575355608e-12,-3.924860436654853e-12,-3.998579245489964e-12,-4.0850656191082635e-12
274,6.3708281249137255e-01,2.2008124339044650e+11,1.0637082812491372e+00,-1.7806087346244738e-06,-1.5152953313872868e-06,-1.2553503190398776e-06,-1.0060253129713169e-06,-7.7261242993173720e-07,-5.6028745124670593e-07,-3.7419328000747811e-07,-2.1956302239102095e-07,-1.0137188625798151e-07,-2.4939470923907328e-08,-1.8050380199851324e-06,-1.5657097508154650e-06,-1.2600720713035209e-06,-1.0182478569338200e-06,-7.9993683195391278e-07,-5.1758726970731138e-07,-3.7441990856376848e-07,-2.4577872661676731e-07,-7.4298785931399940e-08,-6.7653955516838779e-08,ok,1,4.030109579389318e-13,4.030109579389318e-13,3.6504133049675147e-13,3.106404022901188e-13,2.5712765250318625e-13,1.9872992140790302e-13,1.645350522494482e-13,1.3655743202889425e-13,1.056932319443149e-13,5.839773109528323e-14,4.6629367034256575e-15
275,9.0446379008020772e-01,2.2561335581675949e+11,1.0904463790080208e+00,-1.7369476327693025e-06,-1.4781397999570106e-06,-1.2245687233542500e-06,-9.8135724704286396e-07,-7.5366772335929380e-07,-5.4654902179764164e-07,-3.6501793980263276e-07,-2.1417926609587771e-07,-9.8886214832764477e-08,-2.4327947033764997e-08,-1.6990005080152370e-06,-1.4679879670523257e-06,-1.2151251476677738e-06,-9.8691355617068103e-07,-7.6867044271342046e-07,-5.9093330500099223e-07,-3.8563378359695341e-07,-1.9477878726170321e-07,-7.6172911469790411e-08,-2.3668430132600320e-08,ok,1,-2.4203972159853038e-12,-2.110644992114885e-12,-2.1477264411373653e-12,-2.196354209615947e-12,-2.241984375928041e-12,-2.292166456641098e-12,-2.3173685193000892e-12,-2.3331336862497665e-12,-2.350009076224069e-12,-2.3833157669628235e-12,-2.4203972159853038e-12
276,-8.7432711888597481e-01,1.8881017191024918e+11,9.1256728811140253e-01,-2.0755162729980238e-06,-1.7662611990699648e-06,-1.4632636383366321e-06,-1.1726449879289999e-06,-9.0057385424549315e-07,-6.5308324058313996e-07,-4.3616782665388182e-07,-2.5592743484846983e-07,-1.1816127567032857e-07,-2.9069989793939699e-08,-2.0119529773257837e-06,-1.7102062463297086e-06,-1.4747012345347250e-06,-1.1862655455948048e-06,-9.3637835787472128e-07,-6.4975815229098561e-07,-3.5707128744667808e-07,-2.1079443660496930e-07,-6.0687123584996677e-08,-2.8902388568288891e-08,ok,1,-1.9023671526952057e-12,-1.5548673459875317e-12,-1.5835111000228608e-12,-1.6213697051625786e-12,-1.6578960426727463e-12,-1.704969498916853e-12,-1.7325030299275568e-12,-1.7587042933087105e-12,-1.79090076102284e-12,-1.8423040870629848e-12,-1.9023671526952057e-12
277,-1.2577230138745266e+00,1.8087771084293604e+11,8.7422769861254734e-01,-2.1665388315802983e-06,-1.8437212583119648e-06,-1.5274356238686019e-06,-1.2240717815894948e-06,-9.4006886446183829e-07,-6.8172445544564485e-07,-4.5529613322039486e-07,-2.6715123021670456e-07,-1.2334328352877042e-07,-3.0344865295264143e-08,-2.1995970978502432e-06,-1.7983114268879647e-06,-1.5829646089019360e-06,-1.2377530578676860e-06,-9.0962933354247859e-07,-6.7328685537125956e-07,-4.7513704429289470e-07,-2.4974345815687697e-07,-1.1563491858896926e-07,-3.4240844074284411e-08,ok,1,2.049027614248189e-12,1.7552626019323725e-12,1.7836843113627765e-12,1.8114398869784054e-12,1.845412711531935e-12,1.872946242542639e-12,1.9177992527374954e-12,1.9604318168831014e-12,1.9970691766957316e-12,2.0183854587685346e-12,2.049027614248189e-12
278,-1.1452595689770990e+00,1.8320457951786383e+11,8.8547404310229016e-01,-2.1390217719398123e-06,-1.8203042823104031e-06,-1.5080357698033754e-06,-1.2085249306733386e-06,-9.2812911492541198e-07,-6.7306592035462157e-07,-4.4951344856704967e-07,-2.6375816094511478e-07,-1.2177670902764990e-07,-2.9959457262886814e-08,-2.0706935706840436e-06,-1.9043997136612353e-06,-1.5028544161447616e-06,-1.2602483450188479e-06,-9.1114471804316634e-07,-6.6451034133448757e-07,-4.6857642151007389e-07,-3.3750659225422607e-07,-1.1154409185384968e-07,-5.2091978191608832e-08,ok,1,-5.092593013955593e-13,-2.462474668618597e-13,-2.5990321006474915e-13,-2.8466118351389014e-13,-3.1186164761720647e-13,-3.524958103184872e-13,-3.765876499528531e-13,-3.9812597663058114e-13,-4.225508831723346e-13,-4.630740235711528e-13,-5.092593013955593e-13
279,-1.7322265313091725e+00,1.7106023306721323e+11,8.2677734686908277e-01,-2.2908806873614615e-06,-1.9495359889136303e-06,-1.6150981098991875e-06,-1.2943236297048800e-06,-9.9402123561970983e-07,-7.2084994107553951e-07,-4.8142645930063434e-07,-2.8248355625454347e-07,-1.3042219323885248e-07,-3.2086415831656107e-08,-2.2989892731916911e-06,-1.8868693776375688e-06,-1.6917325414876375e-06,-1.3887476839186987e-06,-9.3991516686891769e-07,-7.3174346557709385e-07,-4.9113211319551603e-07,-3.1755727213227801e-07,-8.8674386497552409e-08,-1.3713848552456674e-07,ok,1,3.867572928584195e-12,3.4281466554375584e-12,3.462341524596013e-12,3.4980907059889432e-12,3.5433878053936496e-12,3.5855762803294056e-12,3.647748769708414e-12,3.7123637497415984e-12,3.770983525441807e-12,3.8118397327480125e-12,3.867572928584195e-12
280,1.4217515275463077e+00,2.3631603910493311e+11,1.1421751527546307e+00,-1.6582817898857906e-06,-1.4111952870254456e-06,-1.1691083692398168e-06,-9.3691186852239004e-07,-7.1953433580411356e-07,-5.2179597877784946e-07,-3.4848638562068280e-07,-2.0447915068776262e-07,-9.4407687505468867e-08,-2.3226141531429604e-08,-1.7223512449994101e-06,-1.4187350734375075e-06,-1.1830057641474817e-06,-9.8305104110259699e-07,-7.7185648487881541e-07,-4.6779751439077259e-07,-3.5008157542513221e-07,-1.8482303500311415e-07,-5.5307253855961023e-08,3.6280077164559985e-08,ok,1,-6.441736033480083e-12,-5.708322703412705e-12,-5.782818668365053e-12,-5.874634112501553e-12,-5.9644511551937285e-12,-6.058709089984404e-12,-6.129430296653027e-12,-6.192379942149273e-12,-6.2583271898120074e-12,-6.342482095078594e-12,-6.441736033480083e-12
281,-5.3954060874124687e-01,1.9573690480514362e+11,9.4604593912587542e-01,-2.0020679528902046e-06,-1.7037567901039194e-06,-1.4114816997854282e-06,-1.1311474552107993e-06,-8.6870436828312394e-07,-6.2997194652339181e-07,-4.2073273006162830e-07,-2.4687068092007362e-07,-1.1397978727990467e-07,-2.8041261692086798e-08,-2.0416302730326244e-06,-1.7436339421233346e-06,-1.3929999705775263e-06,-1.1190767931523859e-06,-9.1235077954298190e-07,-7.1756887187413490e-07,-4.3194051413109063e-07,-2.3064886364594293e-07,-1.3528619210402877e-07,-1.4355460824267565e-08,ok,1,1.2259082637910979e-12,1.0536016503692736e-12,1.070254995738651e-12,1.0804690475652023e-12,1.0977885267493548e-12,1.1119993814645568e-12,1.1455281168082365e-12,1.1790568521519162e-12,1.2045919817182948e-12,1.2119194536808209e-12,1.2259082637910979e-12
282,2.3794816900991067e-01,2.1182314761681506e+11,1.0237948169009912e+00,-1.8500271982397813e-06,-1.5743703385929526e-06,-1.3042911608723902e-06,-1.0452460189168331e-06,-8.0273334690422207e-07,-5.8213070815784534e-07,-3.8878150598227512e-07,-2.2812286340764008e-07,-1.0532395077446525e-07,-2.5911756256030527e-08,-1.8440864062715523e-06,-1.6207681853187011e-06,-1.3542125562041787e-06,-1.0740753689822749e-06,-8.0975355248100759e-07,-6.3582552568332812e-07,-3.4729836052783988e-07,-2.2777562071253755e-07,-1.1416015925473215e-07,-7.7725924671596945e-08,ok,1,-2.368105711525459e-13,-4.5630166312093934e-14,-6.250555628639631e-14,-8.948397578478762e-14,-1.127986593019159e-13,-1.41886502547095e-13,-1.503241975342462e-13,-1.5654144647214707e-13,-1.6853185513809876e-13,-2.0017321133991572e-13,-2.368105711525459e-13
283,-1.4015819386286821e+00,1.7790126968977258e+11,8.5984180613713190e-01,-2.2027868884292765e-06,-1.8745682996899292e-06,-1.5529909347264859e-06,-1.2445515546168597e-06,-9.5579702457773325e-07,-6.9313029154497132e-07,-4.6291362886789895e-07,-2.7162089992156600e-07,-1.2540692267891746e-07,-3.0852560973840910e-08,-2.2043053668330408e-06,-1.8890944370053658e-06,-1.5252688282733365e-06,-1.3048313413678887e-06,-9.5369208748141357e-07,-6.9033443201588097e-07,-5.5977262860797753e-07,-3.2380265134669700e-07,-2.2005552567841653e-07,-2.1044245465538124e-08,ok,1,-1.0861311849907906e-12,-8.526512829121202e-13,-8.828493491819245e-13,-9.250378241176804e-13,-9.661160760288112e-13,-1.0094147739891923e-12,-1.0239586956117819e-12,-1.0277334538955074e-12,-1.0343947920432583e-12,-1.0592637877948619e-12,-1.0861311849907906e-12
284,-6.3863073693511144e-02,2.0557867300528125e+11,9.9361369263064891e-01,-1.9062219761365681e-06,-1.6221920093168865e-06,-1.3439091471202425e-06,-1.0769954807282460e-06,-8.2711645985661011e-07,-5.9981299190101072e-07,-4.0059078662411670e-07,-2.3505212026103241e-07,-1.0852317726508607e-07,-2.6698828678050451e-08,-1.8753496283496301e-06,-1.6265261185060013e-06,-1.2979623637278622e-06,-1.0342162693441599e-06,-8.5427814544589111e-07,-5.7593942107840775e-07,-4.5438681206562373e-07,-2.2426417470023144e-07,-8.9581389328957350e-08,-9.2994749730656029e-08,ok,1,-8.064660050877137e-13,-5.748734821509061e-13,-5.835332217429823e-13,-5.986322548778844e-13,-6.13398221105399e-13,-6.425970866530406e-13,-6.618039449790558e-13,-6.841194277740215e-13,-7.118750033896504e-13,-7.567280135845067e-13,-8.064660050877137e-13
285,-1.2756526694225918e+00,1.8050674626964658e+11,8.7243473305774077e-01,-2.1709913474447407e-06,-1.8475103425565355e-06,-1.5305747004674624e-06,-1.2265874064870199e-06,-9.4200082684861285e-07,-6.8312548685495121e-07,-4.5623182531426628e-07,-2.6770026034399076e-07,-1.2359676983537963e-07,-3.0407227895058093e-08,-2.1652829596135686e-06,-1.8284558905456301e-06,-1.5654710668423105e-06,-1.1696251865761657e-06,-9.5370729647725592e-07,-6.8062960408493445e-07,-4.3548388260590271e-07,-2.5332564431749239e-07,-4.6829165721538999e-08,-4.0973315531683134e-08,ok,1,-3.063549414150657e-12,-2.7557955917245636e-12,-2.790545572395331e-12,-2.8362867610098874e-12,-2.8782531913407183e-12,-2.924882558374975e-12,-2.9474200857748656e-12,-2.963407297329468e-12,-2.9833913117727207e-12,-3.0214719615173635e-12,-3.063549414150657e-12
286,-4.7073124502356406e-01,1.9716057054046246e+11,9.5292687549764366e-01,-1.9876113323991256e-06,-1.6914542280015393e-06,-1.4012896105337149e-06,-1.1229796158246496e-06,-8.6243158950305342e-07,-6.2542301733359179e-07,-4.1769468462572698e-07,-2.4508806622946727e-07,-1.1315675700964361e-07,-2.7838780114083878e-08,-2.0572201605072036e-06,-1.6925312481784895e-06,-1.4042336735501696e-06,-1.0769903523533645e-06,-8.9148912329579692e-07,-5.1158134966987611e-07,-3.7906900679331127e-07,-2.2195358401698391e-07,-1.5907321366315712e-07,-2.9784620313126706e-08,ok,1,1.7985612998927536e-12,1.5683010445854961e-12,1.589173237448449e-12,1.6127099655705024e-12,1.6426859872353816e-12,1.6628920462835595e-12,1.6997514507011147e-12,1.7343904090694195e-12,1.7630341631047486e-12,1.7761347947953254e-12,1.7985612998927536e-12
287,-2.5615769974744268e-01,2.0160009719222540e+11,9.7438423002525565e-01,-1.9438412469224932e-06,-1.6542059516746218e-06,-1.3704311800995087e-06,-1.0982499752895163e-06,-8.4343959455131437e-07,-6.1165029503013977e-07,-4.0849644161329780e-07,-2.3969087139885996e-07,-1.1066488103469694e-07,-2.7225729783094193e-08,-1.9656102639235606e-06,-1.6549553579013858e-06,-1.2804324047414838e-06,-1.0988952250816524e-06,-8.6101583072177343e-07,-6.5456194565543205e-07,-4.1071028127497920e-07,-2.3728018916420254e-07,-6.6688323861470440e-08,-1.3629315087203486e-08,ok,1,-5.890510301753693e-12,-5.242917211489839e-12,-5.306088901591011e-12,-5.3824722456852214e-12,-5.455857987612944e-12,-5.534128710849018e-12,-5.590750085104901e-12,-5.645928169428771e-12,-5.7088778149250174e-12,-5.792033519469442e-12,-5.890510301753693e-12
288,1.2494143798771220e+00,2.3275038351965765e+11,1.1249414379877123e+00,-1.6836860948664317e-06,-1.4328143120172404e-06,-1.1870187061614349e-06,-9.5126503515148783e-07,-7.3055735361846114e-07,-5.2978971317430260e-07,-3.5382507683476015e-07,-2.0761170073931864e-07,-9.5853980711250058e-08,-2.3581958007620986e-08,-1.7548754561940360e-06,-1.4118888907377559e-06,-1.1882569667985482e-06,-1.0453843227730568e-06,-7.3973679301007264e-07,-5.0682351195365662e-07,-3.3745286627953905e-07,-2.7663351352150071e-07,-8.8471699043747432e-08,3.5738674997678526e-08,ok,1,-2.758238082378739e-12,-2.5751623056180506e-12,-2.5902613387529527e-12,-2.6145752229922437e-12,-2.638333995719222e-12,-2.6709745526432016e-12,-2.6806334929574405e-12,-2.6868507418953413e-12,-2.698841150561293e-12,-2.728151038411397e-12,-2.758238082378739e-12
289,2.1409351512570210e-01,2.1132959482795078e+11,1.0214093515125702e+00,-1.8543478712794149e-06,-1.5780472247937590e-06,-1.3073372867130987e-06,-1.0476871539974315e-06,-8.0460810222309710e-07,-5.8349025382218112e-07,-3.8968949142854409e-07,-2.2865563628070337e-07,-1.0556993113355102e-07,-2.5972272245618498e-08,-1.8312337997066305e-06,-1.6302829939973384e-06,-1.3726722671991615e-06,-1.0627780952348226e-06,-9.1906244688151137e-07,-5.7420486285220387e-07,-3.7011531918934018e-07,-2.6494243592475402e-07,-1.3700842838992383e-07,1.4407849107107995e-08,ok,1,-1.0198508704206688e-12,-8.526512829121202e-13,-8.808509477375992e-13,-9.139355938714289e-13,-9.373612996910197e-13,-9.625633623500107e-13,-9.667822098435863e-13,-9.667822098435863e-13,-9.707790127322369e-13,-9.942047185518277e-13,-1.0198508704206688e-12
290,6.5115313536915642e-01,2.2037235837078784e+11,1.0651153135369156e+00,-1.7782565254755348e-06,-1.5132936049706698e-06,-1.2536919836358136e-06,-1.0046963394023341e-06,-7.7159179805979486e-07,-5.5954730365392888e-07,-3.7369896542877234e-07,-2.1927297655453471e-07,-1.0123797257240601e-07,-2.4906525532528989e-08,-1.7548730271822836e-06,-1.5152441164234719e-06,-1.2947500114951756e-06,-1.0259998948002158e-06,-7.4877375293994410e-07,-5.6192453629238162e-07,-4.1310610563268335e-07,-2.1266966616259503e-07,-1.3328045934915676e-07,6.2035865466577869e-09,ok,1,-1.552535877635819e-12,-1.5293322164211531e-12,-1.538547067525542e-12,-1.5518697438210438e-12,-1.552535877635819e-12,-1.5496492977717935e-12,-1.5185630530822891e-12,-1.4810375148499588e-12,-1.447508779506279e-12,-1.4316325902541394e-12,-1.4084289290394736e-12
291,-8.2193092736262460e-03,2.0672994249112866e+11,9.9917806907263729e-01,-1.8956063141405676e-06,-1.6131580970658087e-06,-1.3364249792543179e-06,-1.0709977427220226e-06,-8.2251028655727579e-07,-5.9647266109880466e-07,-3.9835991506631711e-07,-2.3374312587774700e-07,-1.0791881671161614e-07,-2.6550144136339041e-08,-1.8841092476287412e-06,-1.5998393656545982e-06,-1.2724519237479429e-06,-1.1529321326349559e-06,-8.7797943584761850e-07,-5.5554721005817206e-07,-3.5405601587965968e-07,-2.2691132562752690e-07,-1.1354808977875845e-07,-3.7664113238243209e-08,ok,1,5.806466418789569e-13,5.46229728115577e-13,5.46451772720502e-13,5.38680211548126e-13,5.362377208939506e-13,5.304645611658998e-13,5.468958619303521e-13,5.659916979539048e-13,5.806466418789569e-13,5.770939282001564e-13,5.757616605706062e-13
292,-1.8231641486947461e-01,2.0312787337635056e+11,9.8176835851305244e-01,-1.9292211245795434e-06,-1.6417642497444906e-06,-1.3601238200993090e-06,-1.0899897590672218e-06,-8.3709587173946374e-07,-6.0704991824622135e-07,-4.0542403641451613e-07,-2.3788809564769819e-07,-1.0983254243595335e-07,-2.7020958173843223e-08,-1.8511908926014209e-06,-1.6748609542577863e-06,-1.3753906347375776e-06,-1.0826469147021634e-06,-7.4296796627579019e-07,-6.0358440931997846e-07,-4.1981640690369812e-07,-2.2311680933013574e-07,-8.1146823670221369e-08,-1.0522343327097476e-07,ok,1,1.95021776505655e-12,1.7563728249569976e-12,1.7603696278456482e-12,1.7608137170554983e-12,1.7699175458574246e-12,1.7783552408445757e-12,1.8123280653981055e-12,1.8547385849387865e-12,1.8951507030351422e-12,1.9182433419473455e-12,1.95021776505655e-12
293,-1.7244704906918364e+00,1.7122070554758591e+11,8.2755295093081638e-01,-2.2887336146468151e-06,-1.9477088332913575e-06,-1.6135843981192064e-06,-1.2931105560759025e-06,-9.9308961317238114e-07,-7.2017434184065563e-07,-4.8097525395398160e-07,-2.8221880534927398e-07,-1.3029995818140587e-07,-3.2056343611699196e-08,-2.3402146804845790e-06,-1.9795848329780919e-06,-1.5940824873933522e-06,-1.2916005938711378e-06,-1.0003154525356485e-06,-7.4308008502224319e-07,-5.6124812488751974e-07,-3.1022159535339972e-07,-1.6457348581011320e-07,-3.1355672614868781e-08,ok,1,6.850298106542141e-12,6.171285704681395e-12,6.23900930918353e-12,6.309397448944765e-12,6.384448525409425e-12,6.45217212991156e-12,6.540101793461872e-12,6.63002985845651e-12,6.710854094649221e-12,6.77125022718883e-12,6.850298106542141e-12
294,8.8191664881333909e-01,2.2514685546394800e+11,1.0881916648813339e+00,-1.7405465579299309e-06,-1.4812024798079742e-06,-1.2271060083629569e-06,-9.8339060212018443e-07,-7.5522930971997981e-07,-5.4768146182585802e-07,-3.6577425059923720e-07,-2.1462304179481495e-07,-9.9091105342959307e-08,-2.4378354115159445e-08,-1.7811766022299047e-06,-1.5036881486778213e-06,-1.1872078788169900e-06,-1.0130213767360025e-06,-7.8124392282714494e-07,-5.6823989015463802e-07,-4.6063633203365427e-07,-1.9669172248110883e-07,-5.0119737571105837e-08,-6.2488775405196847e-09,ok,1,-3.5033087542046815e-12,-3.479549981477703e-12,-3.489430966396867e-12,-3.501310352760356e-12,-3.5033087542046815e-12,-3.5030867095997564e-12,-3.4766634016136777e-12,-3.4448000008069357e-12,-3.417932603611007e-12,-3.410161042438631e-12,-3.3962832546308164e-12
295,1.3114738602824823e+00,2.3403439416924457e+11,1.1311473860282484e+00,-1.6744486881966703e-06,-1.4249532929576149e-06,-1.1805062246801620e-06,-9.4604599699064443e-07,-7.2654921018182531e-07,-5.2688306504996549e-07,-3.5188384436019300e-07,-2.0647265604759409e-07,-9.5328085650812692e-08,-2.3452577515132870e-08,-1.6692112089909244e-06,-1.3529457351304537e-06,-1.1763473889760674e-06,-9.7647881547843683e-07,-7.6036870311097172e-07,-5.3940747538808348e-07,-3.4999796370997662e-07,-2.3860741665089049e-07,-7.0299285389686019e-08,2.0892930468791782e-08,ok,1,5.098366173683644e-12,4.35895763928329e-12,4.4215742178721484e-12,4.487299420929958e-12,4.565459121863569e-12,4.642952688982405e-12,4.739542092124793e-12,4.838796030526282e-12,4.93094454157017e-12,5.0031090381708054e-12,5.098366173683644e-12
296,-1.1050373481571922e+00,1.8403677726662769e+11,8.8949626518428071e-01,-2.1293493079371576e-06,-1.8120730301204927e-06,-1.5012165677318960e-06,-1.2030600896691073e-06,-9.2393219857249651e-07,-6.7002237681925620e-07,-4.4748078919585534e-07,-2.6256547027194165e-07,-1.2122604570581753e-07,-2.9823983292631527e-08,-2.1546333429701840e-06,-1.7699199369089469e-06,-1.5229603375983672e-06,-1.1997170823654971e-06,-9.7341907730635162e-07,-6.2540224721114136e-07,-4.7023621307472687e-07,-1.8831275359715802e-07,-1.6923690198822837e-07,5.3123308746430028e-08,ok,1,-6.800116025829084e-13,-5.292433158388121e-13,-5.480060849549773e-13,-5.715428130770306e-13,-5.916378498227459e-13,-6.176170685989746e-13,-6.242784067467255e-13,-6.268319197033634e-13,-6.321609902215641e-13,-6.551426068313049e-13,-6.800116025829084e-13
297,5.6131093473202487e-01,2.1851352323960559e+11,1.0561310934732024e+00,-1.7933836702472539e-06,-1.5261667822184185e-06,-1.2643568004739585e-06,-1.0132430179944279e-06,-7.7815551969751112e-07,-5.6430722043055572e-07,-3.7687792092247796e-07,-2.2113827214783106e-07,-1.0209917647942319e-07,-2.5118398573381174e-08,-1.8011778579202702e-06,-1.5890180335919111e-06,-1.2548344804708351e-06,-1.0327996456382236e-06,-7.9573143680057717e-07,-6.1996332394417845e-07,-3.4375210345557683e-07,-2.3470921574346157e-07,-1.1887526790683976e-07,9.2153185661381087e-08,ok,1,-4.952593890550361e-12,-4.550915200240979e-12,-4.5953241212259854e-12,-4.6491699379203055e-12,-4.697575661793962e-12,-4.750200233161195e-12,-4.780176254826074e-12,-4.80737671892939e-12,-4.84090545427307e-12,-4.892641847220602e-12,-4.952593890550361e-12
298,-1.7737542984583343e-01,2.0323010235648972e+11,9.8226245701541670e-01,-1.9282506861135984e-06,-1.6409384080824013e-06,-1.3594396494478295e-06,-1.0894414714829501e-06,-8.3667479505544415e-07,-6.0674455947518317e-07,-4.0522009966763075e-07,-2.3776843297356304e-07,-1.0977729437614162e-07,-2.7007366068256736e-08,-1.9938126401262731e-06,-1.6329233640262562e-06,-1.3925428276004708e-06,-1.0290451851246982e-06,-8.3919996071829803e-07,-5.7609402134279645e-07,-3.5803504379764342e-07,-2.4192606416887895e-07,-5.6404853071965842e-08,-6.8804804124077929e-08,ok,1,-4.339861803259737e-13,-1.2179146580137967e-13,-1.4777068457760834e-13,-1.8551826741486366e-13,-2.2082335959794364e-13,-2.6001423236721166e-13,-2.7711166694643907e-13,-2.970956813896919e-13,-3.2784885917180873e-13,-3.774758283725532e-13,-4.339861803259737e-13
299,-1.7600001681778388e+00,1.7048559652040051e+11,8.2399998318221612e-01,-2.2986023001771389e-06,-1.9561070697034676e-06,-1.6205419386994399e-06,-1.2986862601909027e-06,-9.9737167074017838e-07,-7.2327962856368087e-07,-4.8304914909770775e-07,-2.8343569167566959e-07,-1.3086179259652135e-07,-3.2194565889854898e-08,-2.3454666834807613e-06,-1.9815025486310187e-06,-1.6296254324838063e-06,-1.3462405540659721e-06,-1.0476207702370749e-06,-6.6818391590971688e-07,-4.7673189507975535e-07,-3.6945907757787882e-07,-1.1113575685076517e-07,4.8601261338588603e-08,ok,1,2.5583979379462107e-12,2.496669537777052e-12,2.510880392492254e-12,2.5197621766892553e-12,2.531530540750282e-12,2.532640763774907e-12,2.545963440070409e-12,2.5568436257117355e-12,2.5583979379462107e-12,2.5410784587620583e-12,2.526201470232081e-12
300,-1.1467905659580109e+00,1.8317290319032877e+11,8.8532094340419898e-01,-2.1393916757446900e-06,-1.8206190698870790e-06,-1.5082965563818258e-06,-1.2087339224545462e-06,-9.2828961749512432e-07,-6.7318231451581953e-07,-4.4959118350982224e-07,-2.6380377298545617e-07,-1.2179776803164716e-07,-2.9964638190630841e-08,-2.1876780957514263e-06,-1.8360030720039122e-06,-1.5340883219322997e-06,-1.1574152861275525e-06,-1.0009550776919904e-06,-6.5787555040538554e-07,-4.8511427322585670e-07,-3.3241752036745561e-07,-8.6037414729004674e-08,-2.6741566714679122e-08,ok,1,-1.4090950628542487e-12,-1.2977396934843455e-12,-1.3153922395758855e-12,-1.3381518115807012e-12,-1.357913781419029e-12,-1.3845591340100327e-12,-1.3887779815036083e-12,-1.3845591340100327e-12,-1.3822276656583199e-12,-1.396660564978447e-12,-1.4090950628542487e-12
301,3.1159900866557005e-01,2.1334698348929065e+11,1.0311599008665571e+00,-1.8368133352453110e-06,-1.5631253612345230e-06,-1.2949752304249990e-06,-1.0377803245192069e-06,-7.9699980499898947e-07,-5.7797282581447725e-07,-3.8600462488583312e-07,-2.2649349046342403e-07,-1.0457167196643470e-07,-2.5726680924476971e-08,-1.8585189938934398e-06,-1.6067789696974741e-06,-1.3121812271829836e-06,-1.0946112205053362e-06,-8.5145962798787399e-07,-5.5879267928734711e-07,-3.7627766193330883e-07,-2.1369492790858607e-07,-1.3386677979976322e-07,-2.9427941386333370e-08,ok,1,-1.0188516696985062e-12,-1.0094147739891923e-12,-1.0126344207606053e-12,-1.0188516696985062e-12,-1.01019193010643e-12,-9.990896998601784e-13,-9.648948307017235e-13,-9.271472478644682e-13,-8.959499808725013e-13,-8.839595722065496e-13,-8.651968030903845e-13
302,-5.8757445762420824e-01,1.9474308447175513e+11,9.4124255423757919e-01,-2.0122849823947073e-06,-1.7124514667095955e-06,-1.4186848270074266e-06,-1.1369199700283611e-06,-8.7313757353404134e-07,-6.3318684337810180e-07,-4.2287982936980919e-07,-2.4813052079071597e-07,-1.1456145327575334e-07,-2.8184362927808705e-08,-2.0253301772031625e-06,-1.6677658636327822e-06,-1.4787403574719734e-06,-1.1465073363750584e-06,-8.2595694049016016e-07,-6.3249084133869385e-07,-3.8331436491881879e-07,-2.6619364511777990e-07,-1.0793048029364603e-07,4.3889838652822665e-08,ok,1,-3.8047343053904115e-13,-3.8047343053904115e-13,-3.695932448977146e-13,-3.602673714908633e-13,-3.396172232328354e-13,-3.178568519501823e-13,-2.696731726814505e-13,-2.1715962361668062e-13,-1.7030821197749901e-13,-1.3988810110276972e-13,-9.681144774731365e-14
303,8.0706416529462455e-01,2.2359815757994577e+11,1.0807064165294624e+00,-1.7526020274479555e-06,-1.4914616660756759e-06,-1.2356052576429634e-06,-9.9020181631854356e-07,-7.6046022059740140e-07,-5.5147484335799894e-07,-3.6830769637723798e-07,-2.1610957573809875e-07,-9.9777435619231480e-08,-2.4547204815300062e-08,-1.7287805381724752e-06,-1.4775235613683029e-06,-1.2026912185440540e-06,-9.8139377100687515e-07,-8.3368001551796000e-07,-6.0891631620774585e-07,-4.2773408972916603e-07,-1.8575897527865240e-07,-1.0575921150237828e-07,-1.5082318216173731e-08,ok,1,9.809930645587883e-13,9.046097204645775e-13,9.190426197847046e-13,9.29034627006331e-13,9.423573033018329e-13,9.463541061904834e-13,9.636735853746359e-13,9.769962616701378e-13,9.809930645587883e-13,9.694467451026867e-13,9.623413177450857e-13
304,4.1310630594386277e-01,2.1544716946997852e+11,1.0413106305943862e+00,-1.8189080194106755e-06,-1.5478879646275608e-06,-1.2823517699709643e-06,-1.0276640083312075e-06,-7.8923062510735616e-07,-5.7233872800405559e-07,-3.8224183931052843e-07,-2.2428562458857258e-07,-1.0355230392393826e-07,-2.5475896406252237e-08,-1.8660886692294861e-06,-1.5803174768254061e-06,-1.3042327438121314e-06,-1.0381284473894010e-06,-7.5270870874960430e-07,-5.6619015535504630e-07,-3.0194506529848003e-07,-2.3341744710070087e-07,-1.0322224316326763e-07,2.9082516148771842e-08,ok,1,9.92317339409965e-13,9.92317339409965e-13,9.692247004977617e-13,9.305889392408062e-13,8.919531779838508e-13,8.495426584431698e-13,8.335554468885675e-13,8.217870828275409e-13,8.060219158778636e-13,7.738254481637341e-13,7.389644451905042e-13
305,-2.0092509750853534e-02,2.0648428597325485e+11,9.9799074902491469e-01,-1.8978615368253911e-06,-1.6150772881486168e-06,-1.3380149380485734e-06,-1.0722719199531067e-06,-8.2348883565931910e-07,-5.9718229087053271e-07,-3.9883384802925383e-07,-2.3402121252256208e-07,-1.0804720885807177e-07,-2.6581731120871433e-08,-1.9176473174366299e-06,-1.5982859097709427e-06,-1.3782797181084517e-06,-1.1159180795374905e-06,-8.3878545113784622e-07,-6.1248184486545492e-07,-4.7002217471379818e-07,-2.6390923379862598e-07,-9.9349853264305708e-08,-9.9680911144296045e-09,ok,1,-1.3119505481995475e-12,-9.974243653232406e-13,-1.02873265461767e-12,-1.0699219288312634e-12,-1.1080025785759062e-12,-1.1506351427215122e-12,-1.1709522240721526e-12,-1.1889378370710801e-12,-1.2141398997300712e-12,-1.2594369991347776e-12,-1.3119505481995475e-12
306,-9.2505143779455470e-02,2.0498606857520306e+11,9.9074948562205445e-01,-1.9117327681390507e-06,-1.6268816849492498e-06,-1.3477943209733370e-06,-1.0801090205761952e-06,-8.2950761200415061e-07,-6.0154702113789493e-07,-4.0174887447051140e-07,-2.3573164413634728e-07,-1.0883691232050411e-07,-2.6776013650937675e-08,-1.9708868900868113e-06,-1.6523371735115280e-06,-1.3356829948164442e-06,-1.0419212665787405e-06,-8.4345199144465161e-07,-6.2162457045618038e-07,-3.7834632150053474e-07,-2.1233971963959936e-07,-1.5996489488080452e-07,-7.9322255482720158e-08,ok,1,-2.1320722964901506e-12,-1.7138512831138542e-12,-1.7456036616181336e-12,-1.7895684933932898e-12,-1.8347545704955337e-12,-1.8902657217267915e-12,-1.9240165016753963e-12,-1.956657058599376e-12,-1.9987345112326693e-12,-2.060240866796903e-12,-2.1320722964901506e-12
307,1.0313012876155474e+00,2.2823762364076569e+11,1.1031301287615547e+00,-1.7169762726097754e-06,-1.4611442027645352e-06,-1.2104886770980352e-06,-9.7007363741879280e-07,-7.4500207952547011e-07,-5.4026482119595632e-07,-3.6082097692200962e-07,-2.1171664075180091e-07,-9.7749224762412572e-08,-2.4048225191280557e-08,-1.7245861900672115e-06,-1.5109426393103681e-06,-1.1487819313796924e-06,-9.7284999114527674e-07,-7.6976319138514897e-07,-5.2884750055557088e-07,-3.7926755665265049e-07,-1.8585390166400427e-07,-1.1612713632963230e-07,1.6421233657977933e-08,ok,1,4.5297099404706387e-13,3.794742298168785e-13,3.82804898890754e-13,3.8191672047105385e-13,3.856914787547794e-13,3.814726312612038e-13,4.001243780749064e-13,4.249933738265099e-13,4.4497738826976274e-13,4.4586556668946287e-13,4.5297099404706387e-13
308,1.3586992603610617e+00,2.3501148769687036e+11,1.1358699260361060e+00,-1.6674869307420101e-06,-1.4190288479269543e-06,-1.1755981029395331e-06,-9.4211267683658784e-07,-7.2352847899068625e-07,-5.2469247412178581e-07,-3.5042083746479213e-07,-2.0561421675191564e-07,-9.4931745640120633e-08,-2.3355070104176290e-08,-1.6922604327819377e-06,-1.4616831670674606e-06,-1.2462223317490652e-06,-9.6710646639338219e-07,-7.2827991074501953e-07,-5.0620473628776763e-07,-3.5775893679877658e-07,-2.1901260425314948e-07,-1.2547268569659695e-07,-3.0856344025599545e-08,ok,1,2.511546526307029e-12,2.2510882047299674e-12,2.2746249328520207e-12,2.2950530365051236e-12,2.320366121466577e-12,2.33946195749013e-12,2.3812063432160357e-12,2.4280577548552174e-12,2.467359649926948e-12,2.4853452629258754e-12,2.511546526307029e-12
309,-6.7356315979750747e-01,1.9296397822378958e+11,9.3264368402024933e-01,-2.0308380243621387e-06,-1.7282400772727546e-06,-1.4317649420827874e-06,-1.1474022447072563e-06,-8.8118780408635749e-07,-6.3902475509602194e-07,-4.2677873399325283e-07,-2.5041825637784500e-07,-1.1561769703301841e-07,-2.8444219594634712e-08,-1.9999864762977926e-06,-1.7112090019541131e-06,-1.4404159905343384e-06,-1.1811766437910149e-06,-8.1320115879622079e-07,-6.1570306306795468e-07,-4.1028479193896599e-07,-2.5959243091760512e-07,-7.5321728352646958e-08,-5.5510262391834605e-08,ok,1,3.3515412667384226e-12,2.9951596758337473e-12,3.0264679651281767e-12,3.055777852978281e-12,3.092415212790911e-12,3.126832126554291e-12,3.1818991885756986e-12,3.2360780721774063e-12,3.282485394606738e-12,3.311573237851917e-12,3.3515412667384226e-12
310,-3.3937812035953574e-01,1.9987826668976120e+11,9.6606218796404641e-01,-1.9605862648147674e-06,-1.6684559364931748e-06,-1.3822366167149044e-06,-1.1077107352747123e-06,-8.5070531706040412e-07,-6.1691929276869401e-07,-4.1201539164824487e-07,-2.4175566343708743e-07,-1.1161819212217755e-07,-2.7460262995658020e-08,-1.9271817168008647e-06,-1.6221631457418354e-06,-1.3917194925117539e-06,-1.1319277576944490e-06,-8.8833391948541218e-07,-6.4418909794374903e-07,-4.3332009219519089e-07,-2.0625421617687075e-07,-1.4184549534578562e-07,-1.6266711713971016e-08,ok,1,-2.9644064980516305e-12,-2.4420465649654943e-12,-2.4976687384992147e-12,-2.5671686998407495e-12,-2.634004125923184e-12,-2.7045032879868813e-12,-2.7493562981817377e-12,-2.789657393975631e-12,-2.833400181145862e-12,-2.894573469802708e-12,-2.9644064980516305e-12
311,-1.9301492406707321e+00,1.6696521221052255e+11,8.0698507593292679e-01,-2.3470672670022306e-06,-1.9973506829340132e-06,-1.6547103162789093e-06,-1.3260684595871356e-06,-1.0184007913195685e-06,-7.3852964515017435e-07,-4.9323401708640545e-07,-2.8941180219857520e-07,-1.3362095299427961e-07,-3.2873373427668777e-08,-2.3539327115924489e-06,-1.9465277660540192e-06,-1.6101007094170665e-06,-1.2648358226111441e-06,-1.0242112024621173e-06,-7.5445468895675071e-07,-5.2560622527068338e-07,-2.8123651433233693e-07,-1.8926224609634384e-07,-8.5891215769239513e-09,ok,1,-1.3016254740705335e-12,-1.2433387652777128e-12,-1.2633227797209656e-12,-1.2854162179110062e-12,-1.2951861805277076e-12,-1.3016254740705335e-12,-1.2825296380469808e-12,-1.2608802890667903e-12,-1.248778858098376e-12,-1.2564393969682897e-12,-1.2599921106470902e-12
312,-4.5192972520018426e-01,1.9754957398560818e+11,9.5480702747998158e-01,-1.9836974406050579e-06,-1.6881235120234757e-06,-1.3985302703053936e-06,-1.1207683078935713e-06,-8.6073333800589439e-07,-6.2419146970888628e-07,-4.1687218388233562e-07,-2.4460545267443504e-07,-1.1293393512518692e-07,-2.7783961563166097e-08,-1.9546197119133602e-06,-1.6626069697274071e-06,-1.4615093957267797e-06,-1.1186759913317314e-06,-8.8280547584468974e-07,-6.2379084149597536e-07,-3.9793421834378004e-07,-2.3884547640440418e-07,-1.2622136802259250e-07,-4.6496406086234974e-08,ok,1,4.716227408607665e-13,-3.9190872769268026e-14,-1.3877787807814457e-14,1.3988810110276972e-14,5.573319583618286e-14,1.0458300891968975e-13,1.8030021919912542e-13,2.609024107869118e-13,3.3639757646142243e-13,3.9457326295178063e-13,4.716227408607665e-13
313,1.6181452530764411e+00,2.4037942528615155e+11,1.1618145253076440e+00,-1.6302501091408150e-06,-1.3873403692449893e-06,-1.1493457011803782e-06,-9.2107426206464956e-07,-7.0737129035009188e-07,-5.1297551269059115e-07,-3.4259555381812940e-07,-2.0102262459799420e-07,-9.2811815095793803e-08,-2.2833525639308171e-08,-1.7091962079124076e-06,-1.3693923289423247e-06,-1.1020822064743967e-06,-9.4977186424692429e-07,-7.2199090848855810e-07,-5.5765402749138495e-07,-3.9444836827244534e-07,-1.7015593329323010e-07,-9.7382062003751461e-08,5.0594757115333200e-09,ok,1,1.7630341631047486e-13,1.7630341631047486e-13,1.7030821197749901e-13,1.5942802633617248e-13,1.48991929904696e-13,1.2567724638756772e-13,1.1612932837579137e-13,1.0591527654923993e-13,9.126033262418787e-14,5.795364188543317e-14,2.1538326677728037e-14
314,9.5317576844682361e-01,2.2662120664916479e+11,1.0953175768446823e+00,-1.7292229182913067e-06,-1.4715660796572799e-06,-1.2191227078452569e-06,-9.7699286415012862e-07,-7.5031594241662243e-07,-5.4411835833854203e-07,-3.6339459819410647e-07,-2.1322674821546553e-07,-9.8446438894269626e-08,-2.4219753533221235e-08,-1.7220292478036190e-06,-1.4512381024904682e-06,-1.2269581685003459e-06,-9.6903032578165424e-07,-7.1636360090542075e-07,-5.1558285740553931e-07,-4.0421268943160014e-07,-2.3550758706680285e-07,-1.1291752620860036e-07,-7.1546483149641515e-08,ok,1,1.928013304564047e-12,1.7357226766989697e-12,1.7472689961550714e-12,1.7561507803520726e-12,1.7708057242771247e-12,1.7823520437332263e-12,1.8174350913113813e-12,1.8551826741486366e-12,1.887601186467691e-12,1.9033663534173684e-12,1.928013304564047e-12
315,4.3274122489576863e-02,2.0779534159430936e+11,1.0043274122489578e+00,-1.8858872451188404e-06,-1.6048871840753732e-06,-1.3295729200904927e-06,-1.0655065703693535e-06,-8.1829314812159464e-07,-5.9341445279906592e-07,-3.9631746169334633e-07,-2.3254468844013322e-07,-1.0736550011809015e-07,-2.6414017409241169e-08,-1.8918257151048636e-06,-1.6075868736495205e-06,-1.3553409112058684e-06,-1.0485234490731447e-06,-7.7568072420558792e-07,-5.1100703454973069e-07,-4.0305097999649419e-07,-2.8228830656012649e-07,-1.4429397051310747e-07,-2.6492886248292069e-08,ok,1,-3.79363207514416e-13,-1.667554982986985e-13,-1.7852386235972517e-13,-2.0550228185811648e-13,-2.382538610845586e-13,-2.799982468104645e-13,-2.986499936241671e-13,-3.097522238704187e-13,-3.207434318142077e-13,-3.4861002973229915e-13,-3.79363207514416e-13
316,9.7450085228193550e-01,2.2706242263371326e+11,1.0974500852281937e+00,-1.7258627815323376e-06,-1.4687066083738480e-06,-1.2167537714976090e-06,-9.7509442202253158e-07,-7.4885796718838397e-07,-5.4306105561732186e-07,-3.6268846855951156e-07,-2.1281241699933655e-07,-9.8255142853353614e-08,-2.4172690957723750e-08,-1.7631474881951240e-06,-1.4836864269161438e-06,-1.2596866721717356e-06,-1.0446944939570981e-06,-7.2756425583294040e-07,-4.6515001362374373e-07,-3.7262955613706825e-07,-1.7055841341033767e-07,-8.9970420885817533e-08,-3.1923938796647816e-08,ok,1,6.23945339839338e-13,5.24913446042774e-13,5.375699885235008e-13,5.448974604860268e-13,5.548894677076532e-13,5.591083152012288e-13,5.830891325331322e-13,6.072919944699606e-13,6.23945339839338e-13,6.215028491851626e-13,6.237232952344129e-13
317,-8.4281441957045733e-01,1.8946216965908725e+11,9.1571855804295432e-01,-2.0683737814949248e-06,-1.7601829496384055e-06,-1.4582280969441280e-06,-1.1686095549279414e-06,-8.9747470191149502e-07,-6.5083577976713176e-07,-4.3466683866538496e-07,-2.5504670962721765e-07,-1.1775464628446627e-07,-2.8969950995020110e-08,-2.1175244325217750e-06,-1.7863388285405211e-06,-1.3914811911249236e-06,-1.2294607134915166e-06,-8.1107366898373574e-07,-7.1070289364685846e-07,-4.9510881461253889e-07,-2.2047752168174832e-07,-1.4193927959799265e-07,-5.1182400962693929e-08,ok,1,2.8954616482224083e-13,2.8954616482224083e-13,2.795541576006144e-13,2.6134649999676185e-13,2.460254222569347e-13,2.191580250610059e-13,2.0894397323445446e-13,1.971756091734278e-13,1.7896795156957523e-13,1.4233059175694507e-13,1.0169642905566434e-13
318,5.8609261281262182e-01,2.1902625615909314e+11,1.0586092612812621e+00,-1.7891854208746265e-06,-1.5225940783725426e-06,-1.2613969847735177e-06,-1.0108710510054960e-06,-7.7633388444104674e-07,-5.6298619667350846e-07,-3.7599566269679441e-07,-2.2062059507315592e-07,-1.0186016582562546e-07,-2.5059597267902838e-08,-1.7926139841661876e-06,-1.5111406092690846e-06,-1.2121853524968554e-06,-9.9111139126329093e-07,-7.9854351821961336e-07,-5.6592423669791956e-07,-3.4786750859643228e-07,-2.5356774347758474e-07,-9.7211443095490632e-08,5.8394158156865907e-08,ok,1,1.849853603630436e-12,1.8243184740640572e-12,1.8347545704955337e-12,1.8389734179891093e-12,1.8420820424580597e-12,1.830979812211808e-12,1.837197061149709e-12,1.8463008899516353e-12,1.849853603630436e-12,1.836086838125084e-12,1.823874384854207e-12
319,3.5038589523713198e-01,2.1414948417245627e+11,1.0350385895237133e+00,-1.8299300874841060e-06,-1.5572677278338665e-06,-1.2901224589512765e-06,-1.0338913615208627e-06,-7.9401313944159179e-07,-5.7580693879521002e-07,-3.8455811672992545e-07,-2.2564473202868166e-07,-1.0417980159330994e-07,-2.5630273131967002e-08,-1.8166095966787086e-06,-1.5703082637213456e-06,-1.3151652506720570e-06,-1.0912278624128516e-06,-7.0909074377760494e-07,-6.2199016036669382e-07,-3.6729078069819123e-07,-2.4483951646676074e-07,-7.6081025197723870e-08,1.3709551945524583e-08,ok,1,-4.279132603812741e-12,-3.845035401184305e-12,-3.884448318558498e-12,-3.9356295999937174e-12,-3.985145546891999e-12,-4.04432043410452e-12,-4.083955396083638e-12,-4.119593555174106e-12,-4.158118294128599e-12,-4.214295579174632e-12,-4.279132603812741e-12
320,-7.7171294559672454e-01,1.9093325915560376e+11,9.2282870544032747e-01,-2.0524375168616758e-06,-1.7466212126161392e-06,-1.4469928409877467e-06,-1.1596057320759375e-06,-8.9055990030295447e-07,-6.4582126483178389e-07,-4.3131784738041070e-07,-2.5308164320893155e-07,-1.1684737835166562e-07,-2.8746745300960773e-08,-2.0557529720718724e-06,-1.7569067208640495e-06,-1.4582626335936873e-06,-1.1818436098464120e-06,-8.3313389144506820e-07,-6.8891303449897698e-07,-4.6371601539753260e-07,-2.1314105725967286e-07,-5.4376884172267258e-08,-4.2435981994217046e-08,ok,1,-8.942846463355636e-13,-6.421529974431905e-13,-6.561418075534675e-13,-6.782352457435081e-13,-7.001066393286237e-13,-7.323031070427533e-13,-7.470690732702678e-13,-7.640554855470327e-13,-7.917000388601991e-13,-8.395506512215434e-13,-8.942846463355636e-13
321,7.9010066926369105e-01,2.2324718284706577e+11,1.0790100669263691e+00,-1.7553573546135499e-06,-1.4938064453127853e-06,-1.2375477960394872e-06,-9.9175854735100416e-07,-7.6165576680304430e-07,-5.5234183631648594e-07,-3.6888672583461851e-07,-2.1644932918773581e-07,-9.9934299228033233e-08,-2.4585796337614935e-08,-1.7044276260344444e-06,-1.5545498922725113e-06,-1.1527063925707838e-06,-1.0569624388525616e-06,-7.2906588588803353e-07,-5.3382044572231086e-07,-3.6243757371215782e-07,-2.4534518486632392e-07,-1.0558746429665199e-07,-2.5356566537402959e-08,ok,1,-1.6661116930549724e-12,-1.3601342274682793e-12,-1.3860024239420454e-12,-1.4241940959891508e-12,-1.4617196342214811e-12,-1.5046852652744747e-12,-1.5271117703719028e-12,-1.5485390747471683e-12,-1.5735190928012344e-12,-1.6165957461566904e-12,-1.6661116930549724e-12
322,1.9092615019807948e+00,2.4640262047598264e+11,1.1909261501980795e+00,-1.5903994184503160e-06,-1.3534274919342692e-06,-1.1212504906497225e-06,-8.9855903859410576e-07,-6.9007993466383351e-07,-5.0043606958731357e-07,-3.3422096799825702e-07,-1.9610872188482895e-07,-9.0543074296477039e-08,-2.2275370935012987e-08,-1.5953437741106282e-06,-1.3323658275740016e-06,-1.1646810712831937e-06,-8.9541601269905300e-07,-6.5568911066628958e-07,-5.0963841228029703e-07,-4.4520643400895513e-07,-2.0508745542696585e-07,-1.1135298193270873e-07,-4.7260831891437165e-09,ok,1,5.165867733580853e-12,4.467759495696555e-12,4.527489494421388e-12,4.5923265190594975e-12,4.668709863153708e-12,4.741984582778969e-12,4.836353539872107e-12,4.93050045236032e-12,5.014655357626907e-12,5.080602605289641e-12,5.165867733580853e-12
323,-2.0174181573806932e-01,2.0272596183237933e+11,9.7982581842619298e-01,-1.9330458751596950e-06,-1.6450191066847416e-06,-1.3628203147123944e-06,-1.0921507031446365e-06,-8.3875544454845592e-07,-6.0825341664110099e-07,-4.0622780421415034e-07,-2.3835971739189218e-07,-1.1005028941942565e-07,-2.7074528199649439e-08,-1.8964318037900005e-06,-1.6361885790257022e-06,-1.4093205493193510e-06,-1.0683537913339955e-06,-8.5732571728269019e-07,-6.6393237584632157e-07,-3.7236827605604493e-07,-3.3002941785675757e-07,-7.7801633378236027e-08,3.7471219212966336e-08,ok,1,-2.871036741680655e-13,-5.939693181744587e-14,-7.593925488436071e-14,-1.0169642905566434e-13,-1.254552017826427e-13,-1.559863349598345e-13,-1.6819878823071122e-13,-1.8129941992128806e-13,-2.02171612784241e-13,-2.4213964167074664e-13,-2.871036741680655e-13
324,-3.7476075406051546e-01,1.9914619999848795e+11,9.6252392459394853e-01,-1.9677934317183386e-06,-1.6745892245925524e-06,-1.3873177550336196e-06,-1.1117827092009695e-06,-8.5383253227983622e-07,-6.1918710438672788e-07,-4.1352997111262867e-07,-2.4264436364263893e-07,-1.1202850354518267e-07,-2.7561207647886489e-08,-2.0149891402613048e-06,-1.7107015886847493e-06,-1.4004116189891132e-06,-1.1129823427308146e-06,-8.6014049818707970e-07,-6.1901634305012414e-07,-3.5579944697448276e-07,-2.2161079482906460e-07,-7.7519577114531662e-08,5.7323417742558058e-08,ok,1,2.2724044868027704e-12,2.0550228185811648e-12,2.069899807111142e-12,2.079003635913068e-12,2.09321449062827e-12,2.1085355683680973e-12,2.149391775674303e-12,2.191358206005134e-12,2.226441253583289e-12,2.2448709557920665e-12,2.2724044868027704e-12
325,-9.3422330698727929e-01,1.8757091977843320e+11,9.0657766930127215e-01,-2.0892288888346349e-06,-1.7779306143402752e-06,-1.4729311954650089e-06,-1.1803924724663399e-06,-9.0652380677357834e-07,-6.5739806080585190e-07,-4.3904952019918923e-07,-2.5761830792988526e-07,-1.1894194899053995e-07,-2.9262050732027483e-08,-2.0816394204288316e-06,-1.7537422602496770e-06,-1.4983435332310113e-06,-1.1684793845543963e-06,-9.2227380865785863e-07,-6.0581713572198546e-07,-4.1856394273652031e-07,-1.8023961634424781e-07,-1.0932331668853356e-07,-3.2494071232037270e-08,ok,1,-4.339195669444962e-12,-3.826161609765677e-12,-3.870459508448221e-12,-3.928080083426266e-12,-3.9896974612929625e-12,-4.060418667961585e-12,-4.11093381558203e-12,-4.156786026499049e-12,-4.201305969786517e-12,-4.263589481467989e-12,-4.339195669444962e-12
326,-7.5493276352211958e-01,1.9128044112272736e+11,9.2450672364778808e-01,-2.0487122572925553e-06,-1.7434510223753033e-06,-1.4443664887197905e-06,-1.1575009993792313e-06,-8.8894349699564582e-07,-6.4464907234027194e-07,-4.3053498752479511e-07,-2.5262228948670946e-07,-1.1663529549375731e-07,-2.8694568761061162e-08,-2.0134754577185496e-06,-1.6664701349860619e-06,-1.4617898223421613e-06,-1.1781899621503615e-06,-9.6818751180743968e-07,-6.9286476139981896e-07,-4.6697736234376623e-07,-2.2949627529508566e-07,-1.4587939250014392e-07,-5.1265144632329659e-09,ok,1,1.6080470288670767e-12,1.461275545011631e-12,1.460387366591931e-12,1.4557244298885053e-12,1.461275545011631e-12,1.4692691507889322e-12,1.5025758415276869e-12,1.538547067525542e-12,1.5705214906347464e-12,1.5853984791647235e-12,1.6080470288670767e-12
327,-1.0901767742383490e+00,1.8434424254100854e+11,8.9098232257616505e-01,-2.1257977949654429e-06,-1.8090506979704257e-06,-1.4987127088799519e-06,-1.2010535219828275e-06,-9.2239118452849387e-07,-6.6890485554002882e-07,-4.4673444202705915e-07,-2.6212754086783761e-07,-1.2102385442033450e-07,-2.9774240273422817e-08,-2.0688057915046922e-06,-1.8412687589639902e-06,-1.4669694598858541e-06,-1.2102783627813957e-06,-7.9550431125006108e-07,-6.7255830638785329e-07,-4.6513768282754950e-07,-2.7025129382037159e-07,-1.3134344919862266e-07,-3.7802680554103558e-08,ok,1,9.312550730555813e-13,9.312550730555813e-13,9.29478716216181e-13,9.181544413650045e-13,9.090506125630782e-13,8.919531779838508e-13,8.957279362675763e-13,9.019451852054772e-13,9.015010959956271e-13,8.817391261572993e-13,8.626432901337466e-13
328,-5.8583123882755050e-01,1.9477915166865799e+11,9.4141687611724501e-01,-2.0119123681858527e-06,-1.7121343725831270e-06,-1.4184221295617482e-06,-1.1367094468969802e-06,-8.7297589491016576e-07,-6.3306959635923806e-07,-4.2280152483793351e-07,-2.4808457453616196e-07,-1.1454023996559441e-07,-2.8179144037721610e-08,-2.0732648163018452e-06,-1.6778652721007187e-06,-1.4541296065614156e-06,-1.1813917917379597e-06,-8.5671951116870486e-07,-6.3695653325265720e-07,-4.5694834904700442e-07,-3.2527403446202293e-07,-1.1543421067438956e-07,-5.9346676133027032e-08,ok,1,-3.106181978296263e-12,-2.4619195571062846e-12,-2.51731968603508e-12,-2.5898172495431027e-12,-2.6664226382422385e-12,-2.7496893650891252e-12,-2.812305943677984e-12,-2.869593451748642e-12,-2.931321851917801e-12,-3.0115909765981996e-12,-3.106181978296263e-12
329,9.1631879836134267e-01,2.2585863593809619e+11,1.0916318798361344e+00,-1.7350613257689521e-06,-1.4765345555619060e-06,-1.2232388545017994e-06,-9.8029150331526264e-07,-7.5284924807798076e-07,-5.4595547526448148e-07,-3.6462153412982876e-07,-2.1394666964836700e-07,-9.8778825435570508e-08,-2.4301527137207267e-08,-1.7008047684743700e-06,-1.4775353737515295e-06,-1.2599343503243205e-06,-9.7176355360666743e-07,-7.9739227635130630e-07,-5.2677319021024589e-07,-4.0574276149373645e-07,-2.0566799566035371e-07,-1.2270224962448527e-07,-2.5596330760524125e-08,ok,1,-2.0267121314532233e-12,-1.953659456432888e-12,-1.9663159989136147e-12,-1.9849677457273174e-12,-1.9991786004425194e-12,-2.017386258046372e-12,-2.0119461652257087e-12,-2.002509269516395e-12,-1.9982904220228193e-12,-2.0129453659478713e-12,-2.0267121314532233e-12
330,6.0059949559374148e-01,2.1932640356383450e+11,1.0600599495593741e+00,-1.7867369269774757e-06,-1.5205104137812969e-06,-1.2596707674776969e-06,-1.0094876775607446e-06,-7.7527147427619106e-07,-5.6221575206201156e-07,-3.7548111396723617e-07,-2.2031867657204917e-07,-1.0172077055032509e-07,-2.5025303298012152e-08,-1.8058899430415465e-06,-1.4962621033669239e-06,-1.2330930235751147e-06,-9.9389670604520195e-07,-7.4847848327179836e-07,-5.7321162895112727e-07,-4.0179195749160628e-07,-2.2485337580661462e-07,-4.0034523587620019e-08,9.9740766950159359e-09,ok,1,2.511768570911954e-12,1.994182596831706e-12,2.035260848742837e-12,2.078781591308143e-12,2.1331825195147758e-12,2.185807090882008e-12,2.2590818105072685e-12,2.333244708552229e-12,2.3998580900297384e-12,2.4487079031132453e-12,2.511768570911954e-12
331,-1.6168901525933472e+00,1.7344654274284366e+11,8.3831098474066534e-01,-2.2593623263452242e-06,-1.9227139115126472e-06,-1.5928772908118112e-06,-1.2765160853582079e-06,-9.8034530725941536e-07,-7.1093235400653400e-07,-4.7480290486109787e-07,-2.7859709514094079e-07,-1.2862782053590336e-07,-3.1644964976750026e-08,-2.2953979312198587e-06,-1.9271607638866042e-06,-1.6040162682236963e-06,-1.2953951790417929e-06,-1.0637520200264493e-06,-7.6823748673662002e-07,-5.0253505894487146e-07,-3.2527834306014255e-07,-1.0545053692801178e-07,-7.2725977406771474e-08,ok,1,4.150013666048835e-13,3.106404022901188e-13,3.2240876635114546e-13,3.319566843629218e-13,3.446132268436486e-13,3.481659405224491e-13,3.7192471324942744e-13,3.97237798210881e-13,4.147793219999585e-13,4.1233683134578314e-13,4.150013666048835e-13
332,1.0414612574237327e+00,2.2844783341609705e+11,1.1041461257423733e+00,-1.7153963705767247e-06,-1.4597997085316362e-06,-1.2093748273888187e-06,-9.6918100929312592e-07,-7.4431655444342803e-07,-5.3976768824014083e-07,-3.6048896196981356e-07,-2.1152182643983894e-07,-9.7659279315045376e-08,-2.4026096848282854e-08,-1.7859061337674362e-06,-1.4212866456709896e-06,-1.1924817618667191e-06,-9.6940483605310871e-07,-7.0533810195695907e-07,-5.4806230765497029e-07,-3.1907390744077016e-07,-2.0322408743190564e-07,-1.9520850129462329e-07,-1.5320636811294515e-08,ok,1,5.184741524999481e-13,5.184741524999481e-13,5.133671265866724e-13,4.989342272665453e-13,4.842792833414933e-13,4.6118664442929e-13,4.589661983800397e-13,4.576339307504895e-13,4.4875214655348827e-13,4.2099657093785936e-13,3.9168668308775523e-13
333,1.9112518328853141e+00,2.4644380042239716e+11,1.1911251832885315e+00,-1.5901336679397977e-06,-1.3532013386528852e-06,-1.1210631333812742e-06,-8.9840889233457951e-07,-6.8996462457667513e-07,-5.0035244836612808e-07,-3.3416512077378240e-07,-1.9607595276239215e-07,-9.0527944846541096e-08,-2.2271648793785584e-08,-1.6233921103805801e-06,-1.3153059426201919e-06,-1.1251607846006981e-06,-8.9229393763093689e-07,-7.1327847111882554e-07,-6.1973188002850901e-07,-3.8805284283491728e-07,-2.3907214979602621e-07,-9.6567668192387647e-08,-5.2475471422730824e-08,ok,1,-3.638200851696638e-12,-3.0520030946945553e-12,-3.1145086509809516e-12,-3.1930014188219502e-12,-3.268274539891536e-12,-3.3455460624054467e-12,-3.3985037006800667e-12,-3.4455771569241733e-12,-3.4949820815199928e-12,-3.5603742176704145e-12,-3.638200851696638e-12
334,-7.0542964938575858e-01,1.9230466055420865e+11,9.2945703506142408e-01,-2.0378007645725617e-06,-1.7341653586269829e-06,-1.4366737566777359e-06,-1.1513361201078151e-06,-8.8420896169844700e-07,-6.4121565525850157e-07,-4.2824194741367342e-07,-2.5127681685488044e-07,-1.1601409299293343e-07,-2.8541740770193667e-08,-2.0490927276179054e-06,-1.7691692742694063e-06,-1.4488250220503012e-06,-1.1626309561591735e-06,-8.5257257857881292e-07,-6.5111089312314231e-07,-3.9594590816304879e-07,-2.9341841754684904e-07,-1.2812553589102149e-07,-6.7226562552921452e-08,ok,1,9.230394226733551e-13,8.8662410746565e-13,8.948397578478762e-13,8.961720254774264e-13,9.00390872971002e-13,8.93729534823251e-13,9.059419880941277e-13,9.192646643896296e-13,9.230394226733551e-13,9.088285679581531e-13,8.972822485020515e-13
335,-9.5880107329055531e-01,1.8706240579361841e+11,9.0411989267094450e-01,-2.0949082882038288e-06,-1.7827637745860341e-06,-1.4769352395156887e-06,-1.1836012737135156e-06,-9.0898811825448702e-07,-6.5918514414191389e-07,-4.4024304072816436e-07,-2.5831862241610592e-07,-1.1926528303682465e-07,-2.9341597244813317e-08,-2.0870305056481950e-06,-1.7848431343298876e-06,-1.4434732771242013e-06,-1.2353536637670762e-06,-8.5759308163964206e-07,-6.5770460329958607e-07,-3.9712768232880614e-07,-2.3435404607347274e-07,-7.4651085157099375e-08,-8.4603578325984348e-08,ok,1,1.603162047558726e-12,1.3098411244527597e-12,1.333155807969888e-12,1.3560264022771662e-12,1.389777182225771e-12,1.419087070075875e-12,1.4650503032953566e-12,1.5096812688852879e-12,1.5494272531668685e-12,1.5716317136593716e-12,1.603162047558726e-12
336,3.9030822267809717e-01,2.1497547712720984e+11,1.0390308222678097e+00,-1.8228990094393692e-06,-1.5512842910863857e-06,-1.2851654653710919e-06,-1.0299188759587247e-06,-7.9096232980151452e-07,-5.7359453540739667e-07,-3.8308054217684520e-07,-2.2477774496073852e-07,-1.0377951509023513e-07,-2.5531794806535753e-08,-1.7936854801644243e-06,-1.5636669460062438e-06,-1.2727126364769031e-06,-1.0826811022506664e-06,-7.0044159165337050e-07,-5.3494314918086450e-07,-4.5032491354743052e-07,-3.1449270676387160e-07,-7.8361625389247678e-08,-5.1825237505379060e-08,ok,1,2.852384994866952e-12,2.7067237340361316e-12,2.72959432834341e-12,2.7473578967374124e-12,2.7682300896003653e-12,2.781330721290942e-12,2.809530386116421e-12,2.8352875602877248e-12,2.852162950262027e-12,2.850164548817702e-12,2.852384994866952e-12
337,-1.5490234143483003e-01,2.0369507055571338e+11,9.8450976585651706e-01,-1.9238491301665955e-06,-1.6371926906501974e-06,-1.3563365001962998e-06,-1.0869546384057363e-06,-8.3476494435706603e-07,-6.0535956314510979e-07,-4.0429511675327228e-07,-2.3722568660375617e-07,-1.0952670927002454e-07,-2.6945717220648034e-08,-1.8908857802554125e-06,-1.6453918679518374e-06,-1.3128659545670355e-06,-1.0305826103714076e-06,-8.6608754857817950e-07,-6.0499864476234922e-07,-4.2316369334352293e-07,-1.7918650245726552e-07,-1.6105039849536828e-07,-8.2703633226720468e-08,ok,1,1.4876988529977098e-13,-1.362243651215067e-13,-1.2234657731369225e-13,-1.0669243266647754e-13,-7.771561172376096e-14,-4.973799150320701e-14,4.440892098500626e-16,5.040412531798211e-14,9.170442183403793e-14,1.1524114995609125e-13,1.4876988529977098e-13
338,9.4582463121068350e-01,2.2646911161974905e+11,1.0945824631210683e+00,-1.7303842519849876e-06,-1.4725543728684504e-06,-1.2199414619008008e-06,-9.7764900554147255e-07,-7.5081984921518669e-07,-5.4448378432042926e-07,-3.6363865139653717e-07,-2.1336994976827597e-07,-9.8512554815634601e-08,-2.4236019345758616e-08,-1.8320476458491356e-06,-1.5154520021700727e-06,-1.2180733016369871e-06,-9.7032750289803288e-07,-7.5184470907435967e-07,-5.9972303653624753e-07,-4.1520890724513571e-07,-3.0389176537028644e-07,-1.4080568237935004e-07,-1.0498791454870642e-08,ok,1,-1.1712852909795402e-13,-1.0658141036401503e-13,-1.0902390101819037e-13,-1.1524114995609125e-13,-1.1379786002407855e-13,-1.1712852909795402e-13,-9.9253938401489e-14,-8.071321389024888e-14,-6.816769371198461e-14,-7.105427357601002e-14,-6.938893903907228e-14
339,-5.2767415989590838e-01,1.9598242163175366e+11,9.4723258401040922e-01,-1.9995598638170345e-06,-1.7016224101082162e-06,-1.4097134671821071e-06,-1.1297304111146394e-06,-8.6761609956029262e-07,-6.2918274965653147e-07,-4.2020565746071683e-07,-2.4656141386622703e-07,-1.1383699918988423e-07,-2.8006133023272752e-08,-2.0043982550274624e-06,-1.6897470468587390e-06,-1.3570642947060233e-06,-1.1556619274130813e-06,-8.9601744120995748e-07,-6.6299967874120914e-07,-4.5359235294781857e-07,-1.9819408496003823e-07,-1.8598710341429256e-07,-9.6759175255534275e-08,ok,1,1.6231460620019789e-12,1.6231460620019789e-12,1.6140422332000526e-12,1.596056620201125e-12,1.581179631671148e-12,1.5625278848574453e-12,1.5698553568199713e-12,1.5838441669302483e-12,1.5933920849420247e-12,1.5825118993006981e-12,1.5731860258938468e-12
340,-4.4525509459629570e-01,1.9768767209280264e+11,9.5547449054037048e-01,-1.9823116947999556e-06,-1.6869442444459111e-06,-1.3975533030441822e-06,-1.1199853760060264e-06,-8.6013205799794294e-07,-6.2375543007227559e-07,-4.1658097068186588e-07,-2.4443457934805263e-07,-1.1285504319146988e-07,-2.7764552601174111e-08,-1.9949732204382856e-06,-1.6352800848017332e-06,-1.4198601949766537e-06,-1.0996951268619758e-06,-8.4321019495964900e-07,-6.1211586860458183e-07,-5.4904986720271733e-07,-2.4213884905042035e-07,-1.2309048841160134e-07,4.2176392129201740e-08,ok,1,-1.659339332604759e-12,-1.3890000261085333e-12,-1.40032430095971e-12,-1.4210854715202004e-12,-1.4451773111545663e-12,-1.4839240947139842e-12,-1.506905711323725e-12,-1.5287771049088406e-12,-1.5571988143392446e-12,-1.6049384043981263e-12,-1.659339332604759e-12
341,-1.2385359326326808e+00,1.8127469155382983e+11,8.7614640673673194e-01,-2.1617942413777271e-06,-1.8396836192486418e-06,-1.5240906313899540e-06,-1.2213911377450927e-06,-9.3801016998591046e-07,-6.8023151974314240e-07,-4.5429906197396673e-07,-2.6656618503255345e-07,-1.2307316912963716e-07,-3.0278411858791833e-08,-2.1395730554361343e-06,-1.8724003598934857e-06,-1.5196472888966532e-06,-1.2840129261960879e-06,-9.2834526811887500e-07,-6.5607566919497809e-07,-4.7180084565108805e-07,-2.9545904213049495e-07,-6.2579316217061009e-08,-4.7066776255612906e-08,ok,1,1.8045565042257294e-12,1.8045565042257294e-12,1.7987833444976786e-12,1.7790213746593508e-12,1.758593271006248e-12,1.730393606180769e-12,1.7204015989591426e-12,1.7121859485769164e-12,1.6977530492567894e-12,1.6640022693081846e-12,1.6264767310758543e-12
342,-7.7248367391202788e-01,1.9091731278676013e+11,9.2275163260879711e-01,-2.0526089467032009e-06,-1.7467670991510998e-06,-1.4471137010632203e-06,-1.1597025881434035e-06,-8.9063428431759675e-07,-6.4587520705216822e-07,-4.3135387320310069e-07,-2.5310278185287884e-07,-1.1685713802880284e-07,-2.8749146372827605e-08,-1.9562974066371419e-06,-1.7980742012676871e-06,-1.4230076471701281e-06,-1.1862649374544435e-06,-8.5166457471881531e-07,-6.3227256714533283e-07,-4.2082075953078010e-07,-2.0238384267808140e-07,-1.7905600332417626e-07,-5.2553213908609476e-09,ok,1,-3.626987599147924e-12,-3.1862290583717368e-12,-3.2350788714552436e-12,-3.2981395392539525e-12,-3.3612002070526614e-12,-3.4244829194562953e-12,-3.4600100562443004e-12,-3.4873215426500792e-12,-3.518962898851896e-12,-3.5693670241698783e-12,-3.626987599147924e-12
343,7.7754035432483937e-01,2.2298730993098093e+11,1.0777540354324839e+00,-1.7574030756693921e-06,-1.4955473508273152e-06,-1.2389900536957344e-06,-9.9291435835297731e-07,-7.6254341240728842e-07,-5.5298554417565231e-07,-3.6931663222403522e-07,-2.1670158263870212e-07,-1.0005076423139461e-07,-2.4614449011175421e-08,-1.7496256320570881e-06,-1.5010793469723637e-06,-1.2570945031812079e-06,-9.0749276736607463e-07,-7.6012120835715610e-07,-5.3517155830457646e-07,-4.3382723359482103e-07,-2.2974445949710738e-07,-1.5728911094638753e-07,6.1952609644818413e-09,ok,1,3.488320743372242e-13,1.6342482922482304e-13,1.709743457922741e-13,1.7830181775480014e-13,1.9340085088970227e-13,2.0383694732117874e-13,2.3869795029440866e-13,2.793321129956894e-13,3.128608483393691e-13,3.275157922644212e-13,3.488320743372242e-13
344,1.5695922416187713e-01,2.1014748634790924e+11,1.0156959224161877e+00,-1.8647788328038514e-06,-1.5869239572238831e-06,-1.3146912385517116e-06,-1.0535805381690710e-06,-8.0913413333455255e-07,-5.8677246665941325e-07,-3.9188154835311966e-07,-2.2994185564735651e-07,-1.0616377649931611e-07,-2.6118369845058045e-08,-1.9088060495236485e-06,-1.6088149761225668e-06,-1.3155869701516427e-06,-1.1208914620645334e-06,-7.8832203213227364e-07,-6.5341531713449013e-07,-4.1820845615116578e-07,-2.3046660817492766e-07,-1.1438826139984107e-07,-2.3474233054622885e-08,ok,1,1.930011706008372e-12,1.6118217871508023e-12,1.6344703368531555e-12,1.6560086635308835e-12,1.6897594434794883e-12,1.723732268033018e-12,1.7772450178199506e-12,1.830091633792108e-12,1.873612376357414e-12,1.8975931936893176e-12,1.930011706008372e-12
345,7.4481043770731825e-01,2.2231012795616443e+11,1.0744810437707319e+00,-1.7627563256343819e-06,-1.5001029584248143e-06,-1.2427641585401275e-06,-9.9593888859734955e-07,-7.6486620650734679e-07,-5.5467000113707098e-07,-3.7044161275682018e-07,-2.1736168034516321e-07,-1.0035553025660652e-07,-2.4689427426836946e-08,-1.8272927305933940e-06,-1.4869199933356945e-06,-1.2637127582636314e-06,-1.0132856309738832e-06,-7.9532440279537679e-07,-5.3754679078056410e-07,-3.1964200673208903e-07,-2.0888659054119725e-07,-1.1398582456556370e-07,-1.1477143961180530e-08,ok,1,-1.6084911180769268e-12,-1.449840247857992e-12,-1.468380972369232e-12,-1.4962475702873235e-12,-1.5203394099216894e-12,-1.545652494883143e-12,-1.5472068071176182e-12,-1.5472068071176182e-12,-1.5537571229629066e-12,-1.5804024755539103e-12,-1.6084911180769268e-12
346,7.0236012407852355e-01,2.2143183096718466e+11,1.0702360124078525e+00,-1.7697482001289107e-06,-1.5060530330105507e-06,-1.2476935131515105e-06,-9.9988922456362274e-07,-7.6790000558828620e-07,-5.5687006871140970e-07,-3.7191094872005508e-07,-2.1822383330788921e-07,-1.0075358486125438e-07,-2.4787356661509541e-08,-1.7651890982258633e-06,-1.5005284324410288e-06,-1.2674237125593187e-06,-1.0288371015036335e-06,-7.7105149675109433e-07,-5.1725326519793327e-07,-3.7016342465344379e-07,-1.9919737363114086e-07,-1.5740813297013765e-07,-4.6904097966068911e-08,ok,1,-7.048250871832806e-12,-6.281530851026673e-12,-6.3657967785957226e-12,-6.4646066277873615e-12,-6.558642517973112e-12,-6.655009876510576e-12,-6.7272853954136735e-12,-6.793898776891183e-12,-6.862732604417943e-12,-6.947886710406692e-12,-7.048250871832806e-12
347,1.0247219203473974e+00,2.2810149653198764e+11,1.1024721920347398e+00,-1.7180009349628070e-06,-1.4620161888722078e-06,-1.2112110762342180e-06,-9.7065256093204683e-07,-7.4544668414580321e-07,-5.4058724208887424e-07,-3.6103630876853661e-07,-2.1184298965640692e-07,-9.7807559843825167e-08,-2.4062576764684284e-08,-1.7016959763208010e-06,-1.3965562028095128e-06,-1.2203977913163523e-06,-9.7552694477888463e-07,-8.0438259089531672e-07,-5.7559765227438319e-07,-3.9260723981088858e-07,-2.4707394593075661e-07,-7.2737636835034278e-08,5.5677234990930621e-08,ok,1,1.2743139876647547e-12,1.2361223156176493e-12,1.2376766278521245e-12,1.2321255127289987e-12,1.2312373343092986e-12,1.2259082637910979e-12,1.2425616091604752e-12,1.262323578998803e-12,1.2743139876647547e-12,1.2674306049120787e-12,1.2632117574185031e-12
348,1.2017652363849737e-02,2.0714864522740805e+11,1.0012017652363849e+00,-1.8917747875079322e-06,-1.6098974737151136e-06,-1.3337237074435960e-06,-1.0688329702456872e-06,-8.2084777359499683e-07,-5.9526703054690809e-07,-3.9755472328540716e-07,-2.3327066859305868e-07,-1.0770068396046517e-07,-2.6496479204120711e-08,-1.9092668267442186e-06,-1.5662565747204309e-06,-1.2686369385458877e-06,-1.1112409093007478e-06,-8.1450456272695366e-07,-5.6888565091802543e-07,-4.5467186607702963e-07,-2.3860150910621682e-07,-1.1763954631460460e-07,-1.1212019889693802e-07,ok,1,-7.022160630754115e-13,-6.379341499496149e-13,-6.550315845288424e-13,-6.779021788361206e-13,-6.907807659217724e-13,-7.022160630754115e-13,-6.875611191503594e-13,-6.659117701701689e-13,-6.507017147328042e-13,-6.539213615042172e-13,-6.540323838066797e-13
349,4.9302283432031246e-01,2.1710064244208728e+11,1.0493022834320314e+00,-1.8050549270561968e-06,-1.5360990040536796e-06,-1.2725851752280196e-06,-1.0198371560303956e-06,-7.8321971932113267e-07,-5.6797970535289730e-07,-3.7933062475480184e-07,-2.2257742965073189e-07,-1.0276363313110993e-07,-2.5281867933149035e-08,-1.7968771123397791e-06,-1.5797901008502017e-06,-1.2151824727587829e-06,-1.0632652750129966e-06,-7.8254753773326423e-07,-5.6990667165751906e-07,-3.6793762509417525e-07,-2.4775030732336868e-07,-1.0710949992984817e-07,1.8923572146946115e-09,ok,1,-1.953881501037813e-12,-1.8641754806481003e-12,-1.8792745137830025e-12,-1.899813639738568e-12,-1.9126922268242197e-12,-1.928901482983747e-12,-1.9257928585147965e-12,-1.921129921811371e-12,-1.921351966416296e-12,-1.938782467902911e-12,-1.953881501037813e-12
350,-7.2035967231004350e-01,1.9199575837990521e+11,9.2796403276899575e-01,-2.0410793843239050e-06,-1.7369554590605289e-06,-1.4389852225660870e-06,-1.1531885059784287e-06,-8.8563156640844859e-07,-6.4224730778723512e-07,-4.2893094632429139e-07,-2.5168109638451791e-07,-1.1620074818672416e-07,-2.8587661606334839e-08,-2.1152481785084075e-06,-1.7586679661939903e-06,-1.3909265575308048e-06,-1.0998117202957966e-06,-9.1360510625055025e-07,-6.3175179541870022e-07,-4.4362861674286295e-07,-1.5723077918948879e-07,-1.3856505670097886e-07,-6.8233413868375559e-08,ok,1,-3.102518242315e-12,-2.6224578064670823e-12,-2.6636470806806756e-12,-2.7202684549365586e-12,-2.779110275241692e-12,-2.844613433694576e-12,-2.88935542158697e-12,-2.929878561985788e-12,-2.9736213491560193e-12,-3.0336844147882402e-12,-3.102518242315e-12
351,-1.2215841381914621e+00,1.8162542418081866e+11,8.7784158618085384e-01,-2.1576196508564090e-06,-1.8361310490492060e-06,-1.5211474954606425e-06,-1.2190325377594668e-06,-9.3619880038848247e-07,-6.7891794049473250e-07,-4.5342177563384892e-07,-2.6605142527968706e-07,-1.2283550539851302e-07,-3.0219941922689089e-08,-2.1959134935353491e-06,-1.8392073503038514e-06,-1.5690250886347776e-06,-1.2234567998796767e-06,-8.8055837925591786e-07,-7.3620430323730219e-07,-5.1086775388486713e-07,-2.9884144310221489e-07,-1.2432260059043056e-07,-1.0160544358112827e-07,ok,1,-9.61120072417998e-13,-5.632161403923419e-13,-5.91859894427671e-13,-6.333822355486518e-13,-6.803446694902959e-13,-7.37854222165879e-13,-7.72937269744034e-13,-8.042455590384634e-13,-8.419931418757187e-13,-8.97171226199589e-13,-9.61120072417998e-13
352,-5.6362584528555548e-01,1.9523858126104187e+11,9.4363741547144453e-01,-2.0071779961568326e-06,-1.7081054291701453e-06,-1.4150843410171885e-06,-1.1340345762141694e-06,-8.7092163413632266e-07,-6.3157987591397266e-07,-4.2180660093155142e-07,-2.4750078933316777e-07,-1.1427070729770255e-07,-2.8112833718540979e-08,-1.9335051522330190e-06,-1.6650683692478216e-06,-1.4096875527011980e-06,-1.0963690706475546e-06,-8.7394303595948033e-07,-5.9787505553771034e-07,-3.7720950182031342e-07,-2.7644822185523172e-07,-1.0532551234470453e-07,3.9069546535848176e-08,ok,1,4.2321701698710967e-13,3.956834859764058e-13,3.934630399271555e-13,3.914646384828302e-13,3.9612757518625585e-13,3.9190872769268026e-13,4.0545344859310717e-13,4.1944225870338414e-13,4.2321701698710967e-13,4.0545344859310717e-13,3.8902214782865485e-13
353,4.6183962665419753e-01,2.1645546187547534e+11,1.0461839626654197e+00,-1.8104351856648308e-06,-1.5406775959660306e-06,-1.2763783214873245e-06,-1.0228769458761727e-06,-7.8555423256744340e-07,-5.6967266087111119e-07,-3.8046128112924955e-07,-2.2324085773489565e-07,-1.0306993678623633e-07,-2.5357224635909530e-08,-1.8277943767389272e-06,-1.5555821185521328e-06,-1.2647025176557251e-06,-1.0568995522393280e-06,-7.4597471408302151e-07,-5.5129144330447849e-07,-4.2145443621453084e-07,-2.6460704384963858e-07,-5.7811722628016405e-08,3.0295068356841021e-08,ok,1,2.2943869026903485e-12,2.0594637106796654e-12,2.078337502098293e-12,2.0943247136528953e-12,2.1178614417749486e-12,2.1369572777985013e-12,2.177369395894857e-12,2.219113781620763e-12,2.2535306953841427e-12,2.269961996148595e-12,2.2943869026903485e-12
354,6.2331561150284563e-02,2.0818964000019940e+11,1.0062331561150286e+00,-1.8823154903771785e-06,-1.6018476262097584e-06,-1.3270547905501357e-06,-1.0634885662947220e-06,-8.1674335110199365e-07,-5.9229056223193720e-07,-3.9556686073531770e-07,-2.3210426306704999e-07,-1.0716215644783696e-07,-2.6363990880792554e-08,-1.8524424519220150e-06,-1.6062483863409345e-06,-1.3278715536187130e-06,-1.1716127220700457e-06,-8.5816066023787842e-07,-5.8501714698565778e-07,-4.0808273561242754e-07,-2.5083531001944102e-07,-1.6570342694044694e-07,-2.2343997657151123e-08,ok,1,1.3722356584366935e-12,1.3722356584366935e-12,1.3573586699067164e-12,1.3342660309945131e-12,1.3224976669334865e-12,1.3136158827364852e-12,1.3284928712664623e-12,1.3451462166358397e-12,1.3553602684623911e-12,1.3464784842653899e-12,1.340261235327489e-12
355,1.1747458209811412e+00,2.3120549103609982e+11,1.1174745820981142e+00,-1.6949363207234077e-06,-1.4423882371511640e-06,-1.1949502490906332e-06,-9.5762129510271906e-07,-7.3543886642223559e-07,-5.3332971623546399e-07,-3.5618930140152948e-07,-2.0899894182360465e-07,-9.6494467637859819e-08,-2.3739530345208081e-08,-1.6987577743031799e-06,-1.5018971513947909e-06,-1.2357132516824146e-06,-9.6443612094337318e-07,-7.2974157707262759e-07,-5.5125338989241457e-07,-2.9997709150802712e-07,-2.8734745067579608e-07,-9.9137961851998190e-08,-1.8417822171163299e-08,ok,1,-5.754285936632186e-13,-2.8066438062523957e-13,-3.049782648645305e-13,-3.419486915845482e-13,-3.7758685067501574e-13,-4.2077452633293433e-13,-4.434230760352875e-13,-4.619638005465276e-13,-4.852784840636559e-13,-5.271338920920243e-13,-5.754285936632186e-13
356,-8.4433905919843899e-01,1.8943062486518430e+11,9.1556609408015610e-01,-2.0687182158888797e-06,-1.7604760627849640e-06,-1.4584709272850668e-06,-1.1688041567581770e-06,-8.9762415321351598e-07,-6.5094415970748869e-07,-4.3473922123485039e-07,-2.5508918108933628e-07,-1.1777425528865676e-07,-2.8974775194389102e-08,-2.0130220200793719e-06,-1.7260684919251663e-06,-1.4335362258054628e-06,-1.1508659874441132e-06,-8.9032886489152331e-07,-6.5019284404681214e-07,-4.2028238294264308e-07,-2.7880495295274102e-07,-1.6714435306329969e-07,-3.3557952815606132e-08,ok,1,-5.8331117713805725e-12,-5.2724491439448684e-12,-5.324962693009638e-12,-5.3900217622526725e-12,-5.452860385446456e-12,-5.5218052352756786e-12,-5.571432204476423e-12,-5.618727705325455e-12,-5.67235147741485e-12,-5.74607028624996e-12,-5.8331117713805725e-12
357,-1.6338203535226084e-01,2.0351962568856174e+11,9.8366179646477403e-01,-1.9255075916251448e-06,-1.6386040388349707e-06,-1.3575057352340575e-06,-1.0878916517851395e-06,-8.3548455665170119e-07,-6.0588141565850810e-07,-4.0464364089607194e-07,-2.3743018790898294e-07,-1.0962112718624310e-07,-2.6968945878643053e-08,-1.9101194136183795e-06,-1.5822011583295931e-06,-1.3662762869967836e-06,-1.0996123643497846e-06,-8.3021925652052555e-07,-5.5075887846735222e-07,-3.9264033599473146e-07,-2.3605248662609125e-07,-1.1763825300979533e-07,2.3128593235411533e-08,ok,1,5.699885008425554e-13,3.765876499528531e-13,3.83026943495679e-13,3.8746783559417963e-13,4.027889133340068e-13,4.176659018639839e-13,4.587441537751147e-13,5.018208071305708e-13,5.351274978693255e-13,5.482281295599023e-13,5.699885008425554e-13
358,-2.7045107175651861e-01,2.0130436732535764e+11,9.7295489282434822e-01,-1.9466968825124556e-06,-1.6566360932288578e-06,-1.3724444371276448e-06,-1.0998633795331315e-06,-8.4467866493765662e-07,-6.1254885110021504e-07,-4.0909655079369889e-07,-2.4004299366417826e-07,-1.1082745530536739e-07,-2.7265726240163334e-08,-1.9648190837926069e-06,-1.6475973467170653e-06,-1.3932918477716697e-06,-1.0950756537293206e-06,-7.9141442668921735e-07,-6.4486278357830037e-07,-3.7980309971596340e-07,-2.3258928457492744e-07,-9.8897395020227642e-08,-3.0845879680573359e-08,ok,1,1.6573409311604337e-12,1.3526957332032907e-12,1.368682944757893e-12,1.3862244685469705e-12,1.4144241333724494e-12,1.4441781104324036e-12,1.497024726404561e-12,1.5489831639570184e-12,1.5938361741518747e-12,1.6204815267428785e-12,1.6573409311604337e-12
359,-8.8662625510854953e-01,1.8855570278180411e+11,9.1133737448914498e-01,-2.0783173275970489e-06,-1.7686448922836744e-06,-1.4652384151173972e-06,-1.1742275544834169e-06,-9.0178924174660335e-07,-6.5396462216453742e-07,-4.3675646568936220e-07,-2.5627282684944189e-07,-1.1832074258901531e-07,-2.9109221781514380e-08,-2.0426959312238459e-06,-1.7768022921031272e-06,-1.4361926070837352e-06,-1.2324625269019385e-06,-9.3345515754968585e-07,-6.9215878263173920e-07,-3.9927235894128212e-07,-2.4915793734821675e-07,-7.5687912712546225e-08,6.8857782033770327e-09,ok,1,2.0876633755051444e-12,1.9819701435608295e-12,1.9955148644612564e-12,2.0032864256336325e-12,2.015498878904509e-12,2.022382261657185e-12,2.0470292128038636e-12,2.071232074740692e-12,2.0876633755051444e-12,2.085887018665744e-12,2.0874413309002193e-12
360,1.8964138534875197e-01,2.1082368026286569e+11,1.0189641385348753e+00,-1.8587977584826212e-06,-1.5818340720517721e-06,-1.3104745100748384e-06,-1.0502012937292018e-06,-8.0653892402481582e-07,-5.8489045809562283e-07,-3.9062463111192895e-07,-2.2920434227360336e-07,-1.0582326778785618e-07,-2.6034598028015147e-08,-1.8160279418171857e-06,-1.5841178882321303e-06,-1.3527397983545690e-06,-9.9920013234709817e-07,-7.9915566750752946e-07,-5.6714974268562633e-07,-3.5534609568917442e-07,-2.7891888306919490e-07,-6.6094999464634980e-08,-6.6122613056867941e-08,ok,1,-5.507816425165402e-13,-5.466738173254271e-13,-5.436762151589392e-13,-5.45785638905727e-13,-5.440092820663267e-13,-5.507816425165402e-13,-5.374589662210383e-13,-5.204725539442734e-13,-5.099254352103344e-13,-5.189182417097982e-13,-5.258016244624741e-13
361,-1.0566232851440587e+00,1.8503846423036942e+11,8.9433767148559407e-01,-2.1178222913807459e-06,-1.8022635565214589e-06,-1.4930898840703671e-06,-1.1965474458677043e-06,-9.1893058530518479e-07,-6.6639527862479396e-07,-4.4505839731958278e-07,-2.6114409872365308e-07,-1.2056980080012891e-07,-2.9662534183334269e-08,-2.1390189772744945e-06,-1.7716800814182229e-06,-1.5271334508162627e-06,-1.1732863480845194e-06,-9.0778750554180294e-07,-6.6184251100057059e-07,-4.6712258270774586e-07,-2.3957202415387868e-07,-1.6636361229223607e-07,-6.8866635583064688e-08,ok,1,5.761391363989787e-12,5.229372490589412e-12,5.2877702216846956e-12,5.345723863570129e-12,5.408562486763913e-12,5.461631147340995e-12,5.531353153287455e-12,5.5995208469994395e-12,5.660139024143973e-12,5.702993632894504e-12,5.761391363989787e-12
362,-2.6568241438155765e-01,2.0140303084644556e+11,9.7343175856184416e-01,-1.9457432326670452e-06,-1.6558245386573852e-06,-1.3717721026531799e-06,-1.0993245773438921e-06,-8.4426487289548308e-07,-6.1224877504693923e-07,-4.0889614215989705e-07,-2.3992540115862836e-07,-1.1077316303898761e-07,-2.7252369278495222e-08,-1.9789184776370995e-06,-1.6862912381125476e-06,-1.4036313642765038e-06,-1.0593430477676286e-06,-8.0179115615171492e-07,-6.5742190593640879e-07,-3.8028251160135249e-07,-2.2389062979296160e-07,-1.7452741068490601e-07,-1.4634064598290192e-09,ok,1,5.555556015224283e-13,5.555556015224283e-13,5.513367540288527e-13,5.346834086594754e-13,5.151434834260726e-13,4.838351941316432e-13,4.727329638853917e-13,4.651834473179406e-13,4.516387264175137e-13,4.2033043712308427e-13,3.8480330033507926e-13
363,-8.1378522497599115e-01,1.9006278369524673e+11,9.1862147750240086e-01,-2.0618375501466895e-06,-1.7546206266787279e-06,-1.4536199761657118e-06,-1.1649166525739259e-06,-8.9463860800368602e-07,-6.4877908514829163e-07,-4.3329325568815163e-07,-2.5424074103799813e-07,-1.1738253191264172e-07,-2.8878403566054068e-08,-2.0739902678262018e-06,-1.7420467917739296e-06,-1.4347459829822575e-06,-1.1240716047640045e-06,-9.4529141330978150e-07,-6.0250233606802422e-07,-4.3938167555668630e-07,-2.8629120720604689e-07,-2.0484279324432037e-07,-7.0144957034181988e-08,ok,1,1.0185186027911186e-12,9.743317264110374e-13,9.78550573904613e-13,9.745537710159624e-13,9.727774141765622e-13,9.64783808399261e-13,9.805489753489383e-13,1.000088900582341e-12,1.0151879337172431e-12,1.014521799902468e-12,1.0185186027911186e-12
364,-3.3529676270765024e-01,1.9996270997957870e+11,9.6647032372923491e-01,-1.9597583186722562e-06,-1.6677513555822032e-06,-1.3816529048450097e-06,-1.1072429543631551e-06,-8.5034606829988605e-07,-6.1665877072091758e-07,-4.1184139953161117e-07,-2.4165357118412885e-07,-1.1157105629693074e-07,-2.7448666658778865e-08,-1.9602487336191942e-06,-1.7060199677113353e-06,-1.4023065189438963e-06,-1.1798993861445960e-06,-8.6955992046345301e-07,-5.9560560158765426e-07,-4.0118707088538355e-07,-2.8968367270532732e-07,-1.0982544433927923e-07,-9.1223622464015688e-08,ok,1,-3.2531755067566337e-12,-2.9568569814841794e-12,-2.991606962154947e-12,-3.0367930392571907e-12,-3.0808688933348094e-12,-3.128830527998616e-12,-3.1510349884911193e-12,-3.1652458432063213e-12,-3.1826763446929363e-12,-3.217093258456316e-12,-3.2531755067566337e-12
365,-2.5311374314287438e-01,2.0166307665437393e+11,9.7468862568571257e-01,-1.9432341845122578e-06,-1.6536893424848175e-06,-1.3700031938861727e-06,-1.0979069913769751e-06,-8.4317618802409496e-07,-6.1145927639518223e-07,-4.0836886800912458e-07,-2.3961601584266768e-07,-1.1063032034755411e-07,-2.7217227176666662e-08,-1.9307826870841021e-06,-1.6510325574163311e-06,-1.3687852647235540e-06,-1.1131317139479405e-06,-8.5014266087601977e-07,-6.3250387900403788e-07,-3.7697994793880711e-07,-2.6142958526731598e-07,-6.2547643864826503e-08,-4.5291403245604043e-08,ok,1,2.596811654598241e-12,2.0654589150126412e-12,2.1169732633552485e-12,2.1724844145865063e-12,2.232880547126115e-12,2.2859492077031973e-12,2.3578916596989075e-12,2.4282797994601424e-12,2.490452288839151e-12,2.5353052990340075e-12,2.596811654598241e-12
366,-7.8206396522178656e-01,1.9071909655956125e+11,9.2179360347782135e-01,-2.0547422433183387e-06,-1.7485825313337324e-06,-1.4486177005295627e-06,-1.1609078784205008e-06,-8.9155992926685887e-07,-6.4654647149122616e-07,-4.3180218351532766e-07,-2.5336583405713071e-07,-1.1697858879878711e-07,-2.8779025642697595e-08,-2.0222312743856029e-06,-1.6858513311699525e-06,-1.4196702384335017e-06,-1.2061786782144079e-06,-9.3123090592125501e-07,-5.8244675554380671e-07,-4.4779563118361997e-07,-2.7470831696938811e-07,-8.1973315121077146e-08,-7.7339870154836797e-08,ok,1,1.4133139103478243e-12,1.4133139103478243e-12,1.4068746168049984e-12,1.3866685577568205e-12,1.3606893389805919e-12,1.3200551762793111e-12,1.2962964035523328e-12,1.276534433714005e-12,1.2512213487525514e-12,1.205924249347845e-12,1.156186257844638e-12
367,4.3705529423834039e-01,2.1594267403779126e+11,1.0437055294238340e+00,-1.8147343319521486e-06,-1.5443361629333808e-06,-1.2794092707119959e-06,-1.0253059185670534e-06,-7.8741964735253245e-07,-5.7102543291436566e-07,-3.8136474274855644e-07,-2.2377097619065790e-07,-1.0331469160522565e-07,-2.5417439118614477e-08,-1.8152654146771780e-06,-1.5477232171569055e-06,-1.2415953462151990e-06,-1.0086161559014231e-06,-7.7502336239648885e-07,-4.7236744369341100e-07,-3.9477026728033841e-07,-2.5696828996805129e-07,-7.9876588644164251e-08,9.3306577393358174e-09,ok,1,6.009415187691047e-12,5.220490706392411e-12,5.293543381412746e-12,5.373701483790683e-12,5.463851593390245e-12,5.547562409446982e-12,5.6490367938977215e-12,5.750955267558311e-12,5.843325823207124e-12,5.915934409017609e-12,6.009415187691047e-12
368,-7.6161531944249128e-01,1.9114217904073486e+11,9.2383846805575087e-01,-2.0501941867248740e-06,-1.7447121420735252e-06,-1.4454112665809517e-06,-1.1583382740098261e-06,-8.8958651141928238e-07,-6.4511537717634734e-07,-4.3084641362524640e-07,-2.5280502300842596e-07,-1.1671966326012805e-07,-2.8715324885206400e-08,-2.0203530071066610e-06,-1.7655076465882198e-06,-1.4776524071323869e-06,-1.1425642812542094e-06,-8.4882940662499763e-07,-6.3986498521303423e-07,-4.1345996282131207e-07,-2.7943490658392245e-07,-1.2257023951639439e-07,3.1274869371414460e-08,ok,1,-2.258304654390031e-12,-1.649014258475745e-12,-1.7068568780587157e-12,-1.7827961329430764e-12,-1.8590684547348246e-12,-1.940558824742311e-12,-1.9977353105105067e-12,-2.0482504581309513e-12,-2.1020962748252714e-12,-2.174149749123444e-12,-2.258304654390031e-12
369,-1.1596235378687487e+00,1.8290738900149561e+11,8.8403764621312519e-01,-2.1424972848126613e-06,-1.8232619384916988e-06,-1.5104860476824969e-06,-1.2104885590986944e-06,-9.2963715225773651e-07,-6.7415952739561105e-07,-4.5024382438539871e-07,-2.6418671894101871e-07,-1.2197457354938633e-07,-3.0008135813409782e-08,-2.1275139443802726e-06,-1.8499437709610917e-06,-1.4764147897712431e-06,-1.2463677063410858e-06,-9.4734892372708136e-07,-6.6911616120326149e-07,-4.2151728080135655e-07,-3.2856308204381684e-07,-2.1510913732664057e-07,-2.6200443948728549e-08,ok,1,-6.039613253960852e-14,-2.1094237467877974e-14,-2.6645352591003757e-14,-3.630429290524262e-14,-3.9745984281580604e-14,-5.1514348342607263e-14,-4.418687638008123e-14,-3.441691376337985e-14,-3.175237850427948e-14,-4.674038933671909e-14,-6.039613253960852e-14
370,-9.5041250548937223e-02,2.0493359652614249e+11,9.9049587494510627e-01,-1.9122222561406807e-06,-1.6272982384959886e-06,-1.3481394158317902e-06,-1.0803855761780783e-06,-8.2972000258009052e-07,-6.0170104373690984e-07,-4.0185173992181767e-07,-2.3579200184612051e-07,-1.0886477937582520e-07,-2.6782869492747325e-08,-1.8493897391610893e-06,-1.5943952674082343e-06,-1.2738113066918374e-06,-1.0482829252767987e-06,-8.4729978712450928e-07,-6.6557603721570227e-07,-3.7325625762330822e-07,-2.2408635806401231e-07,-2.2455787976276008e-07,2.0768112487633288e-08,ok,1,1.0249578963339445e-12,9.14379683081279e-13,9.245937349078304e-13,9.316991622654314e-13,9.42579347906758e-13,9.470202400052585e-13,9.71445146547012e-13,9.967582315084655e-13,1.0156320229270932e-12,1.0171863351615684e-12,1.0249578963339445e-12
371,-6.1445292161382903e-01,1.9418696905180988e+11,9.3855470783861705e-01,-2.0180477929107922e-06,-1.7173556097146121e-06,-1.4227476769076103e-06,-1.1401758977007669e-06,-8.7563807740624609e-07,-6.3500017291706843e-07,-4.2409087867387563e-07,-2.4884112052531261e-07,-1.1488953600427880e-07,-2.8265077709495956e-08,-2.0166407351828079e-06,-1.6888980024627051e-06,-1.3640344532181763e-06,-1.1347700166868131e-06,-8.1718808134999936e-07,-6.4969817166094567e-07,-3.7229256708905191e-07,-2.5911102296808094e-07,-1.1069742265505683e-07,1.5051842112459887e-08,ok,1,-2.276179245086496e-12,-2.1552759577048164e-12,-2.18147722108597e-12,-2.213784711102562e-12,-2.2368773500147654e-12,-2.2593038551121936e-12,-2.256417275248168e-12,-2.2498669594028797e-12,-2.2485346917733295e-12,-2.263522702605769e-12,-2.276179245086496e-12
372,-4.1977747596319848e-01,1.9821480402232141e+11,9.5802225240368011e-01,-1.9770399402863187e-06,-1.6824579893538744e-06,-1.3938366534615332e-06,-1.1170068898394147e-06,-8.5784462506263200e-07,-6.2209661652030878e-07,-4.1547311634293132e-07,-2.4378453066996357e-07,-1.1255491678613119e-07,-2.7690715622940013e-08,-1.9617850434984535e-06,-1.6612239516282933e-06,-1.3834646659097530e-06,-1.1718545785296350e-06,-8.3827158191376127e-07,-6.4302453433317393e-07,-4.2548042677942826e-07,-3.0846903853073688e-07,-1.6531108722309796e-07,-6.5249519955280311e-08,ok,1,1.0025313912365164e-12,6.861178292183467e-13,7.081002451059248e-13,7.309708394132031e-13,7.622791287076325e-13,7.893685705084863e-13,8.379963389870682e-13,8.892886427247504e-13,9.35473920549157e-13,9.63895629979561e-13,1.0025313912365164e-12
373,1.3991018678040723e+00,2.3584741764486627e+11,1.1399101867804073e+00,-1.6615767440638885e-06,-1.4139992880315021e-06,-1.1714313510933818e-06,-9.3877348317358412e-07,-7.2096402807998545e-07,-5.2283277110774203e-07,-3.4917881719621370e-07,-2.0488544438048293e-07,-9.4595272635050222e-08,-2.3272291150004759e-08,-1.7231493353036427e-06,-1.4071846599791838e-06,-1.1426621573648361e-06,-9.7450944896844635e-07,-7.0764986101673233e-07,-5.3702625041308054e-07,-3.7892131702353430e-07,-2.2544287697636055e-07,-7.3444643229170384e-08,5.0077583193096668e-08,ok,1,-4.607314529891937e-12,-4.21773727055097e-12,-4.263145392258139e-12,-4.3193226773041715e-12,-4.369615780319691e-12,-4.421019106359836e-12,-4.44810854816069e-12,-4.470979142467968e-12,-4.500066985713147e-12,-4.5496939549138915e-12,-4.607314529891937e-12
374,2.9766267458996859e-01,2.1305864073726645e+11,1.0297662674589969e+00,-1.8392991851968020e-06,-1.5652408157713321e-06,-1.2967277841830843e-06,-1.0391848037439945e-06,-7.9807842408801658e-07,-5.7875502490528158e-07,-3.8652702395571448e-07,-2.2680001525903702e-07,-1.0471319396033348e-07,-2.5761498108827450e-08,-1.8652970013849335e-06,-1.4565004879664289e-06,-1.2477416301988140e-06,-9.4909527535978323e-07,-7.4650434075479735e-07,-4.8639545186157198e-07,-3.7581802235971574e-07,-2.6018206934836933e-07,-1.2808475314974166e-07,-6.0809242146402131e-08,ok,1,-1.9948487306464813e-12,-1.7696955012524995e-12,-1.801669924361704e-12,-1.8416379532482097e-12,-1.8749446439869644e-12,-1.9092505354478817e-12,-1.9205748102990583e-12,-1.9266810369344967e-12,-1.935118731921648e-12,-1.9629853298397393e-12,-1.9948487306464813e-12
375,-6.9233498977123276e-01,1.9257558906163318e+11,9.3076650102287661e-01,-2.0349338470994775e-06,-1.7317256162073806e-06,-1.4346525457880233e-06,-1.1497163417183581e-06,-8.8296499606325211e-07,-6.4031354922421741e-07,-4.2763946735608652e-07,-2.5092330344498150e-07,-1.1585087643310750e-07,-2.8501586297405897e-08,-2.0620027184406556e-06,-1.7732850936186746e-06,-1.4207694422903219e-06,-1.1492722341330498e-06,-8.3565104587522768e-07,-6.9600307156045640e-07,-4.9662282538258661e-07,-2.3013971287711740e-07,-1.2295387435284817e-07,-3.7014470224313589e-08,ok,1,-3.5478286974921502e-12,-3.1862290583717368e-12,-3.2234215296966795e-12,-3.271716231267874e-12,-3.318900709814443e-12,-3.3744118610457008e-12,-3.407607529481993e-12,-3.431699369116359e-12,-3.4556801864482622e-12,-3.4975355944766306e-12,-3.5478286974921502e-12
376,2.9915886222861787e-01,2.1308959685951010e+11,1.0299158862228617e+00,-1.8390319850573477e-06,-1.5650134288581164e-06,-1.2965394049093547e-06,-1.0390338384597113e-06,-7.9796248500217856e-07,-5.7867094754335747e-07,-3.8647087209337901e-07,-2.2676706738619815e-07,-1.0469798198164341e-07,-2.5757755663912798e-08,-1.8148291198613841e-06,-1.6042304153950711e-06,-1.3419027345649595e-06,-1.0391074703120420e-06,-7.9811565862124973e-07,-5.8567664761796723e-07,-4.0304556821794143e-07,-1.9074741094528894e-07,-1.0573979318756922e-07,-9.1160994754598713e-08,ok,1,-8.099076964640517e-13,-6.916689443414725e-13,-7.058797990566745e-13,-7.263079027097774e-13,-7.424061365668422e-13,-7.650546862691954e-13,-7.636113963371827e-13,-7.602807272633072e-13,-7.637224186396452e-13,-7.861489237370733e-13,-8.099076964640517e-13
377,-1.6896327737234202e+00,1.7194149791166245e+11,8.3103672262765804e-01,-2.2791390622292181e-06,-1.9395438837420634e-06,-1.6068201246410171e-06,-1.2876897343022893e-06,-9.8892650293175611e-07,-7.1715531401295748e-07,-4.7895896763028940e-07,-2.8103572178553817e-07,-1.2975373044619307e-07,-3.1921960882689276e-08,-2.2931436525304168e-06,-1.9066754279278424e-06,-1.6160791169415431e-06,-1.3017521535574736e-06,-1.0091734769845663e-06,-7.1558327068531811e-07,-4.6538856128653169e-07,-2.8745714460112427e-07,-5.2603373508449421e-08,-4.8959264760417429e-08,ok,1,2.496447493172127e-12,2.0097257191764584e-12,2.0470292128038636e-12,2.0865531524805192e-12,2.134736831749251e-12,2.1820323325982827e-12,2.2515322939398175e-12,2.3239188351453777e-12,2.388755859783487e-12,2.4353852268177434e-12,2.496447493172127e-12
378,8.0816261030021386e-01,2.2362088440711142e+11,1.0808162610300214e+00,-1.7524239086489925e-06,-1.4913100872480361e-06,-1.2354796817729198e-06,-9.9010118105998814e-07,-7.6038293422038494e-07,-5.5141879638606102e-07,-3.6827026487630228e-07,-2.1608761229323274e-07,-9.9767295132870439e-08,-2.4544710056901300e-08,-1.7575289344515853e-06,-1.5461780996680640e-06,-1.2099377963786351e-06,-9.9279996550606600e-07,-7.4392413511970606e-07,-5.8063113369174382e-07,-3.7333051448262998e-07,-2.2947049088776571e-07,-5.0953582422474014e-08,-6.0604226272192427e-08,ok,1,1.27631238910908e-12,9.412470802772077e-13,9.636735853746359e-13,9.874323581016142e-13,1.0229594948896192e-12,1.057154364048074e-12,1.1106671138350066e-12,1.1641798636219391e-12,1.2101430968414206e-12,1.2374545832471995e-12,1.27631238910908e-12
379,8.1579350495014380e-01,2.2377876761741849e+11,1.0815793504950144e+00,-1.7511875164976284e-06,-1.4902579194032642e-06,-1.2346080106126937e-06,-9.8940263242502422e-07,-7.5984645929144973e-07,-5.5102975246320201e-07,-3.6801043820833493e-07,-2.1593515544388607e-07,-9.9696906056317724e-08,-2.4527392964432611e-08,-1.7631990159388776e-06,-1.5040305597621453e-06,-1.2426554724350577e-06,-9.8358824143053372e-07,-7.6507240107004066e-07,-5.5442490578218746e-07,-3.1960689052574719e-07,-2.2548152600907340e-07,-1.4218031706538253e-07,-4.8878268230247638e-08,ok,1,2.8210767055725228e-12,2.452704706001896e-12,2.4877877535800508e-12,2.523536934972981e-12,2.5652813206988867e-12,2.601696635906592e-12,2.6567636979279996e-12,2.7113866707395573e-12,2.758460126983664e-12,2.7853275241795927e-12,2.8210767055725228e-12
380,5.7431007278126900e-01,2.1878247540584445e+11,1.0574310072781268e+00,-1.7911790401880418e-06,-1.5242906453832153e-06,-1.2628025100819670e-06,-1.0119974250676424e-06,-7.7719892291465673e-07,-5.6361351016578921e-07,-3.7641461995300852e-07,-2.2086642397052060e-07,-1.0197366462314952e-07,-2.5087520196686899e-08,-1.7681771844450695e-06,-1.4853916691800705e-06,-1.3231633393216379e-06,-1.0065539220429231e-06,-8.0287961148715281e-07,-5.2543086703205176e-07,-3.8237134705290718e-07,-1.6743988068443122e-07,-1.2316586377779773e-07,-1.0359007423185589e-08,ok,1,-1.4773737788686958e-12,-1.2287948436551233e-12,-1.2562173523633646e-12,-1.2942980021080075e-12,-1.3289369604763124e-12,-1.3673506771283428e-12,-1.3825607325657074e-12,-1.3924417174848713e-12,-1.407207683712386e-12,-1.4408474413585282e-12,-1.4773737788686958e-12
381,4.0817265348009640e-01,2.1534509220050320e+11,1.0408172653480097e+00,-1.8197702130300377e-06,-1.5486216900894763e-06,-1.2829596267192473e-06,-1.0281511387092736e-06,-7.8960473396951830e-07,-5.7261002638442821e-07,-3.8242302850296851e-07,-2.2439193982416738e-07,-1.0360138949333063e-07,-2.5487972418409289e-08,-1.8590804720839814e-06,-1.5407921375171313e-06,-1.2480632342792960e-06,-9.6851935649862843e-07,-7.5997601161341410e-07,-5.4208558702982656e-07,-3.9835238825382613e-07,-2.8340219901713939e-07,-9.0309022508537967e-08,-1.7536665201858423e-08,ok,1,2.34035013590983e-12,2.0337065365083618e-12,2.058131443050115e-12,2.0825563495918686e-12,2.1105339698124226e-12,2.1320722964901506e-12,2.176259172870232e-12,2.226885342793139e-12,2.2735147098273956e-12,2.3014923300479495e-12,2.34035013590983e-12
382,7.2268996758056803e-01,2.2185245542924194e+11,1.0722689967580568e+00,-1.7663928197194902e-06,-1.5031976093734443e-06,-1.2453279300869484e-06,-9.9799346972393020e-07,-7.6644409415709714e-07,-5.5581426262623147e-07,-3.7120581862803223e-07,-2.1781008858704023e-07,-1.0056255960424995e-07,-2.4740360704163401e-08,-1.7879749689163343e-06,-1.5111567936677795e-06,-1.2809333458164532e-06,-9.7226256216410218e-07,-6.9155042249315382e-07,-5.7167906955484804e-07,-3.4944282707013011e-07,-2.8149323916551030e-07,-6.5939708989543004e-08,-5.7694463570719351e-08,ok,1,-1.7501555760190968e-12,-1.3644640972643174e-12,-1.397104654188297e-12,-1.4451773111545663e-12,-1.4943601911454607e-12,-1.552979966845669e-12,-1.588729148238599e-12,-1.6179280137862406e-12,-1.6482371023585074e-12,-1.6959766924173891e-12,-1.7501555760190968e-12
383,1.1572656257742655e+00,2.3084382579726956e+11,1.1157265625774266e+00,-1.6975917937386115e-06,-1.4446480406579283e-06,-1.1968223891246679e-06,-9.5912160958479090e-07,-7.3659108555901869e-07,-5.3416528902517835e-07,-3.5674734660168871e-07,-2.0932638247347171e-07,-9.6645646447270007e-08,-2.3776723295452109e-08,-1.6796997668058076e-06,-1.5068146242446286e-06,-1.2536854504093434e-06,-9.2650453165584646e-07,-6.9667448102120103e-07,-5.0180263331404882e-07,-3.6994470256251521e-07,-1.5179689359001213e-07,-1.2965640191975160e-07,-4.6640606048795928e-08,ok,1,2.1576074260565292e-12,2.0019541580040823e-12,2.0230483954719602e-12,2.036593116372387e-12,2.0534685063466895e-12,2.0621282459387658e-12,2.0883295093199195e-12,2.1171953079601735e-12,2.141842259106852e-12,2.147837463439828e-12,2.1576074260565292e-12
384,4.3782433884737559e-01,2.1595858557075220e+11,1.0437824338847375e+00,-1.8146006248061404e-06,-1.5442223783548973e-06,-1.2793150055848539e-06,-1.0252303754276427e-06,-7.8736163134853491e-07,-5.7098336054044356e-07,-3.8133664431519361e-07,-2.2375448905074975e-07,-1.0330707951984329e-07,-2.5415566396409925e-08,-1.8780668082141743e-06,-1.5485805438971014e-06,-1.3060766967784117e-06,-1.0721141586266487e-06,-7.8614873665196216e-07,-6.3263685615654488e-07,-4.2922944965255768e-07,-2.4125415465853328e-07,-1.2782740915304998e-07,-4.4006503251981676e-08,ok,1,2.7118307599494074e-12,2.6829649613091533e-12,2.6854074519633286e-12,2.6778579353958776e-12,2.6707525080382766e-12,2.660982545421575e-12,2.6769697569761775e-12,2.6980639944440554e-12,2.7118307599494074e-12,2.7069457786410567e-12,2.7038371541721062e-12
385,4.9141253197308353e-02,2.0791673252865231e+11,1.0049141253197309e+00,-1.8847861811905374e-06,-1.6039501803430406e-06,-1.3287966569357233e-06,-1.0648844807650543e-06,-8.1781539258740376e-07,-5.9306799133896514e-07,-3.9608607412637355e-07,-2.3240891862206800e-07,-1.0730281541643044e-07,-2.6398595744003278e-08,-1.9096766970935080e-06,-1.5760153647044992e-06,-1.3474263292426429e-06,-1.1353207422029464e-06,-8.6462336228813963e-07,-6.0181028003167048e-07,-4.4354813986496617e-07,-2.3955957747026513e-07,-9.5483484157147128e-08,-6.3761598560916795e-08,ok,1,1.0389467064442215e-12,1.0389467064442215e-12,1.0094147739891923e-12,9.701128789174618e-13,9.350298313393068e-13,8.990586053414518e-13,8.903988657493755e-13,8.879563750952002e-13,8.817391261572993e-13,8.577583088253959e-13,8.313350008393172e-13
386,-1.7357738700213490e+00,1.7098683862925830e+11,8.2642261299786512e-01,-2.2918640256160592e-06,-1.9503728082761213e-06,-1.6157913750546569e-06,-1.2948792055344239e-06,-9.9444790956723446e-07,-7.2115935890169615e-07,-4.8163310692585974e-07,-2.8260480957356776e-07,-1.3047817569677686e-07,-3.2100188613567754e-08,-2.2636863424091426e-06,-2.0013191414775374e-06,-1.6245814801078472e-06,-1.3837248200716431e-06,-9.8138902023163050e-07,-7.1858887109375931e-07,-5.3373387850049413e-07,-2.9735164507670798e-07,-1.3456460780599864e-07,-2.4457757121709640e-08,ok,1,8.408829188510936e-13,8.408829188510936e-13,8.142375662600898e-13,7.740474927686591e-13,7.367439991412539e-13,6.985523270941485e-13,6.874500968478969e-13,6.830092047493963e-13,6.761258219967203e-13,6.550315845288424e-13,6.337153024560394e-13
387,-1.0756871092829783e+00,1.8464403370893518e+11,8.9243128907170222e-01,-2.1223463138053040e-06,-1.8061134927402087e-06,-1.4962793736439507e-06,-1.1991034712239187e-06,-9.2089357464145882e-07,-6.6781881033281855e-07,-4.4600911645103009e-07,-2.6170194617066601e-07,-1.2082735804875384e-07,-2.9725898314655824e-08,-2.0877971413656491e-06,-1.7480035707750810e-06,-1.4780080354997269e-06,-1.2087350273462900e-06,-9.2837633313180245e-07,-6.3715945094045315e-07,-5.0237104253500309e-07,-2.4753954940230651e-07,-9.5241670106161135e-08,-7.5890108882375299e-08,ok,1,1.148414696672262e-12,1.0591527654923993e-12,1.063815702195825e-12,1.063815702195825e-12,1.0698109065288008e-12,1.071365218763276e-12,1.0951239914902544e-12,1.1215472994763331e-12,1.141753358524511e-12,1.1430856261540612e-12,1.148414696672262e-12
388,2.2951760890577277e-01,2.1164871932826044e+11,1.0229517608905774e+00,-1.8515518806442894e-06,-1.5756678410057883e-06,-1.3053660800873181e-06,-1.0461074485299745e-06,-8.0339491199417535e-07,-5.8261046567111976e-07,-3.8910191658064265e-07,-2.2831086870636305e-07,-1.0541075251162357e-07,-2.5933111184700537e-08,-1.8996974518272246e-06,-1.5955100375847108e-06,-1.3612819774645187e-06,-1.0731809856747747e-06,-8.1432478420881521e-07,-5.6060147940481382e-07,-3.7951961890732411e-07,-2.2226323400690473e-07,-1.7887813827568968e-07,5.6900650085813267e-08,ok,1,1.0695888619238758e-12,7.913669719528116e-13,8.073541835074138e-13,8.260059303211165e-13,8.564260411958458e-13,8.855138844410249e-13,9.328093852900565e-13,9.78994663114463e-13,1.0167422459517184e-12,1.0380585280245214e-12,1.0695888619238758e-12
389,1.2425042555528156e+00,2.3260741304738776e+11,1.1242504255552817e+00,-1.6847209604103002e-06,-1.4336949810248780e-06,-1.1877482986685010e-06,-9.5184972336097430e-07,-7.3100638543952640e-07,-5.3011534460970944e-07,-3.5404255287250752e-07,-2.0773930777744597e-07,-9.5912896670844999e-08,-2.3596452488444444e-08,-1.6835039528201043e-06,-1.4514900088294121e-06,-1.1837046806113035e-06,-9.1603249087767628e-07,-6.6977285190535954e-07,-5.1413162495036221e-07,-3.7752096309353463e-07,-2.2396045584533468e-07,-1.6105049214205205e-07,-1.9086547907789961e-08,ok,1,-3.453903829608862e-13,-3.453903829608862e-13,-3.310685059432217e-13,-3.1863400806741993e-13,-2.9665159217984183e-13,-2.781108676686017e-13,-2.426947531830592e-13,-2.0694557179012918e-13,-1.7463808177353712e-13,-1.5776269179923474e-13,-1.325606291402437e-13
390,6.8703910412456293e-01,2.2111483906433722e+11,1.0687039104124563e+00,-1.7722853245291513e-06,-1.5082121220256805e-06,-1.2494822160057377e-06,-1.0013226733162394e-06,-7.6900087284259466e-07,-5.5766840185263651e-07,-3.7244412306836095e-07,-2.1853668064545591e-07,-1.0089802596238895e-07,-2.4822892003459956e-08,-1.7745420541728729e-06,-1.4883167193136626e-06,-1.2848142945628313e-06,-9.9030618339182892e-07,-7.4835880118604036e-07,-5.9353326916653048e-07,-3.8387611933561322e-07,-1.4170613103290700e-07,-1.2724685119439649e-07,-4.9685006147149521e-08,ok,1,4.205968906489943e-12,3.735900477863652e-12,3.777866908194483e-12,3.822053784574564e-12,3.877786980410747e-12,3.928413150333654e-12,3.997691067070264e-12,4.065414671572398e-12,4.122702179643056e-12,4.158007271826136e-12,4.205968906489943e-12
391,-1.8170935317485779e-01,2.0314043348281219e+11,9.8182906468251419e-01,-1.9291018414782307e-06,-1.6416627400063731e-06,-1.3600397240954833e-06,-1.0899223653626953e-06,-8.3704411437998452e-07,-6.0701238455160617e-07,-4.0539896918115878e-07,-2.3787338710585900e-07,-1.0982575152638638e-07,-2.7019287476988334e-08,-1.9115421808237840e-06,-1.7037546794155407e-06,-1.3212420204554330e-06,-1.0967501544425771e-06,-8.0124942642092560e-07,-6.0600769036818865e-07,-4.1771233039273681e-07,-2.7856495351319603e-07,-1.4082538364728196e-07,-9.1536492144126075e-08,ok,1,7.05857594596182e-12,6.362022020311997e-12,6.431521981653532e-12,6.503020344439392e-12,6.5776273316942024e-12,6.642686400937237e-12,6.729949930672774e-12,6.821654352506812e-12,6.907141525402949e-12,6.972866728460758e-12,7.05857594596182e-12
392,-3.4353449519540086e-01,1.9979227129440717e+11,9.6564655048046000e-01,-1.9614301482628522e-06,-1.6691740800270416e-06,-1.3828315645746916e-06,-1.1081875205973089e-06,-8.5107148107426021e-07,-6.1718482965900097e-07,-4.1219273297495901e-07,-2.4185972088485002e-07,-1.1166623527463447e-07,-2.7472082552815136e-08,-1.9366444218343756e-06,-1.7288122743939200e-06,-1.3621408206544819e-06,-1.0729237271894861e-06,-7.4623740228681795e-07,-7.0488403336370389e-07,-3.8618627998122991e-07,-2.4761367811884585e-07,-8.4057592384331247e-08,-5.5733199236518486e-08,ok,1,-3.460565167756613e-12,-2.8702595855634172e-12,-2.9259927813996e-12,-2.9962698988583725e-12,-3.069544618483633e-12,-3.1502578323738817e-12,-3.2057689836051395e-12,-3.252842439849246e-12,-3.304467810494316e-12,-3.375744128675251e-12,-3.460565167756613e-12
393,-3.7699789789885696e-01,1.9909991349247266e+11,9.6230021021011436e-01,-1.9682509019381974e-06,-1.6749785310554436e-06,-1.3876402769751711e-06,-1.1120411750906940e-06,-8.5403103022664707e-07,-6.1933105225030907e-07,-4.1362610805642245e-07,-2.4270077330861960e-07,-1.1205454779516568e-07,-2.7567615043851507e-08,-1.9942048894227751e-06,-1.6552476478241777e-06,-1.3443000313483275e-06,-1.1794970094621941e-06,-8.4552941993116003e-07,-5.8762304620989355e-07,-4.5928008802370006e-07,-2.0779896588933499e-07,-1.0825150070502579e-07,-5.7046498673075316e-08,ok,1,-1.5966117317134376e-12,-1.3001821841385208e-12,-1.3290479827787749e-12,-1.3636869411470798e-12,-1.3946621635341216e-12,-1.4375167722846527e-12,-1.4622747457337937e-12,-1.4834800055041342e-12,-1.5074608228360376e-12,-1.5488721416545559e-12,-1.5966117317134376e-12
394,-1.7889145921606106e-01,2.0319873570881970e+11,9.8211085407839394e-01,-1.9285483393459041e-06,-1.6411917105315317e-06,-1.3596494985141192e-06,-1.0896096424464450e-06,-8.3680394784626638e-07,-6.0683821922646622e-07,-4.0528265121947785e-07,-2.3780513595173010e-07,-1.0979424008079417e-07,-2.7011535043742417e-08,-1.9643321618884106e-06,-1.6285234132051108e-06,-1.3990118985281818e-06,-1.1367779045366578e-06,-8.5105919730754030e-07,-5.7458761683422480e-07,-4.5998137101910702e-07,-2.5364959708949816e-07,-1.0343768332928434e-07,-4.2949156925567599e-08,ok,1,1.7401635687974704e-12,1.3924417174848713e-12,1.4137579995576743e-12,1.431965657161527e-12,1.4594991881722308e-12,1.48947520983711e-12,1.545652494883143e-12,1.6078249842621517e-12,1.6622259124687844e-12,1.694644424787839e-12,1.7401635687974704e-12
395,9.4252674527272506e-01,2.2640087835969269e+11,1.0942526745272725e+00,-1.7309057594945546e-06,-1.4729981749677873e-06,-1.2203091308927446e-06,-9.7794365183029964e-07,-7.5104613316872467e-07,-5.4464788219754501e-07,-3.6374824571770875e-07,-2.1343425573441441e-07,-9.8542244774417364e-08,-2.4243323657546745e-08,-1.7101070994480139e-06,-1.4909723288725663e-06,-1.2901178660731984e-06,-9.9156669447294789e-07,-7.3315028948254198e-07,-5.0579589633645867e-07,-3.2424496471590436e-07,-1.8116825643922155e-07,-9.0204201611247846e-08,2.8919691838915315e-10,ok,1,-1.2184697695261093e-12,-1.1936007737745058e-12,-1.198374732780394e-12,-1.2072565169773952e-12,-1.2115863867734333e-12,-1.2184697695261093e-12,-1.2025935802739696e-12,-1.1832756996454918e-12,-1.1698420010475274e-12,-1.1769474284051284e-12,-1.1816103651085541e-12
396,-8.6664753144209905e-02,2.0510690625744629e+11,9.9133352468557900e-01,-1.9106064805826852e-06,-1.6259232159477553e-06,-1.3470002748610997e-06,-1.0794726798859322e-06,-8.2901891184859881e-07,-6.0119262279539653e-07,-4.0151218618148061e-07,-2.3559276404715928e-07,-1.0877279161178696e-07,-2.6760238699818736e-08,-1.8592279737103850e-06,-1.6184340602326716e-06,-1.2653350640508433e-06,-1.1759658615134910e-06,-8.6238494959229343e-07,-5.5301429830190480e-07,-3.4264241745398926e-07,-2.5423358749867927e-07,-1.3271907675975051e-07,6.9334324904434869e-09,ok,1,-5.061506769266089e-13,-3.665956427312267e-13,-3.871347686867921e-13,-4.1311398746302075e-13,-4.3076653355456074e-13,-4.497513472756509e-13,-4.480860127387132e-13,-4.4630965589931293e-13,-4.524158825347513e-13,-4.776179451937423e-13,-5.061506769266089e-13
397,2.0807239696225412e+00,2.4995017893149039e+11,1.2080723969622542e+00,-1.5678267804538915e-06,-1.3342182112494444e-06,-1.1053365126040782e-06,-8.8580573419670699e-07,-6.8028558717262393e-07,-4.9333334928420916e-07,-3.2947734898395500e-07,-1.9332533858132350e-07,-8.9257990803892455e-08,-2.1959215208002718e-08,-1.5338820895264564e-06,-1.3097074093041412e-06,-1.0650687052103520e-06,-8.4986166499946994e-07,-7.3669449532149825e-07,-5.0408358564359208e-07,-3.1388494813253832e-07,-2.7377845187864559e-07,-6.3480240602323256e-08,4.5362414372410402e-09,ok,1,3.745892485085278e-13,3.745892485085278e-13,3.6193270602780103e-13,3.432809592140984e-13,3.319566843629218e-13,3.1863400806741993e-13,3.2929214910382143e-13,3.4772185131259903e-13,3.630429290524262e-13,3.6126657221302594e-13,3.6415315207705135e-13
398,-1.1362661401198941e+00,1.8339065356091940e+11,8.8637338598801063e-01,-2.1368514517950819e-06,-1.8184573431603128e-06,-1.5065056683087612e-06,-1.2072987224893259e-06,-9.2718740533576422e-07,-6.7238300606880977e-07,-4.4905735779435435e-07,-2.6349054344932334e-07,-1.2165315047007165e-07,-2.9929059435955793e-08,-2.1486095980212046e-06,-1.8715475416520883e-06,-1.4965913862533093e-06,-1.1804153125265769e-06,-9.9829355682443068e-07,-6.8482294386355104e-07,-4.5833432926574471e-07,-2.4051458222279367e-07,-1.0917839871418885e-07,-5.4347248169803553e-08,ok,1,-1.794786541609028e-12,-1.4962475702873235e-12,-1.5236700789955648e-12,-1.5591972157835698e-12,-1.5945023079666498e-12,-1.6365797605999433e-12,-1.6564527527407336e-12,-1.6727730312027234e-12,-1.6967538485346267e-12,-1.7424950371491832e-12,-1.794786541609028e-12
399,-4.0311027740140709e-01,1.9855964836056488e+11,9.5968897225985927e-01,-1.9736063572976674e-06,-1.6795360154403623e-06,-1.3914159366489974e-06,-1.1150669513600320e-06,-8.5635478125533548e-07,-6.2101620316267911e-07,-4.1475155205094538e-07,-2.4336114295760404e-07,-1.1235943937579951e-07,-2.7642624348609595e-08,-1.9780351672556495e-06,-1.6575572873579517e-06,-1.3922520063040492e-06,-1.1375677287479192e-06,-8.7353025488235923e-07,-6.2849657371599817e-07,-3.9211297838024361e-07,-2.1856972806168234e-07,-1.0814029492819592e-07,-6.2358653367097086e-08,ok,1,-1.872058064122939e-12,-1.7496004645067842e-12,-1.7642554084318363e-12,-1.7851276012947892e-12,-1.7998935675223038e-12,-1.8189894035458565e-12,-1.8184342920335439e-12,-1.8189894035458565e-12,-1.8254286970886824e-12,-1.8478552021861105e-12,-1.872058064122939e-12
400,5.8020854168826586e-01,2.1890451472753021e+11,1.0580208541688265e+00,-1.7901804574348612e-06,-1.5234408529755806e-06,-1.2620984973738533e-06,-1.0114332362558518e-06,-7.7676563432527799e-07,-5.6329929549624723e-07,-3.7620476871050440e-07,-2.2074329088526370e-07,-1.0191681428024859e-07,-2.5073533898060551e-08,-1.8062920488901316e-06,-1.5225849484644431e-06,-1.2783807020987289e-06,-1.0085442844210907e-06,-8.1915618829789294e-07,-5.8880395946452753e-07,-3.6255183108932693e-07,-1.7753394229908843e-07,-1.2112233963643195e-07,-3.0181378357562206e-08,ok,1,4.707567669015589e-12,4.084066418386101e-12,4.14757117539466e-12,4.214184556872169e-12,4.286571098077729e-12,4.352074256530614e-12,4.43400871574795e-12,4.513278639706186e-12,4.583000645652646e-12,4.637179529254354e-12,4.707567669015589e-12
401,-6.3739403750067669e-01,1.9371231736411099e+11,9.3626059624993230e-01,-2.0229925987179294e-06,-1.7215636319536033e-06,-1.4262338237668219e-06,-1.1429696612677457e-06,-8.7778364614126525e-07,-6.3655610858604144e-07,-4.2513002504447562e-07,-2.4945085386374064e-07,-1.1517104888362388e-07,-2.8334335395510519e-08,-2.0040640812346604e-06,-1.6980623050297089e-06,-1.4757073814498515e-06,-1.1435517717133955e-06,-8.9587269963991945e-07,-5.7168998262649335e-07,-3.5510530927428598e-07,-2.5633580895986130e-07,-1.7308400002409760e-07,-4.6520524148778204e-08,ok,1,5.415667914121514e-13,5.342393194496253e-13,5.306866057708248e-13,5.213607323639735e-13,5.166977956605479e-13,5.064837438339964e-13,5.17808018685173e-13,5.329070518200751e-13,5.415667914121514e-13,5.335731856348502e-13,5.302425165609748e-13
402,1.8251402255116339e-01,2.1067621512658356e+11,1.0182514022551163e+00,-1.8600988444418668e-06,-1.5829412942289333e-06,-1.3113917911385365e-06,-1.0509363936891335e-06,-8.0710346982598879e-07,-5.8529985861237882e-07,-3.9089805312391204e-07,-2.2936477637691139e-07,-1.0589733994944371e-07,-2.6052821231592374e-08,-1.8636893844588751e-06,-1.6595523205017192e-06,-1.2610177090958187e-06,-1.0105932701836173e-06,-8.1107812134525264e-07,-6.0829733811066596e-07,-4.1866218636575233e-07,-1.9020350535306001e-07,-1.0443408484390219e-07,-4.9486598657212608e-08,ok,1,1.4561685190983553e-12,1.169730978745065e-12,1.1886047701636926e-12,1.2088108292118704e-12,1.2385648062718246e-12,1.2638778912332782e-12,1.3102852136626097e-12,1.3593570713510417e-12,1.4008794124720225e-12,1.4241940959891508e-12,1.4561685190983553e-12
403,1.1533790459781894e+00,2.3076341246128873e+11,1.1153379045978189e+00,-1.6981833477287157e-06,-1.4451514522058140e-06,-1.1972394417176537e-06,-9.5945583140233033e-07,-7.3684776292805918e-07,-5.3435142777118772e-07,-3.5687166112584033e-07,-2.0939932571992223e-07,-9.6679324224157607e-08,-2.3785008688653827e-08,-1.7438844827827671e-06,-1.3832822986950406e-06,-1.1602075819959094e-06,-8.9612633976910234e-07,-7.9926508505924635e-07,-5.8849269590953946e-07,-3.2226100172944334e-07,-2.1745022281122218e-07,-1.1816468262657269e-07,-4.8272880903744251e-08,ok,1,-3.3207880889563057e-12,-2.7359225995837733e-12,-2.789657393975631e-12,-2.8600455337368658e-12,-2.9310998073128758e-12,-3.008482352129249e-12,-3.0636604364531195e-12,-3.114397628678489e-12,-3.1676883338604966e-12,-3.237965451319269e-12,-3.3207880889563057e-12
404,-1.5469233406993501e+00,1.7489415608093045e+11,8.4530766593006501e-01,-2.2406613982359558e-06,-1.9067994500671879e-06,-1.5796929142489551e-06,-1.2659502565558046e-06,-9.7223090838689699e-07,-7.0504790834326006e-07,-4.7087292210157507e-07,-2.7629112403260875e-07,-1.2756315746849183e-07,-3.1383036994606848e-08,-2.2806115573051772e-06,-1.9008394523085830e-06,-1.5601700070446302e-06,-1.2374329039040222e-06,-9.6950015504589439e-07,-6.7856008302795695e-07,-4.5740262949901677e-07,-2.3654399039565152e-07,-1.2032673786072792e-07,-2.4869292721738516e-08,ok,1,-9.112710586123285e-13,-7.419620473569921e-13,-7.431832926840798e-13,-7.510658761589184e-13,-7.622791287076325e-13,-7.904787935331115e-13,-8.04800670550776e-13,-8.177902799388903e-13,-8.36886115962443e-13,-8.72413252750448e-13,-9.112710586123285e-13
405,9.0948357286047132e-01,2.2571721512248315e+11,1.0909483572860472e+00,-1.7361484107217304e-06,-1.4774596632072109e-06,-1.2240052623125876e-06,-9.8090569494447552e-07,-7.5332093808513834e-07,-5.4629753809138366e-07,-3.6484998402796441e-07,-2.1408071574908110e-07,-9.8840714299763795e-08,-2.4316753010829610e-08,-1.7487010357386751e-06,-1.4889724691836743e-06,-1.1974162175291623e-06,-9.7940915072775403e-07,-8.0278782547342075e-07,-5.5914149052717967e-07,-3.9268577717848767e-07,-1.7017025854656699e-07,-7.1862773723087089e-08,-6.3912546503254520e-08,ok,1,-1.397104654188297e-12,-1.1528555887707626e-12,-1.191713394632643e-12,-1.2391199177841372e-12,-1.2762013668066174e-12,-1.3123946374093975e-12,-1.322830733840874e-12,-1.3289369604763124e-12,-1.3392620346053263e-12,-1.3671286325234178e-12,-1.397104654188297e-12
406,-7.1494001301989962e-01,1.9210789113061829e+11,9.2850599869801009e-01,-2.0398880129483862e-06,-1.7359416038278210e-06,-1.4381452915881042e-06,-1.1525153936112840e-06,-8.8511462615377091e-07,-6.4187243012999509e-07,-4.2868058073100991e-07,-2.5153419095010329e-07,-1.1613292218932424e-07,-2.8570975081577717e-08,-2.0450992789133563e-06,-1.7848228528785143e-06,-1.4769813215318364e-06,-1.1771109866455856e-06,-8.9424837468293798e-07,-6.5358381699783968e-07,-4.2572171723887850e-07,-2.0066196745378876e-07,-1.4585992675110864e-07,1.4330867895192956e-09,ok,1,6.186162693211372e-12,5.756950471891287e-12,5.802247571295993e-12,5.844436046231749e-12,5.892397680895556e-12,5.936140468065787e-12,5.997868868234946e-12,6.0598193130090294e-12,6.112665928981187e-12,6.144418307485466e-12,6.186162693211372e-12
407,-1.5026610881456273e-01,2.0379099420862671e+11,9.8497338911854382e-01,-1.9229435816382870e-06,-1.6364220702266962e-06,-1.3556980777222312e-06,-1.0864430129578520e-06,-8.3437202364683931e-07,-6.0507462268242288e-07,-4.0410481656700902e-07,-2.3711402536800630e-07,-1.0947515546116402e-07,-2.6933033973206738e-08,-1.9420536567599974e-06,-1.7305471017975580e-06,-1.3065932659472070e-06,-1.1487920125838483e-06,-7.6585935705919373e-07,-6.0959278668496891e-07,-3.8040278392174393e-07,-2.1777785310255460e-07,-5.8073035893459764e-08,-2.4560439423904845e-08,ok,1,3.850697538609893e-12,3.261613201743785e-12,3.318234575999668e-12,3.3786307085392764e-12,3.446132268436486e-12,3.5051961333465442e-12,3.58224561125553e-12,3.660627356794066e-12,3.731459585765151e-12,3.7831959787126834e-12,3.850697538609893e-12
408,-3.7286885942962533e-01,1.9918534329840106e+11,9.6271311405703752e-01,-1.9674067269106460e-06,-1.6742601393878646e-06,-1.3870451235483394e-06,-1.1115642250286706e-06,-8.5366473969534297e-07,-6.1906542361134419e-07,-4.1344870545448628e-07,-2.4259667990677507e-07,-1.1200648804276427e-07,-2.7555791402781423e-08,-1.9579086579426129e-06,-1.6968524180417653e-06,-1.3783701771396043e-06,-1.1065890526429563e-06,-8.5885890723125721e-07,-5.5115935487851510e-07,-4.2976160637639286e-07,-1.9577879312445726e-07,-4.9528389076780493e-08,2.0058783817766753e-08,ok,1,-2.0476953466186387e-12,-1.5444312495560553e-12,-1.5902834604730742e-12,-1.6470158570314197e-12,-1.7014167852380524e-12,-1.7649215422466114e-12,-1.8104406862562428e-12,-1.853961428821549e-12,-1.9022561303927432e-12,-1.968980534172715e-12,-2.0476953466186387e-12
409,-6.7048994672690126e-02,2.0551275630022205e+11,9.9329510053273096e-01,-1.9068333828172223e-06,-1.6227123154743811e-06,-1.3443401960961225e-06,-1.0773409191084657e-06,-8.2738175137846468e-07,-6.0000537750709978e-07,-4.0071927317294852e-07,-2.3512751150000941e-07,-1.0855798527610170e-07,-2.6707392131002024e-08,-1.8645173965932512e-06,-1.6420828277445822e-06,-1.2808565958046805e-06,-1.0813761692783115e-06,-8.0758040656725254e-07,-5.9347742139733559e-07,-3.6067257059355772e-07,-1.9011072032631806e-07,-1.0025538297523280e-07,-2.5619341527679019e-08,ok,1,4.030109579389318e-13,4.030109579389318e-13,3.7347902548390266e-13,3.2929214910382143e-13,2.788880237858393e-13,2.1249668691325496e-13,1.6564527527407336e-13,1.2434497875801753e-13,7.993605777301127e-14,1.7763568394002505e-14,-5.4511950509095186e-14
410,3.0021359582392232e-01,2.1311141929759695e+11,1.0300213595823922e+00,-1.8388436696534493e-06,-1.5648531727350573e-06,-1.2964066403114887e-06,-1.0389274422257992e-06,-7.9788077428198939e-07,-5.7861169210117556e-07,-3.8643129778518074e-07,-2.2674384661986189e-07,-1.0468726099202085e-07,-2.5755118090331662e-08,-1.8235303852123704e-06,-1.5009896520382334e-06,-1.2776823303927884e-06,-1.0500380694740717e-06,-8.0177556900562715e-07,-5.9804309668142782e-07,-4.5937265132135461e-07,-2.5438724578477116e-07,-6.7737877282231402e-08,-2.4768659088054169e-08,ok,1,-4.6624926142158074e-12,-4.179434576201402e-12,-4.243827511629661e-12,-4.320099833421409e-12,-4.387268326411231e-12,-4.4508841057222526e-12,-4.48652226481272e-12,-4.515054996545587e-12,-4.549360888006504e-12,-4.601652392466349e-12,-4.6624926142158074e-12
411,-7.8616870204276335e-01,1.9063416955473523e+11,9.2138312979572368e-01,-2.0556576254110503e-06,-1.7493615201057204e-06,-1.4492630557835791e-06,-1.1614250597296579e-06,-8.9195711679571468e-07,-6.4683450618962666e-07,-4.3199455021624834e-07,-2.5347870784862689e-07,-1.1703070244265072e-07,-2.8791846620525380e-08,-2.0252059818382413e-06,-1.7424850299628476e-06,-1.4684457275598705e-06,-1.1735800929391368e-06,-8.6931125168280377e-07,-6.8146661061825217e-07,-4.4980673440515549e-07,-2.9222505513936352e-07,-1.3045278579359181e-07,-1.5656281703439821e-08,ok,1,3.2394087412512818e-12,3.08442160701361e-12,3.0953017926549364e-12,3.099742684753437e-12,3.1095126473701384e-12,3.1161739855178894e-12,3.1450397841581434e-12,3.1794566979215233e-12,3.2098768087962526e-12,3.220979039042504e-12,3.2394087412512818e-12
412,-9.0104281268098196e-01,1.8825742420563049e+11,9.0989571873190189e-01,-2.0816102523487193e-06,-1.7714471662508146e-06,-1.4675599662010274e-06,-1.1760880225296743e-06,-9.0321805344692766e-07,-6.5500077591363486e-07,-4.3744847078264351e-07,-2.5667887029786403e-07,-1.1850821218121263e-07,-2.9155342975627565e-08,-2.1227767339479823e-06,-1.8039598596732504e-06,-1.4335415290649398e-06,-1.1925320358442539e-06,-9.1638415228714049e-07,-5.9901975450991106e-07,-4.0988594737384650e-07,-2.7025323537168548e-07,-1.8792332560900692e-07,1.0420942086502379e-08,ok,1,-1.854183473426474e-12,-1.744160371686121e-12,-1.7671419882958617e-12,-1.797340054565666e-12,-1.8228751841320445e-12,-1.8528512057969238e-12,-1.854183473426474e-12,-1.840194663316197e-12,-1.8258727862985324e-12,-1.8274270985330077e-12,-1.8252066524837574e-12
413,2.4271041790469550e+00,2.5711678546448151e+11,1.2427104179046955e+00,-1.5241268033143647e-06,-1.2970295970112072e-06,-1.0745275093810409e-06,-8.6111570413923295e-07,-6.6132401247682152e-07,-4.7958268731406099e-07,-3.2029383917406868e-07,-1.8793678865874130e-07,-8.6770106168772323e-08,-2.1347146824844925e-08,-1.5103481497981660e-06,-1.2537501139597823e-06,-1.0530980838635616e-06,-8.8982286468419623e-07,-6.3281890469436370e-07,-4.6916122695642990e-07,-3.1668152541461879e-07,-1.6343991849983584e-07,-1.1745341852907639e-07,6.4260688579274545e-09,ok,1,1.6495693699880576e-12,1.4279688542728763e-12,1.446620601086579e-12,1.4646062140855065e-12,1.4881429422075598e-12,1.5045742429720121e-12,1.5409895581797173e-12,1.5800694086465228e-12,1.6133760993852775e-12,1.6284751325201796e-12,1.6495693699880576e-12
414,1.9231163308091903e+00,2.4668927688444214e+11,1.1923116330809189e+00,-1.5885513519581016e-06,-1.3518547901534640e-06,-1.1199475818097811e-06,-8.9751490035343427e-07,-6.8927805207404848e-07,-4.9985455583598263e-07,-3.3383259853271206e-07,-1.9588084079176797e-07,-9.0437861970668104e-08,-2.2249486640684606e-08,-1.5425483040273619e-06,-1.2986788039011095e-06,-1.0826335773656793e-06,-9.2056034930552296e-07,-6.8917381743239285e-07,-5.1538194908379488e-07,-3.3830432730366330e-07,-2.1908010485997615e-07,-6.7606587036657828e-08,3.9820758254359116e-08,ok,1,1.3036238755148588e-12,1.176614361497741e-12,1.1883827255587676e-12,1.1957101975212936e-12,1.2068124277675452e-12,1.2156942119645464e-12,1.2461143228392757e-12,1.2747580768746047e-12,1.2945200467129325e-12,1.2962964035523328e-12,1.3036238755148588e-12
415,2.5570126016003458e-01,2.1219045907271112e+11,1.0255701260160035e+00,-1.8468247159656618e-06,-1.5716450310369348e-06,-1.3020333728102064e-06,-1.0434366499244419e-06,-8.0134377851481651e-07,-5.8112301309487931e-07,-3.8810850729201883e-07,-2.2772797222601903e-07,-1.0514163016550625e-07,-2.5866901812715425e-08,-1.8485834398832853e-06,-1.5493280010122271e-06,-1.3429526134413127e-06,-1.0404500461894727e-06,-7.6822537592150180e-07,-5.6424360452700741e-07,-3.8137680884042101e-07,-2.5372689641861978e-07,-1.2273214637213650e-07,-4.0630778193568631e-08,ok,1,-8.301137555122295e-13,-7.726042028366464e-13,-7.750466934908218e-13,-7.818190539410352e-13,-7.881473251813986e-13,-8.075762281123389e-13,-8.056888489704761e-13,-8.002487561498128e-13,-7.995826223350377e-13,-8.15791878494565e-13,-8.301137555122295e-13
416,-7.9439415750652353e-01,1.9046398488119003e+11,9.2056058424934772e-01,-2.0574944105672123e-06,-1.7509246214865420e-06,-1.4505580111473195e-06,-1.1624628241331700e-06,-8.9275410437358230e-07,-6.4741247014847626e-07,-4.3238054891923143e-07,-2.5370519786432360e-07,-1.1713527251031928e-07,-2.8817572906759966e-08,-2.0596503471225796e-06,-1.7194916602500677e-06,-1.4096533760781491e-06,-1.2231974869197833e-06,-9.2548347201098384e-07,-6.4810613299292357e-07,-3.6778005768801434e-07,-2.9594642187790713e-07,-1.4249576583290574e-07,-5.9756821484533547e-08,ok,1,-1.3963274980710594e-12,-1.223132706229535e-12,-1.244004899092488e-12,-1.2738698984549046e-12,-1.300848317953296e-12,-1.3339329640871256e-12,-1.3432588374939769e-12,-1.3463674619629273e-12,-1.3528067555057532e-12,-1.3741230375785563e-12,-1.3963274980710594e-12
417,1.6624790653541515e+00,2.4129669186217740e+11,1.1662479065354152e+00,-1.6240528673720178e-06,-1.3820665259029588e-06,-1.1449765720839246e-06,-9.1757288527756752e-07,-7.0468228521996748e-07,-5.1102548474333078e-07,-3.4129320918756947e-07,-2.0025845608251830e-07,-9.2458999749246849e-08,-2.2746726148821499e-08,-1.6298925810844536e-06,-1.3745355613846062e-06,-1.1719745102256460e-06,-9.6693954408968924e-07,-7.2607423038369336e-07,-4.7440883163981027e-07,-2.9632708633714513e-07,-2.4494472663426157e-07,-1.4643183149112497e-07,-1.2411807879312189e-09,ok,1,-5.077938070030541e-12,-4.4259040876681865e-12,-4.4820813727142195e-12,-4.550471111031129e-12,-4.621969473816989e-12,-4.7027937100097006e-12,-4.765077221691172e-12,-4.8259174434406304e-12,-4.892641847220602e-12,-4.976685730184727e-12,-5.077938070030541e-12
418,2.1821575108961944e+00,2.5204883890044226e+11,1.2182157510896194e+00,-1.5547724243283882e-06,-1.3231089739944102e-06,-1.0961330363947904e-06,-8.7843015951169806e-07,-6.7462125586198031e-07,-4.8922565747117872e-07,-3.2673398810844947e-07,-1.9171563408495469e-07,-8.8514792885869152e-08,-2.1776373953374842e-08,-1.5866124350585330e-06,-1.3543315095047994e-06,-1.1014430115509157e-06,-8.5045166337900017e-07,-6.7578362600946491e-07,-5.1702692898160196e-07,-3.6903927139600244e-07,-1.7048900755044667e-07,-1.2681665299854591e-07,-1.2309107021037121e-08,ok,1,-4.267586284356639e-12,-3.8019587478288486e-12,-3.8514746947271306e-12,-3.912647983383977e-12,-3.97371024973836e-12,-4.0394354527961696e-12,-4.0778491694482e-12,-4.109490525650017e-12,-4.1460168631601846e-12,-4.2015280143914424e-12,-4.267586284356639e-12
419,3.3548504782194527e-01,2.1384118563943604e+11,1.0335485047821944e+00,-1.8325683293206075e-06,-1.5595128676336482e-06,-1.2919824507994502e-06,-1.0353819405670475e-06,-7.9515788190883186e-07,-5.7663708961139334e-07,-3.8511254081369711e-07,-2.2597004793899311e-07,-1.0432999941395620e-07,-2.5667224739745696e-08,-1.8666788108846300e-06,-1.5139608061537656e-06,-1.3594773576410076e-06,-1.1019725973524121e-06,-7.9807918891043149e-07,-6.0184581253050590e-07,-5.0023259817525808e-07,-1.8575381172872530e-07,-1.7836289865589789e-07,-3.1135218942836507e-08,ok,1,-2.241318242113266e-12,-1.752376022068347e-12,-1.783573289060314e-12,-1.829203455372408e-12,-1.8792745137830025e-12,-1.9402257578349236e-12,-1.9856338795420925e-12,-2.032041201971424e-12,-2.084776795641119e-12,-2.157163336846679e-12,-2.241318242113266e-12
420,1.5215482184418486e-01,2.1004808326395618e+11,1.0152154821844184e+00,-1.8656613201043325e-06,-1.5876749525774963e-06,-1.3153134025860950e-06,-1.0540791342643953e-06,-8.0951704769639867e-07,-5.8705015066178162e-07,-3.9206700224363968e-07,-2.3005067325282772e-07,-1.0621401740875434e-07,-2.6130730093508312e-08,-1.8191237585380581e-06,-1.5539415574794854e-06,-1.2488539008363892e-06,-1.0876492433378624e-06,-8.2933357887132944e-07,-6.2799718535642333e-07,-4.2207571521850088e-07,-2.7897162293286960e-07,-1.2782980410324543e-07,7.5976666587187683e-09,ok,1,-7.76601005725297e-13,-6.855627177060342e-13,-7.058797990566745e-13,-7.330802631599909e-13,-7.545075675352564e-13,-7.76601005725297e-13,-7.702727344849336e-13,-7.566169912820442e-13,-7.469580509678053e-13,-7.558398351648066e-13,-7.628342402199451e-13
421,1.4470340411951435e-01,2.0989391343123276e+11,1.0144703404119515e+00,-1.8670316728148675e-06,-1.5888411206548863e-06,-1.3162795175326000e-06,-1.0548533692143491e-06,-8.1011164858597272e-07,-5.8748134669749487e-07,-3.9235498059934130e-07,-2.3021964848979569e-07,-1.0629203299769903e-07,-2.6149923457506130e-08,-1.9651126626711093e-06,-1.5549682377556400e-06,-1.2629463816979137e-06,-1.0254544036723498e-06,-8.8093795579356976e-07,-6.2237085244643443e-07,-3.5824400286276512e-07,-2.1853202623285068e-07,-1.7556353299033506e-08,-1.6734954048281377e-08,ok,1,-1.88049575911009e-12,-1.8177681582187688e-12,-1.8334223028659835e-12,-1.8521850719821487e-12,-1.864508547555488e-12,-1.88049575911009e-12,-1.872280108727864e-12,-1.8562928971732617e-12,-1.8463008899516353e-12,-1.855959830265874e-12,-1.8639534360431753e-12
422,9.5119740457619173e-01,2.2658027430068140e+11,1.0951197404576192e+00,-1.7295353071559718e-06,-1.4718319221070866e-06,-1.2193429457072951e-06,-9.7716936059155655e-07,-7.5045148905020031e-07,-5.4421665481281649e-07,-3.6346024642526972e-07,-2.1326526821252852e-07,-9.8464223513546152e-08,-2.4224128898143815e-08,-1.7742772457268629e-06,-1.4860838489674784e-06,-1.2470091583399584e-06,-1.0149840089631606e-06,-7.3931640213464897e-07,-5.8519431225415280e-07,-3.9362355785650430e-07,-1.9396681939773240e-07,-4.2293414866634765e-08,-6.4505177932596577e-08,ok,1,5.804245972740318e-13,5.804245972740318e-13,5.753175713607561e-13,5.635492072997295e-13,5.544453784978032e-13,5.411227022023013e-13,5.540012892879531e-13,5.688782778179302e-13,5.768718835952313e-13,5.695444116327053e-13,5.653255641391297e-13
423,5.9894754255574523e-01,2.1929222465547836e+11,1.0598947542555746e+00,-1.7870154079757037e-06,-1.5207474006882171e-06,-1.2598670998909372e-06,-1.0096450164122699e-06,-7.7539230816657143e-07,-5.6230337906597442e-07,-3.7553963649161961e-07,-2.2035301546325054e-07,-1.0173662475990390e-07,-2.5029203744313017e-08,-1.7602295187028726e-06,-1.5499249922942129e-06,-1.2351978961141485e-06,-1.0071155193255329e-06,-7.1267144810869481e-07,-4.7545095438200234e-07,-3.5741357481054866e-07,-2.3716928905084632e-07,-1.2555792207034299e-07,2.5043535649160369e-08,ok,1,2.2308821456817896e-12,1.8460788453467103e-12,1.872058064122939e-12,1.901145907368118e-12,1.942224159279249e-12,1.979083563696804e-12,2.0385915178167124e-12,2.099653784171096e-12,2.1525004001432535e-12,2.185807090882008e-12,2.2308821456817896e-12
424,-8.0692649533378857e-01,1.9020469081154391e+11,9.1930735046662115e-01,-2.0602992630437835e-06,-1.7533115466881863e-06,-1.4525354654767316e-06,-1.1640475364484898e-06,-8.9397113978699552e-07,-6.4829504677219825e-07,-4.3296998607501816e-07,-2.5405105817328028e-07,-1.1729495564602447e-07,-2.8856858087956751e-08,-2.0797989542640831e-06,-1.7600203097652131e-06,-1.3758798806368281e-06,-1.1773290579452492e-06,-9.4227155446617348e-07,-6.4052925893090423e-07,-3.8475306187399685e-07,-2.6750285364181773e-07,-1.1121811995919090e-07,-9.7710784692739912e-09,ok,1,-3.820943561549939e-12,-3.550160165843863e-12,-3.58224561125553e-12,-3.6208813725124855e-12,-3.654743174763553e-12,-3.694267114440208e-12,-3.710476370599736e-12,-3.724465180710013e-12,-3.743449994431103e-12,-3.7804204211511205e-12,-3.820943561549939e-12
425,1.4601622817547369e-01,2.0992107576095056e+11,1.0146016228175474e+00,-1.8667900918855389e-06,-1.5886355356506346e-06,-1.3161092001064982e-06,-1.0547168785158823e-06,-8.1000682576608461e-07,-5.8740533069218277e-07,-3.9230421259035747e-07,-2.3018985966651201e-07,-1.0627827954699339e-07,-2.6146539839063391e-08,-1.8645167970862982e-06,-1.5601893933389145e-06,-1.3067660418702784e-06,-1.0113748130331744e-06,-8.4879911964230573e-07,-5.2022801878747648e-07,-4.2968817872830607e-07,-2.3897028697332170e-07,-1.1666513615305626e-07,-8.7414593139028175e-08,ok,1,1.7037482535897652e-12,1.5569767697343195e-12,1.5716317136593716e-12,1.5785150964120476e-12,1.5907275496829243e-12,1.6007195569045507e-12,1.6302514893595799e-12,1.6568968419505836e-12,1.680877659282487e-12,1.6897594434794883e-12,1.7037482535897652e-12
426,-1.0401443052927131e+00,1.8537941432349377e+11,8.9598556947072872e-01,-2.1139271894762295e-06,-1.7989488307107008e-06,-1.4903437909371430e-06,-1.1943467540272869e-06,-9.1724048680713345e-07,-6.6516964343800020e-07,-4.4423984525378169e-07,-2.6066380210914309e-07,-1.2034804864328465e-07,-2.9607978806371282e-08,-2.1194896007301464e-06,-1.7319030075155147e-06,-1.4805096493714674e-06,-1.2189794415846414e-06,-9.6530529284954337e-07,-6.5781489019944374e-07,-4.6275365675216543e-07,-2.8538070006294797e-07,-1.4004421025364108e-07,-5.1342582734317205e-08,ok,1,-1.067923527386938e-12,-6.971090371621358e-13,-7.416289804496046e-13,-8.003597784522753e-13,-8.548717289613705e-13,-9.083844787483031e-13,-9.346967644319193e-13,-9.530154443382344e-13,-9.768852393676752e-13,-1.0190737143034312e-12,-1.067923527386938e-12
427,-6.6704030251701152e-01,1.9309893614092303e+11,9.3329596974829887e-01,-2.0294186604014300e-06,-1.7270322006957991e-06,-1.4307642736223924e-06,-1.1466003189134514e-06,-8.8057193704183881e-07,-6.3857813714977778e-07,-4.2648045596854925e-07,-2.5024323766928095e-07,-1.1553689118317459e-07,-2.8424339771764828e-08,-2.0596936808989839e-06,-1.7347231641781383e-06,-1.4573121150551376e-06,-1.0764347245028696e-06,-8.7552323351222499e-07,-6.3693263158138858e-07,-4.8368519274979715e-07,-2.7051551592647172e-07,-1.1199085045150609e-07,4.2449674365210459e-08,ok,1,4.776179451937423e-13,4.2721381987576024e-13,4.3454129183828627e-13,4.3565151486291143e-13,4.3787196091216174e-13,4.338751580235112e-13,4.509725926027386e-13,4.687361609967411e-13,4.776179451937423e-13,4.669598041573408e-13,4.60964599824365e-13
428,-3.7763369941120367e-01,1.9908675875918219e+11,9.6223663005887961e-01,-1.9683809548624623e-06,-1.6750892058966379e-06,-1.3877319658323141e-06,-1.1121146536327281e-06,-8.5408746065058847e-07,-6.1937197478427239e-07,-4.1365343855825160e-07,-2.4271680985418615e-07,-1.1206195184187417e-07,-2.7569436584462399e-08,-2.0314094562612772e-06,-1.7128428438388483e-06,-1.4114366516940734e-06,-1.1017698236219569e-06,-8.7054732177269066e-07,-5.9547165081434809e-07,-3.7392288831373878e-07,-3.1511086853282099e-07,-1.3573983106038095e-07,-3.7454424989366678e-09,ok,1,-2.9056757000489597e-12,-2.58792987040124e-12,-2.6296742561271458e-12,-2.680300426050053e-12,-2.724487302430134e-12,-2.769673379532378e-12,-2.7913227285125686e-12,-2.8074209623696333e-12,-2.8264057760907235e-12,-2.8637092697181288e-12,-2.9056757000489597e-12
429,-2.9697819197739661e-01,2.0075552120798767e+11,9.7030218080226038e-01,-1.9520189629156122e-06,-1.6611651755765159e-06,-1.3761965670604879e-06,-1.1028702993010046e-06,-8.4698793445450238e-07,-6.1422350022788034e-07,-4.1021498107182970e-07,-2.4069924791917411e-07,-1.1113044681535883e-07,-2.7340268090299328e-08,-1.9918886095302223e-06,-1.6853752098202692e-06,-1.3787894606529691e-06,-1.0741531398356501e-06,-8.5440179460028068e-07,-6.3809473917698516e-07,-3.7972699627282183e-07,-2.3570877403288374e-07,-1.6484536831402092e-07,-7.8282882324053056e-08,ok,1,2.8954616482224083e-13,2.8954616482224083e-13,2.724487302430134e-13,2.4424906541753444e-13,2.2093438190040615e-13,1.9628743075372768e-13,1.9251267247000214e-13,1.936228954946273e-13,1.907363156306019e-13,1.6719958750854857e-13,1.4011014570769476e-13
430,-3.9774110160804194e-01,1.9867073660772961e+11,9.6022588983919577e-01,-1.9725028003620424e-06,-1.6785968901626573e-06,-1.3906379158945552e-06,-1.1144434532327895e-06,-8.5587594399655206e-07,-6.2066895725142838e-07,-4.1451964058085094e-07,-2.4322506573222550e-07,-1.1229661274469150e-07,-2.7627167765946490e-08,-1.9546906381339924e-06,-1.7440711425642037e-06,-1.3675224026720190e-06,-1.1395146951787942e-06,-8.7087576566540268e-07,-7.0796082211634232e-07,-4.5335094034439861e-07,-1.7725438799802791e-07,-1.0414592177049391e-07,-4.6534735715749429e-08,ok,1,2.282396494024397e-12,2.170263968537256e-12,2.184030734042608e-12,2.1900259383755838e-12,2.197575454943035e-12,2.19824158875781e-12,2.220446049250313e-12,2.2459811788166917e-12,2.2652990594451694e-12,2.269517906938745e-12,2.282396494024397e-12
431,1.8098464166503758e-01,2.1064457223604962e+11,1.0180984641665036e+00,-1.8603782672799027e-06,-1.5831790826401067e-06,-1.3115887875600325e-06,-1.0510942646702878e-06,-8.0722471238398073e-07,-5.8538778197623054e-07,-3.9095677357505442e-07,-2.2939923140434583e-07,-1.0591324777893123e-07,-2.6056734869442032e-08,-1.8871968744313403e-06,-1.5700913865918032e-06,-1.3268717712747673e-06,-9.9857371812824800e-07,-7.8311840878284281e-07,-5.7422297113707221e-07,-3.9042302466099993e-07,-1.6999252049450992e-07,-9.1624995441479061e-08,-3.0791399305713605e-08,ok,1,1.5283330156989905e-12,1.3586909375362666e-12,1.3664624987086427e-12,1.3675727217332678e-12,1.3742340598810188e-12,1.3797851750041445e-12,1.411537553508424e-12,1.4499512701604544e-12,1.4850343177386094e-12,1.5023537969227618e-12,1.5283330156989905e-12
432,-5.5220366532808807e-01,1.9547490616436185e+11,9.4477963346719118e-01,-2.0047513616846312e-06,-1.7060403669163460e-06,-1.4133735348756923e-06,-1.1326635531158260e-06,-8.6986870885319714e-07,-6.3081630960261856e-07,-4.2129664593985982e-07,-2.4720156627054302e-07,-1.1413255650191153e-07,-2.8078845915000456e-08,-1.9508043832794060e-06,-1.6906794296079827e-06,-1.4198207435556429e-06,-1.1283401013639158e-06,-8.8010276791792762e-07,-6.3257581675252359e-07,-3.7603197753253765e-07,-3.0125776310927490e-07,-6.6234622143926928e-08,-5.6032830634621610e-08,ok,1,8.93507490218326e-13,7.505107646466058e-13,7.651657085716579e-13,7.753797603982093e-13,7.911449273478866e-13,8.006928453596629e-13,8.271161533457416e-13,8.555378627761456e-13,8.784084570834239e-13,8.830713937868495e-13,8.93507490218326e-13
433,-7.9243255159879400e-01,1.9050457050742096e+11,9.2075674484012060e-01,-2.0570560762065347e-06,-1.7505515996107134e-06,-1.4502489802138003e-06,-1.1622151698036269e-06,-8.9256390954363590e-07,-6.4727454358610838e-07,-4.3228843335845312e-07,-2.5365114779979024e-07,-1.1711031768443773e-07,-2.8811433530475130e-08,-1.9854010370402573e-06,-1.7466179973039085e-06,-1.5317699904948052e-06,-1.2153718445211616e-06,-9.2892262717930685e-07,-6.6707160002152187e-07,-4.5078650526095169e-07,-2.2500205159223428e-07,-8.9631118956342756e-08,-2.6799061102771844e-08,ok,1,-1.3072876114961218e-12,-1.22335475083446e-12,-1.2392309400865997e-12,-1.262767668208653e-12,-1.284305994886381e-12,-1.3072876114961218e-12,-1.3009593402557584e-12,-1.2878587085651816e-12,-1.279532035880493e-12,-1.2886358646824192e-12,-1.2961853812498703e-12
434,4.2973634457261817e-01,2.1579124496920746e+11,1.0429736344572618e+00,-1.8160078012571146e-06,-1.5454198833794730e-06,-1.2803070817058904e-06,-1.0260254154057042e-06,-7.8797221018923405e-07,-5.7142614355708384e-07,-3.8163236114581174e-07,-2.2392800494365165e-07,-1.0338719152215833e-07,-2.5435275519185378e-08,-1.8509875169881418e-06,-1.5457685831010021e-06,-1.2557490618311963e-06,-1.0220655084369067e-06,-7.7565602364079056e-07,-5.5579645359952472e-07,-3.5623826118806509e-07,-2.3761168094202568e-07,-6.1168269710455322e-08,1.2728651339117752e-08,ok,1,-2.4720225866303736e-12,-2.092548356813495e-12,-2.120303932429124e-12,-2.1616042289451798e-12,-2.206013149930186e-12,-2.2601920335318937e-12,-2.2928325904558733e-12,-2.320588166071502e-12,-2.3548940575324195e-12,-2.409072941134127e-12,-2.4720225866303736e-12
435,-3.2070301459391209e-01,2.0026465462805197e+11,9.6792969854060884e-01,-1.9568035359801589e-06,-1.6652368399946806e-06,-1.3795697479319263e-06,-1.1055735330441741e-06,-8.4906397763558963e-07,-6.1572901696247136e-07,-4.1122045467965749e-07,-2.4128922330372971e-07,-1.1140283747990420e-07,-2.7407281532676848e-08,-1.9858942937027484e-06,-1.6244747212388181e-06,-1.3986751947604654e-06,-1.0517507706829395e-06,-8.1798654039654888e-07,-5.9737065221388624e-07,-4.2992350644195182e-07,-2.3819402351688293e-07,-1.4695557824845529e-07,-4.8606058236237188e-08,ok,1,3.5416114485542494e-13,3.3573144264664734e-13,3.3706371027619753e-13,3.3217872896784684e-13,3.3018032752352156e-13,3.1907809727727e-13,3.275157922644212e-13,3.4083846855992306e-13,3.5416114485542494e-13,3.510525203864745e-13,3.5149660959632456e-13
436,1.3047603925289369e-01,2.0959954925214236e+11,1.0130476039252894e+00,-1.8696537550145687e-06,-1.5910725086282690e-06,-1.3181281166447734e-06,-1.0563348182347245e-06,-8.1124937932960533e-07,-5.8830641271229194e-07,-3.9290600875035098e-07,-2.3054297179013338e-07,-1.0644131083359745e-07,-2.6186648731004735e-08,-1.8586214684856745e-06,-1.5902878072392330e-06,-1.3023849605879598e-06,-1.0503702554083990e-06,-7.9845873827318358e-07,-5.2101694656428703e-07,-3.4186713780259677e-07,-2.5903885458092383e-07,-9.8390665102055029e-08,-5.8112207575394544e-08,ok,1,1.8964829706646924e-12,1.8964829706646924e-12,1.887823231072616e-12,1.8667289936047382e-12,1.844524533112235e-12,1.8136603330276557e-12,1.8030021919912542e-12,1.7952306308188781e-12,1.7819079545233762e-12,1.7490453529944716e-12,1.7112977701572163e-12
437,-1.4438331390312047e+00,1.7702709235344437e+11,8.5561668609687946e-01,-2.2136644685125984e-06,-1.8838251038359514e-06,-1.5606597579567544e-06,-1.2506972736033283e-06,-9.6051684506197609e-07,-6.9655303765545710e-07,-4.6519954226978745e-07,-2.7296219085931872e-07,-1.2602619449846050e-07,-3.1004913979270349e-08,-2.2119240582391697e-06,-1.9740655322640225e-06,-1.6035122449464341e-06,-1.2176877516638832e-06,-1.0017513127892711e-06,-7.3210867344170922e-07,-4.4543120303566602e-07,-3.0393577762390704e-07,-1.0489018163178691e-07,-4.6138200207767987e-08,ok,1,-2.6409985309783224e-12,-2.4695800959761982e-12,-2.480127214710137e-12,-2.496225448567202e-12,-2.511768570911954e-12,-2.538858012712808e-12,-2.5471846853974967e-12,-2.55395704584771e-12,-2.5682789228653746e-12,-2.6031399258386045e-12,-2.6409985309783224e-12
438,-2.3690527642613832e-01,2.0199842983074319e+11,9.7630947235738619e-01,-1.9400080715244432e-06,-1.6509439252271422e-06,-1.3677287458897107e-06,-1.0960842712781247e-06,-8.4177636618404624e-07,-6.1044414567682862e-07,-4.0769090334596114e-07,-2.3921821080853155e-07,-1.1044665441767045e-07,-2.7172041758031956e-08,-2.0086725077092989e-06,-1.6442350154263355e-06,-1.3791148898398103e-06,-1.1314527371356247e-06,-8.1296019837505372e-07,-5.4352412834152033e-07,-3.6819726033777322e-07,-3.3596208712920307e-07,-1.4259485343623625e-07,-7.4638030996274011e-08,ok,1,-2.8318458689113868e-12,-2.501221452178015e-12,-2.5318636076576695e-12,-2.573496971081113e-12,-2.6106894424060556e-12,-2.6528779173418116e-12,-2.6767477123712524e-12,-2.7028379534499436e-12,-2.734368287349298e-12,-2.780664587476167e-12,-2.8318458689113868e-12
439,-1.2370047572918756e+00,1.8130637157163110e+11,8.7629952427081248e-01,-2.1614165068312232e-06,-1.8393621677227529e-06,-1.5238243240456645e-06,-1.2211777216768704e-06,-9.3784626962983037e-07,-6.8011266155605038e-07,-4.5421968140819853e-07,-2.6651960740044355e-07,-1.2305166431351861e-07,-3.0273121252531000e-08,-2.2007685253919139e-06,-1.7664265876494135e-06,-1.5221719937745851e-06,-1.1880734894411866e-06,-9.4283456443099600e-07,-6.5730511219776743e-07,-4.3192575595069155e-07,-3.3762903134700962e-07,-1.5204685165188299e-07,-7.0033285958547724e-08,ok,1,2.0117241206207837e-12,1.8189894035458565e-12,1.8332002582610585e-12,1.8411938640383596e-12,1.8560708525683367e-12,1.864286502950563e-12,1.892486167776042e-12,1.9271251261443467e-12,1.9624302183274267e-12,1.9828583219805296e-12,2.0117241206207837e-12
440,-4.3829404756426976e-01,1.9783169615589526e+11,9.5617059524357306e-01,-1.9808685459479718e-06,-1.6857161269625196e-06,-1.3965358659526873e-06,-1.1191700119973021e-06,-8.5950587060485384e-07,-6.2330132795728008e-07,-4.1627769428418391e-07,-2.4425662777581186e-07,-1.1277288324329039e-07,-2.7744339643572800e-08,-1.9055240809157188e-06,-1.6912355975575915e-06,-1.3182065995037276e-06,-1.1207815204828283e-06,-8.9976829478049483e-07,-5.8114089133115381e-07,-4.2896985280098437e-07,-1.3158551274905567e-07,-1.0804578796710550e-07,2.3755433638777608e-08,ok,1,-3.66784380645413e-12,-2.9004576518332215e-12,-2.9664048994959558e-12,-3.0477842472009797e-12,-3.1330493754921918e-12,-3.231526157776443e-12,-3.3107960817346793e-12,-3.384181823662402e-12,-3.4602321008492254e-12,-3.5547120802448262e-12,-3.66784380645413e-12
441,-7.7231212307961386e-02,2.0530208621734827e+11,9.9227687876920379e-01,-1.9087900738267924e-06,-1.6243774565545957e-06,-1.3457196865116493e-06,-1.0784464290653455e-06,-8.2823076653059316e-07,-6.0062107111653226e-07,-4.0113046998038955e-07,-2.3536878684798121e-07,-1.0866938170736765e-07,-2.6734797836481715e-08,-1.8862511737326391e-06,-1.6681617513678194e-06,-1.2961143669898313e-06,-1.0441943075824248e-06,-8.0371011434139343e-07,-6.0376554563920791e-07,-3.7086645884109864e-07,-1.6427761923155830e-07,-6.6730583461157877e-08,-4.7482789655035266e-08,ok,1,-8.455458555545192e-13,-7.12430114901963e-13,-7.271960811294775e-13,-7.478462293875054e-13,-7.618350394977824e-13,-7.814859870336477e-13,-7.829292769656604e-13,-7.852607453173732e-13,-7.930323064897493e-13,-8.185674360561279e-13,-8.455458555545192e-13
442,1.5538289794012108e+00,2.3904872158381104e+11,1.1553828979401211e+00,-1.6393251623028686e-06,-1.3950632257160498e-06,-1.1557437215095381e-06,-9.2620157219191512e-07,-7.1130898802568126e-07,-5.1583107455962743e-07,-3.4450266785338356e-07,-2.0214164982907422e-07,-9.3328467204198786e-08,-2.2960632184437740e-08,-1.6402435304955781e-06,-1.3492133905233876e-06,-1.1792678866699961e-06,-9.3089820273241827e-07,-7.4420053582229412e-07,-5.4679089435275005e-07,-3.5304688828748996e-07,-2.4512439905409331e-07,-5.6532751936174798e-08,7.1023086373287805e-09,ok,1,2.2888357875672227e-12,2.0119461652257087e-12,2.034150625718212e-12,2.0525803279269894e-12,2.0758950114441177e-12,2.0954349366775205e-12,2.1371793224034263e-12,2.1807000649687325e-12,2.2217783168798633e-12,2.248867758680717e-12,2.2888357875672227e-12
443,1.7726451208589783e-01,2.1056760275505722e+11,1.0177264512085897e+00,-1.8610582975796978e-06,-1.5837577873933933e-06,-1.3120682170029984e-06,-1.0514784746777120e-06,-8.0751977993705599e-07,-5.8560176073303616e-07,-3.9109968131406760e-07,-2.2948308447380125e-07,-1.0595196260315775e-07,-2.6066259475017231e-08,-1.9097945184381364e-06,-1.5814416682542172e-06,-1.3437401528888549e-06,-1.0507617729652593e-06,-7.4293516414187674e-07,-5.9244834764876633e-07,-3.9589039262799057e-07,-2.7898466829496225e-07,-1.7189979292858479e-07,-5.4518785826307839e-08,ok,1,2.2639667918156192e-12,2.2430945989526663e-12,2.247313446446242e-12,2.241984375928041e-12,2.241762331323116e-12,2.235100993175365e-12,2.247313446446242e-12,2.2588597659023435e-12,2.2639667918156192e-12,2.2508661601250424e-12,2.2388757514590907e-12
444,9.4881864476854905e-01,2.2653105776026129e+11,1.0948818644768550e+00,-1.7299110690720033e-06,-1.4721516949274606e-06,-1.2196078623237073e-06,-9.7738166214425959e-07,-7.5061453347501031e-07,-5.4433489229084323e-07,-3.6353921244462256e-07,-2.1331160260387132e-07,-9.8485616025806866e-08,-2.4229391875455625e-08,-1.7721540449640538e-06,-1.5047549197685893e-06,-1.2126534573467868e-06,-9.6757095054841501e-07,-7.7469375103004072e-07,-5.5886741019344750e-07,-3.1443561787748520e-07,-1.2007956848886101e-07,-4.8920942287682128e-08,-5.8732813292512317e-08,ok,1,4.580780199603396e-13,4.580780199603396e-13,4.4431125445498765e-13,4.214406601477094e-13,3.9679370900103095e-13,3.643751966819764e-13,3.5438318946034997e-13,3.481659405224491e-13,3.361755318564974e-13,3.042011087472929e-13,2.6556534749033744e-13
445,-7.9692021307346994e-01,1.9041172079150992e+11,9.2030797869265302e-01,-2.0580591503483009e-06,-1.7514052141834380e-06,-1.4509561594046347e-06,-1.1627818962034976e-06,-8.9299914696294691e-07,-6.4759017151926421e-07,-4.3249922846250783e-07,-2.5377483470874930e-07,-1.1716742372684665e-07,-2.8825482736196955e-08,-2.0035086122987539e-06,-1.7293568477131198e-06,-1.4496847253480706e-06,-1.1736382575896936e-06,-8.7148721185025339e-07,-7.5731532176925333e-07,-4.6822730802147867e-07,-3.0982117978890885e-07,-1.3807985900954007e-07,-4.9748411060535928e-08,ok,1,2.156719247636829e-12,1.6509016376176078e-12,1.680655614677562e-12,1.7108536809473662e-12,1.7579271371914729e-12,1.8114398869784054e-12,1.8915979893563417e-12,1.972866314758903e-12,2.043032409915213e-12,2.092104267603645e-12,2.156719247636829e-12
446,1.2123014860561816e+00,2.3198251774650238e+11,1.1212301486056180e+00,-1.6892591222612953e-06,-1.4375569498741427e-06,-1.1909477567058759e-06,-9.5441373734538667e-07,-7.3297550992308910e-07,-5.3154332543855771e-07,-3.5499624339143798e-07,-2.0829889872668948e-07,-9.6171258891583986e-08,-2.3660014658684371e-08,-1.6669621018464685e-06,-1.4513205868289438e-06,-1.2267156878183396e-06,-9.5616961347768364e-07,-7.0038288308881856e-07,-4.9871309596396876e-07,-3.5430159434955414e-07,-2.0212572411812022e-07,-5.4153533078749900e-08,-2.2736878671182192e-08,ok,1,1.3680168109431179e-12,1.3680168109431179e-12,1.3646861418692424e-12,1.3533618670180658e-12,1.3467005288703149e-12,1.3378187446733136e-12,1.347588707290015e-12,1.3586909375362666e-12,1.3640200080544673e-12,1.3522516439934407e-12,1.3422596367718143e-12
447,1.2987746774032130e+00,2.3377164807547247e+11,1.1298774677403214e+00,-1.6763306736914590e-06,-1.4265548597579880e-06,-1.1818330468197391e-06,-9.4710929911267715e-07,-7.2736581034645244e-07,-5.2747525177537252e-07,-3.5227934187249007e-07,-2.0670471961949913e-07,-9.5435229020209932e-08,-2.3478936884028568e-08,-1.7082906240883384e-06,-1.4600916699133958e-06,-1.1889766975318575e-06,-9.5538908032544634e-07,-7.6280168648763687e-07,-5.0810144960938358e-07,-3.3587129314402825e-07,-2.1034830646671584e-07,-6.6586829225769261e-08,-1.5759141073108146e-08,ok,1,1.1080025785759062e-12,1.106448266341431e-12,1.1046719095020308e-12,1.0977885267493548e-12,1.0957901253050295e-12,1.085576073478478e-12,1.092681500836079e-12,1.1022294188478554e-12,1.1080025785759062e-12,1.0960121699099545e-12,1.0880185641326534e-12
448,8.9364006472131763e-01,2.2538941293908405e+11,1.0893640064721317e+00,-1.7386734327833614e-06,-1.4796084531503891e-06,-1.2257854328739845e-06,-9.8233230600198268e-07,-7.5441655409151635e-07,-5.4709206310286191e-07,-3.6538061508070669e-07,-2.1439207077318077e-07,-9.8984466402213414e-08,-2.4352118845595397e-08,-1.8409989715651277e-06,-1.4222738310254478e-06,-1.1884887537384193e-06,-1.0258570529275308e-06,-7.4804386027309511e-07,-5.1307072065483746e-07,-4.3719838589270548e-07,-1.8522083194435363e-07,-3.4461506374499434e-08,7.2709180096157758e-10,ok,1,-3.341771304121721e-13,-1.582067810090848e-13,-1.7552626019323725e-13,-2.0172752357439094e-13,-2.2593038551121936e-13,-2.561284517810236e-13,-2.637889906509372e-13,-2.6845192735436285e-13,-2.7833291227352674e-13,-3.0542235407438056e-13,-3.341771304121721e-13
449,3.1553498760209564e-01,2.1342841889348737e+11,1.0315534987602095e+00,-1.8361124837054113e-06,-1.5625289376374489e-06,-1.2944811217602202e-06,-1.0373843507287480e-06,-7.9669570303601638e-07,-5.7775229543317038e-07,-3.8585734158232555e-07,-2.2640706997166779e-07,-1.0453177176754691e-07,-2.5716864693499015e-08,-1.8934194992802130e-06,-1.6172843317929941e-06,-1.2417260399156634e-06,-1.0056243621058351e-06,-8.0378015298275212e-07,-5.8727016688001001e-07,-4.1518965012283746e-07,-3.3134646232909214e-07,-9.9952643169126417e-08,-5.8573766298503857e-09,ok,1,-3.9035441545820504e-13,-1.170175067954915e-13,-1.4921397450962104e-13,-1.8984813721090177e-13,-2.2581936320875684e-13,-2.639000129533997e-13,-2.787770014833768e-13,-2.916555885690286e-13,-3.106404022901188e-13,-3.480549182199866e-13,-3.9035441545820504e-13
450,-5.1659374695682125e-01,1.9621167537546338e+11,9.4834062530431795e-01,-1.9972235778431942e-06,-1.6996342342893885e-06,-1.4080663578056058e-06,-1.1284104339728937e-06,-8.6660237681016990e-07,-6.2844761245973561e-07,-4.1971468912237832e-07,-2.4627333148200082e-07,-1.1370399202697864e-07,-2.7973410654236592e-08,-2.0311133279579537e-06,-1.7168601852444473e-06,-1.3685666685007643e-06,-1.1586404966245286e-06,-8.5041214269582903e-07,-5.8424740143272452e-07,-3.9313400873352069e-07,-2.9413544522413922e-07,-5.4949000340075183e-08,1.6270171540689772e-08,ok,1,2.666755705149626e-13,2.666755705149626e-13,2.48245868306185e-13,2.1893598045608087e-13,1.8784973576657649e-13,1.4632739464559563e-13,1.27675647831893e-13,1.1657341758564144e-13,1.0369483049998962e-13,7.283063041541027e-14,3.885780586188048e-14
451,-3.0868918776291965e-01,2.0051322070518518e+11,9.6913108122370795e-01,-1.9543777858110744e-06,-1.6631725302813921e-06,-1.3778595652344595e-06,-1.1042030095676190e-06,-8.4801143605447666e-07,-6.1496572890626672e-07,-4.1071068552327244e-07,-2.4099010928249244e-07,-1.1126473702833304e-07,-2.7373306114798363e-08,-1.9517934945662009e-06,-1.6698876685861339e-06,-1.4261602266414664e-06,-1.1187390689243027e-06,-8.2304108110566349e-07,-5.7292901543588036e-07,-4.2678503328049502e-07,-1.7500337359687524e-07,-1.9798883519639983e-07,-4.1751378100917010e-08,ok,1,-1.1345369088644475e-12,-6.092903959142859e-13,-6.504796701278792e-13,-7.110978472724128e-13,-7.764899834228345e-13,-8.519851490973451e-13,-9.048317650695026e-13,-9.49684775264359e-13,-9.95981075391228e-13,-1.0602629885170245e-12,-1.1345369088644475e-12
452,2.0724754938277630e+00,2.4977951796729642e+11,1.2072475493827763e+00,-1.5688979925052164e-06,-1.3351298110796994e-06,-1.1060917298306995e-06,-8.8641095780257265e-07,-6.8075038987163051e-07,-4.9367041753401380e-07,-3.2970246320646384e-07,-1.9345742742875468e-07,-8.9318976007460229e-08,-2.1974218763397872e-08,-1.5615639597673962e-06,-1.3412405499131106e-06,-1.0583713908710216e-06,-8.6965330278656869e-07,-6.8164524411752389e-07,-4.7667702652813221e-07,-3.2172925537580640e-07,-1.7814910603803260e-07,-1.0335911613530790e-07,-4.5918317565621669e-08,ok,1,-7.186473638398638e-13,-1.8851586958135158e-13,-2.2815083156046967e-13,-2.857714065385153e-13,-3.4983127505938683e-13,-4.2454928461665986e-13,-4.782840790085174e-13,-5.24691401437849e-13,-5.722089468918057e-13,-6.388223283693151e-13,-7.186473638398638e-13
453,3.9984042959989158e-01,2.1517269848842175e+11,1.0399840429599891e+00,-1.8212281904730082e-06,-1.5498624266811071e-06,-1.2839875181432737e-06,-1.0289748807164064e-06,-7.9023735554027780e-07,-5.7306879447270680e-07,-3.8272942111505238e-07,-2.2457171987778680e-07,-1.0368439364834543e-07,-2.5508393067435776e-08,-1.8939874677205497e-06,-1.4680477678810601e-06,-1.3214979325599810e-06,-1.1027111009371891e-06,-7.6230406903007955e-07,-6.0184186043469595e-07,-4.0945540049190512e-07,-1.9199499123238880e-07,-8.0271026570932201e-08,-3.5170057496456603e-08,ok,1,-1.8000045898247663e-12,-1.5906165273804618e-12,-1.6295853555448048e-12,-1.6814327707947996e-12,-1.7277290709216686e-12,-1.7715828803943623e-12,-1.7827961329430764e-12,-1.7809087538012136e-12,-1.7775780847273381e-12,-1.7894574710908273e-12,-1.8000045898247663e-12
454,1.2145439711767891e+00,2.3202891476364777e+11,1.1214543971176789e+00,-1.6889213342454885e-06,-1.4372694927851632e-06,-1.1907096121402759e-06,-9.5422289064899149e-07,-7.3282894250774517e-07,-5.3143703685139347e-07,-3.5492525755197168e-07,-2.0825724681497180e-07,-9.6152028272455951e-08,-2.3655283549454196e-08,-1.6476820083732862e-06,-1.4100517483814405e-06,-1.1968872251020457e-06,-9.2024403466463908e-07,-7.5367086643484815e-07,-5.5317532228170188e-07,-3.5513633654101263e-07,-2.6790460977957238e-07,-5.2684850938951563e-08,1.3568114387062726e-08,ok,1,-4.94815299845186e-12,-4.4226844408967736e-12,-4.471201187072893e-12,-4.531486297310039e-12,-4.594102875898898e-12,-4.6661563501970704e-12,-4.715006163280577e-12,-4.7583048612409584e-12,-4.804934228275215e-12,-4.870104319820712e-12,-4.94815299845186e-12
455,2.1643445870671771e-01,2.1137802895064200e+11,1.0216434458706718e+00,-1.8539229751307613e-06,-1.5776856388160654e-06,-1.3070377298789156e-06,-1.0474470921173273e-06,-8.0442373828107148e-07,-5.8335655573610917e-07,-3.8960019989571069e-07,-2.2860324325317633e-07,-1.0554574135893153e-07,-2.5966321086939967e-08,-1.8384490206350913e-06,-1.5041044613457219e-06,-1.2918045784774273e-06,-1.0474623654294481e-06,-7.6475111855062954e-07,-5.9218940657818165e-07,-3.8182113081511080e-07,-2.7145794971685292e-07,-1.2352724928787036e-07,-1.7277600654697168e-08,ok,1,4.277245224670878e-12,3.992361996552063e-12,4.028333222549918e-12,4.063416270128073e-12,4.103606343619504e-12,4.133360320679458e-12,4.177991286269389e-12,4.21862544897067e-12,4.249267604450324e-12,4.2588155224621005e-12,4.277245224670878e-12
456,2.0245835295568972e-02,2.0731888633226532e+11,1.0020245835295569e+00,-1.8902213456772517e-06,-1.6085754970743203e-06,-1.3326285124915837e-06,-1.0679552918577279e-06,-8.2017372968847885e-07,-5.9477822357490127e-07,-3.9722826892035035e-07,-2.3307911703162174e-07,-1.0761224491965112e-07,-2.6474721466661868e-08,-1.9367846830565664e-06,-1.5946339185532503e-06,-1.3673302302953917e-06,-1.0290469049741342e-06,-7.8981827586816679e-07,-5.4916295364145047e-07,-4.2480229395000552e-07,-2.4061841864669989e-07,-1.6938577842334542e-07,-2.8435401440989197e-08,ok,1,-1.5407675135747922e-12,-1.5365486660812167e-12,-1.5376588891058418e-12,-1.5407675135747922e-12,-1.535993554568904e-12,-1.5367707106861417e-12,-1.5185630530822891e-12,-1.4982459717316488e-12,-1.4832579608992091e-12,-1.485367384645997e-12,-1.4811485371524213e-12
457,9.5961907903259391e-01,2.2675451874518436e+11,1.0959619079032594e+00,-1.7282062843770272e-06,-1.4707009257387142e-06,-1.2184059688536441e-06,-9.7641847662060302e-07,-7.4987482136405968e-07,-5.4379846367896130e-07,-3.6318095351641112e-07,-2.1310138928022129e-07,-9.8388560880076325e-08,-2.4205514407309976e-08,-1.7149482178868043e-06,-1.4499518610517241e-06,-1.2022207165418606e-06,-9.6840291587362385e-07,-6.9772975889298201e-07,-6.1052296708767861e-07,-3.6497255524318345e-07,-1.8607799852253777e-07,-1.3505708796371043e-07,-4.9111045817341385e-09,ok,1,-4.406364162434784e-12,-4.00590671745249e-12,-4.0532022183015215e-12,-4.111599949396805e-12,-4.16744416753545e-12,-4.2267300770504335e-12,-4.261035968511351e-12,-4.286904164985117e-12,-4.313882584483508e-12,-4.356959237838964e-12,-4.406364162434784e-12
458,1.5201144134278572e-02,2.0721451167213821e+11,1.0015201144134278e+00,-1.8911734566514311e-06,-1.6093857420686369e-06,-1.3332997620433890e-06,-1.0684932246005997e-06,-8.2058685400873364e-07,-5.9507781540576110e-07,-3.9742835416158873e-07,-2.3319651978214241e-07,-1.0766644957643596e-07,-2.6488056874649289e-08,-1.8764700841992588e-06,-1.6280931772425520e-06,-1.3179878941879664e-06,-1.1116364014151911e-06,-8.1494330066697161e-07,-6.1078307769679414e-07,-3.7665806797511885e-07,-1.6240720061211502e-07,-1.2516356216588560e-07,5.5193845366556318e-09,ok,1,-1.659783421814609e-12,-1.4033219031261979e-12,-1.4290790772975015e-12,-1.4666046155298318e-12,-1.499578239361199e-12,-1.5364376437787541e-12,-1.5514256546111937e-12,-1.5643042416968456e-12,-1.5825118993006981e-12,-1.6188161922059408e-12,-1.659783421814609e-12
459,1.0852594214612361e+00,2.2935401743003296e+11,1.1085259421461235e+00,-1.7086187924620347e-06,-1.4540319998398458e-06,-1.2045965542717363e-06,-9.6535174854002923e-07,-7.4137573931964545e-07,-5.3763505129765991e-07,-3.5906466019258057e-07,-2.1068609790136883e-07,-9.7273424823603000e-08,-2.3931169080581244e-08,-1.6980075179618330e-06,-1.4090302346346856e-06,-1.1683677265579075e-06,-9.5658575741776192e-07,-8.0651458943569332e-07,-5.2178665827131452e-07,-3.9377972628425016e-07,-2.0513425884654198e-07,-1.2585761686639562e-07,3.1949179036059269e-08,ok,1,-8.54316617449058e-13,-6.800116025829084e-13,-7.115419364822628e-13,-7.480682739924305e-13,-7.721601136267964e-13,-7.975842208907125e-13,-8.009148899645879e-13,-8.020251129892131e-13,-8.081313396246514e-13,-8.311129562343922e-13,-8.54316617449058e-13
460,-6.3451196440638358e-01,1.9377194745643192e+11,9.3654880355936165e-01,-2.0223700564146693e-06,-1.7210338493982177e-06,-1.4257949240447508e-06,-1.1426179313773136e-06,-8.7751352283346739e-07,-6.3636021903812354e-07,-4.2499919835493260e-07,-2.4937408951522232e-07,-1.1513560691019684e-07,-2.8325615975381406e-08,-2.0207000672650361e-06,-1.6916576155925217e-06,-1.4419413827792437e-06,-1.1276348435565492e-06,-9.1012124733029200e-07,-6.0644349428535327e-07,-4.6127583241396483e-07,-2.2108920570849971e-07,-1.3650434046042112e-07,-4.8619107843652503e-08,ok,1,3.5142999621484705e-12,2.956745959181717e-12,3.0022651031913483e-12,3.050226737855155e-12,3.1081803797405883e-12,3.163691530971846e-12,3.2429614549300823e-12,3.3228975127030935e-12,3.3937297416741785e-12,3.445910223831561e-12,3.5142999621484705e-12
461,-3.7703773791807643e-01,1.9909908920247501e+11,9.6229622620819244e-01,-1.9682590507000615e-06,-1.6749854656394910e-06,-1.3876460219492324e-06,-1.1120457790560467e-06,-8.5403456600337503e-07,-6.1933361634489457e-07,-4.1362782051128694e-07,-2.4270177811492941e-07,-1.1205501171258954e-07,-2.7567729176631703e-08,-1.9604143547258349e-06,-1.7113308054558374e-06,-1.4087755298195950e-06,-1.1317473870904732e-06,-8.4548634672274877e-07,-6.7865892967587008e-07,-4.2634372856417632e-07,-1.8141913913753231e-07,-1.5614559367426396e-07,-1.4262507180843978e-07,ok,1,2.6572077871378497e-12,2.6143531783873186e-12,2.624345185608945e-12,2.6265656316581953e-12,2.6287860777074457e-12,2.6219026949547697e-12,2.6332269698059463e-12,2.6472157799162233e-12,2.6572077871378497e-12,2.6474378245211483e-12,2.638556040324147e-12
462,-2.3524553020804773e-01,2.0203276997999548e+11,9.7647544697919519e-01,-1.9396783222120540e-06,-1.6506633090626507e-06,-1.3674962687056924e-06,-1.0958979663652681e-06,-8.4163328679074968e-07,-6.1034038655325828e-07,-4.0762160683273783e-07,-2.3917755013209803e-07,-1.1042788145025038e-07,-2.7167423240094354e-08,-1.9015836654557093e-06,-1.5852361488143713e-06,-1.3367200270458884e-06,-1.1247578940722406e-06,-8.2626674818281418e-07,-5.8401999867402250e-07,-4.2064940034930722e-07,-2.0962790168508227e-07,-6.9302096403641956e-08,-5.6259508408821945e-08,ok,1,-3.3194558213267555e-12,-3.149924765466494e-12,-3.1732394489836224e-12,-3.202882403741114e-12,-3.2273073102828675e-12,-3.258393554972372e-12,-3.2678304506816858e-12,-3.270717030545711e-12,-3.2744917888294367e-12,-3.2962521601120898e-12,-3.3194558213267555e-12
463,-4.7161670228259706e-01,1.9714225042977307e+11,9.5283832977174032e-01,-1.9877960379020721e-06,-1.6916114121042095e-06,-1.4014198301082300e-06,-1.1230839725019398e-06,-8.6251173387411524e-07,-6.2548113688180815e-07,-4.1773350031635644e-07,-2.4511084186655889e-07,-1.1316727248381875e-07,-2.7841367126834527e-08,-1.9832631567531735e-06,-1.6878564035092624e-06,-1.4046041504294663e-06,-1.1038454015427550e-06,-9.0635729777026986e-07,-5.9402412920516686e-07,-4.0019863409085436e-07,-2.4050983073181867e-07,-1.2913215327877688e-07,-6.8670280785611348e-08,ok,1,-1.4068746168049984e-12,-1.237343560944737e-12,-1.261879489788953e-12,-1.293742890595695e-12,-1.3179457525325233e-12,-1.344147015913677e-12,-1.3488099526171027e-12,-1.3502532425491154e-12,-1.3569145806968663e-12,-1.3814505095410823e-12,-1.4068746168049984e-12
464,-2.6348424370460088e-02,2.0635485109977518e+11,9.9736515756295396e-01,-1.8990519593692823e-06,-1.6160903359271585e-06,-1.3388542000891804e-06,-1.0729444962405609e-06,-8.2400536421286779e-07,-5.9755686996807050e-07,-3.9908401422664521e-07,-2.3416800095873222e-07,-1.0811498083758355e-07,-2.6598404356171906e-08,-1.8897244698402150e-06,-1.6175838162723070e-06,-1.3217035521126401e-06,-1.0259479307543663e-06,-8.7443109502114076e-07,-6.8709232917403549e-07,-3.8559994416728987e-07,-1.7507937019472821e-07,-2.1803804129418047e-07,-7.6785122529598101e-08,ok,1,-4.3582915054685145e-12,-3.83115761337649e-12,-3.887890009934836e-12,-3.95516952522712e-12,-4.016786903093816e-12,-4.086286864435351e-12,-4.136024855938558e-12,-4.178324353176777e-12,-4.222289184951933e-12,-4.284461674330942e-12,-4.3582915054685145e-12
465,-1.7593821107510463e-01,2.0325983841285608e+11,9.8240617889248949e-01,-1.9279685911837448e-06,-1.6406983457252110e-06,-1.3592407691699563e-06,-1.0892820907979924e-06,-8.3655239306748582e-07,-6.0665579530937233e-07,-4.0516081767895515e-07,-2.3773364845631729e-07,-1.0976123442175621e-07,-2.7003415004702347e-08,-1.9183073587231939e-06,-1.6259837080529291e-06,-1.3424820112827988e-06,-1.0457670542569518e-06,-8.0124357477991420e-07,-5.9500279280359496e-07,-3.9066551400067897e-07,-1.9422046083906907e-07,-1.0955324465051867e-07,-8.3622130040687520e-08,ok,1,3.22608606495578e-12,3.021138894609976e-12,3.0455638011517294e-12,3.0671021278294575e-12,3.090860900556436e-12,3.105515844481488e-12,3.1368241337759173e-12,3.169686735304822e-12,3.198552533945076e-12,3.2092106749814775e-12,3.22608606495578e-12
466,1.8799097156566285e+00,2.4579533201693564e+11,1.1879909715656629e+00,-1.5943288307845875e-06,-1.3567714158683757e-06,-1.1240207730431199e-06,-9.0077911546781340e-07,-6.9178492057803235e-07,-5.0167250091461377e-07,-3.3504673036865142e-07,-1.9659324924408122e-07,-9.0766779781188272e-08,-2.2330406868910385e-08,-1.6455248465180749e-06,-1.3699148441843746e-06,-1.0771102650960740e-06,-8.8611044686388039e-07,-7.0227810906592323e-07,-5.1097124157557141e-07,-3.0989690755076649e-07,-1.8124900379030376e-07,-1.2688049988432404e-07,-8.3862162004149378e-09,ok,1,-2.9691804570575187e-12,-2.5910384948701903e-12,-2.6257884755409577e-12,-2.6705304634333515e-12,-2.7136071167888076e-12,-2.765565554341265e-12,-2.7975399774504695e-12,-2.8248514638562483e-12,-2.857936109990078e-12,-2.9103386367523854e-12,-2.9691804570575187e-12
467,-4.8596649426598848e-01,1.9684535323363669e+11,9.5140335057340109e-01,-1.9907941837044394e-06,-1.6941628296327759e-06,-1.4035335585293864e-06,-1.1247778935247094e-06,-8.6381263994535833e-07,-6.2642453530345380e-07,-4.1836355788582466e-07,-2.4548053675852683e-07,-1.1333796000728789e-07,-2.7883359603107527e-08,-1.9135511913282518e-06,-1.7137110812155532e-06,-1.4123448701477598e-06,-1.0896886266669944e-06,-8.7646336774177575e-07,-6.6190266747214951e-07,-3.9910553483179639e-07,-2.1009914578431088e-07,-8.7827520596653479e-08,-4.3593418427593296e-08,ok,1,-3.4925395908658174e-12,-2.848055125070914e-12,-2.90789614609821e-12,-2.982392111050558e-12,-3.0548896745585807e-12,-3.1338265316094294e-12,-3.1938895972416503e-12,-3.2527314175467836e-12,-3.3169023083701177e-12,-3.398170633772679e-12,-3.4925395908658174e-12
468,-2.2742246971926916e-01,2.0219462910150833e+11,9.7725775302807316e-01,-1.9381255874464879e-06,-1.6493419341331022e-06,-1.3664015722428184e-06,-1.0950206874614956e-06,-8.4095954968208153e-07,-6.0985180206662374e-07,-4.0729530105662638e-07,-2.3898608575724458e-07,-1.1033948266333299e-07,-2.7145675405881326e-08,-1.9540460880371667e-06,-1.6437835731122461e-06,-1.4089579930889702e-06,-1.0174614506607053e-06,-8.1979853336036841e-07,-6.3929463889069495e-07,-4.3084203476299101e-07,-2.8253015342018817e-07,-1.0931874708576972e-07,8.6471910795574100e-09,ok,1,-5.697886606981228e-12,-5.10436137801662e-12,-5.169531469562116e-12,-5.246802992076027e-12,-5.3197446447939e-12,-5.394240609746248e-12,-5.445310868879005e-12,-5.491940235913262e-12,-5.543898673465719e-12,-5.614508857831879e-12,-5.697886606981228e-12
469,-4.5188676117557969e-01,1.9755046291127725e+11,9.5481132388244205e-01,-1.9836885144839084e-06,-1.6881159159078946e-06,-1.3985239772838514e-06,-1.1207632647284018e-06,-8.6072946493026020e-07,-6.2418866100997047e-07,-4.1687030806615148e-07,-2.4460435201363640e-07,-1.1293342695190221e-07,-2.7783836542576351e-08,-2.0486932350152471e-06,-1.6632844423732698e-06,-1.4538980525218380e-06,-1.1289084056451249e-06,-7.9870814733660664e-07,-5.1719489857902147e-07,-3.6060582185345418e-07,-2.4924878273448621e-07,-1.4472755243389023e-07,-4.0167816205898496e-08,ok,1,6.985523270941485e-13,4.956035581926699e-13,5.049294315995212e-13,5.115907697472721e-13,5.264677582772492e-13,5.39346345362901e-13,5.764277943853813e-13,6.188383139260623e-13,6.552536291337674e-13,6.730171975277699e-13,6.985523270941485e-13
470,-7.9783608317651977e-01,1.9039277143907782e+11,9.2021639168234814e-01,-2.0582639842120166e-06,-1.7515795274905511e-06,-1.4511005697126376e-06,-1.1628976251940026e-06,-8.9308802510080554e-07,-6.4765462466981481e-07,-4.3254227410938930e-07,-2.5380009233047385e-07,-1.1717908512923443e-07,-2.8828351669745445e-08,-2.0866597091849282e-06,-1.7535040382845621e-06,-1.4145482821046312e-06,-1.1262323201165825e-06,-9.0488395491824177e-07,-6.9231942527765123e-07,-4.1170248149816010e-07,-3.1711468484430080e-07,-9.0134989086553419e-08,-2.6152443034487615e-09,ok,1,-1.8554047187535616e-12,-1.3312684288280252e-12,-1.3629097850298422e-12,-1.4126477765330492e-12,-1.4700463069061698e-12,-1.5413226250871048e-12,-1.5984991108553004e-12,-1.6527890167594705e-12,-1.7066348334537906e-12,-1.7753576386780878e-12,-1.8554047187535616e-12
471,-4.8910216642022741e-01,1.9678047617676550e+11,9.5108978335797734e-01,-1.9914505337207212e-06,-1.6947213825008403e-06,-1.4039962930912644e-06,-1.1251487244198638e-06,-8.6409743253990464e-07,-6.2663106280777920e-07,-4.1850148923534704e-07,-2.4556146986344317e-07,-1.1337532668870109e-07,-2.7892552539130230e-08,-2.0067498721623968e-06,-1.7003920216251489e-06,-1.4209234807277473e-06,-1.1752768304477376e-06,-7.6686431032173863e-07,-6.4870142885417388e-07,-4.4780834769954262e-07,-2.2589021314266708e-07,-9.6283897325175976e-08,-4.2196863631212794e-08,ok,1,4.050093593832571e-13,3.865796571744795e-13,3.921307722976053e-13,3.927969061123804e-13,3.9523939676655573e-13,3.8680170177940454e-13,3.936850845320805e-13,4.014566457044566e-13,4.050093593832571e-13,3.930189507173054e-13,3.8458125573015423e-13
472,9.1942316871370044e-01,2.2592286536068646e+11,1.0919423168713700e+00,-1.7345680512820214e-06,-1.4761147797220400e-06,-1.2228910901264201e-06,-9.8001280838904734e-07,-7.5263521453294492e-07,-5.4580026120789420e-07,-3.6451787295233052e-07,-2.1388584503539111e-07,-9.8750742811817697e-08,-2.4294618261341025e-08,-1.7445152469271875e-06,-1.4947902991279368e-06,-1.2317270774906943e-06,-9.3462213006355980e-07,-7.9015209675847412e-07,-4.7891626000493396e-07,-3.2804162908448497e-07,-2.9429353650124666e-07,-6.7264243789399721e-08,-3.3167112194254477e-08,ok,1,2.3387958236753548e-12,2.170486013142181e-12,2.191358206005134e-12,2.2084556405843614e-12,2.228217610422689e-12,2.2388757514590907e-12,2.268185639309195e-12,2.296829393344524e-12,2.319477943046877e-12,2.325473147379853e-12,2.3387958236753548e-12
473,-8.0878778448193356e-01,1.9016618073906879e+11,9.1912122155180664e-01,-2.0607164890393993e-06,-1.7536666053773669e-06,-1.4528296147620094e-06,-1.1642832647725100e-06,-8.9415217562264238e-07,-6.4842633136328642e-07,-4.3305766573238480e-07,-2.5410250541084895e-07,-1.1731870875097897e-07,-2.8862701817339862e-08,-2.0816919044131511e-06,-1.7357976674216156e-06,-1.3797838747944301e-06,-1.2233986933818063e-06,-8.7271929885046125e-07,-6.5321887902775773e-07,-4.1740171626587056e-07,-3.0382899161358874e-07,-1.6382088869182225e-07,-3.8639178619828962e-08,ok,1,-3.513522806031233e-12,-3.1646907316940087e-12,-3.2066571620248396e-12,-3.258171510367447e-12,-3.3032465651672283e-12,-3.3532066012753603e-12,-3.380740132286064e-12,-3.4012792582416296e-12,-3.4253710978759955e-12,-3.4668934389969763e-12,-3.513522806031233e-12
474,-1.1382909877625307e+00,1.8334875946319324e+11,8.8617090122374687e-01,-2.1373397095949291e-06,-1.8188728498070754e-06,-1.5068498958601174e-06,-1.2075745830398001e-06,-9.2739926212252149e-07,-6.7253664157151722e-07,-4.4915996471969315e-07,-2.6355074946543096e-07,-1.2168094748866758e-07,-2.9935898047355479e-08,-2.0698964707973333e-06,-1.7986000563350037e-06,-1.5678903610498925e-06,-1.2027509447484541e-06,-9.4293182379167896e-07,-6.9456005435877344e-07,-4.9144730319320910e-07,-2.8532251386664105e-07,-1.6703789686410766e-07,-2.0223976977659399e-08,ok,1,-6.218248138623039e-12,-5.700662164542791e-12,-5.759615007150387e-12,-5.826339410930359e-12,-5.887068610377355e-12,-5.952238701922852e-12,-5.99320593153152e-12,-6.03073146976385e-12,-6.076361636075944e-12,-6.1418647945288285e-12,-6.218248138623039e-12
475,-1.5146559520739806e+00,1.7556176835158936e+11,8.4853440479260200e-01,-2.2321407900302680e-06,-1.8995484254127354e-06,-1.5736857842032082e-06,-1.2611362020303991e-06,-9.6853378633962641e-07,-7.0236680846891143e-07,-4.6908232416157919e-07,-2.7524046621324940e-07,-1.2707807048162117e-07,-3.1263696088058105e-08,-2.2726849909449955e-06,-1.9355346489493607e-06,-1.5876141200789571e-06,-1.2221376853953174e-06,-8.9942693882119475e-07,-6.7846113276311854e-07,-5.2492235782511834e-07,-2.5273108146081416e-07,-1.8755428763338175e-07,-1.3266331924594147e-08,ok,1,-1.3188339309522235e-12,-1.1693979118376774e-12,-1.1814993428060916e-12,-1.199040866595169e-12,-1.2171375018965591e-12,-1.2464473897466632e-12,-1.254996107036277e-12,-1.2594369991347776e-12,-1.2680967387268538e-12,-1.293742890595695e-12,-1.3188339309522235e-12
476,-2.4253649638966804e-01,2.0188191988969775e+11,9.7574635036103308e-01,-1.9411276875184732e-06,-1.6518967167392533e-06,-1.3685180884712975e-06,-1.0967168426055567e-06,-8.4226217152523006e-07,-6.1079644474150721e-07,-4.0792618961244619e-07,-2.3935626824184078e-07,-1.1051039530752886e-07,-2.7187723266269260e-08,-1.9470923924034658e-06,-1.6457567796896335e-06,-1.3207944629888211e-06,-1.0711163150382012e-06,-8.6434451223951734e-07,-5.9728757878451622e-07,-4.3968963478906618e-07,-1.6653036746335201e-07,-4.6976195540069520e-08,-3.2316135474302792e-08,ok,1,-1.6658896484500474e-12,-1.5494272531668685e-12,-1.5663026431411708e-12,-1.5902834604730742e-12,-1.609601341101552e-12,-1.6338042030383804e-12,-1.6362466936925557e-12,-1.6333601138285303e-12,-1.6332490915260678e-12,-1.6501244815003702e-12,-1.6658896484500474e-12
477,-2.9788130814642133e-01,2.0073683573445053e+11,9.7021186918535784e-01,-1.9522006654846789e-06,-1.6613198041870934e-06,-1.3763246695310823e-06,-1.1029729593522475e-06,-8.4706677584212363e-07,-6.1428067487123371e-07,-4.1025316569882135e-07,-2.4072165327106205e-07,-1.1114079132947089e-07,-2.7342813043525657e-08,-1.9784357752349232e-06,-1.6190655079220303e-06,-1.3502319584459041e-06,-1.0863876053537958e-06,-9.2193192203734132e-07,-6.3211322665392613e-07,-3.0684761445670518e-07,-2.1331219641719106e-07,-1.4738063179071534e-07,-9.9508016418913682e-10,ok,1,5.031530747601209e-13,5.031530747601209e-13,4.89164264649844e-13,4.658495811327157e-13,4.483080573436382e-13,4.3431924723336124e-13,4.489741911584133e-13,4.685141163918161e-13,4.82502926502093e-13,4.778399897986674e-13,4.765077221691172e-13
478,-3.7717527316260796e-01,1.9909624359826566e+11,9.6228247268373923e-01,-1.9682871822468285e-06,-1.6750094055430614e-06,-1.3876658550239505e-06,-1.1120616730856766e-06,-8.5404677238096402e-07,-6.1934246823481293e-07,-4.1363373232978690e-07,-2.4270524695524807e-07,-1.1205661327045760e-07,-2.7568123191257798e-08,-1.9642713885866046e-06,-1.6443624636559302e-06,-1.3972419713907829e-06,-1.1325796051519274e-06,-8.4046834485602471e-07,-5.7111115461614864e-07,-4.0405987608987963e-07,-1.8234918641084928e-07,-8.7611846153245970e-08,-4.0616805530995855e-08,ok,1,1.851852005074761e-13,1.851852005074761e-13,1.694200335577989e-13,1.4455103780619538e-13,1.2256862191861728e-13,9.281464485866309e-14,8.526512829121202e-14,8.548717289613705e-14,8.415490526658687e-14,6.683542608243442e-14,4.973799150320701e-14
479,-2.4051691921845091e+00,1.5713704941370251e+11,7.5948308078154914e-01,-2.4938649781820898e-06,-2.1222753124069737e-06,-1.7582044472357560e-06,-1.4090076311533958e-06,-1.0820968375861405e-06,-7.8472110419822412e-07,-5.2408342042583002e-07,-3.0751311132959634e-07,-1.4197829764352184e-07,-3.4929444016613933e-08,-2.4868290904410140e-06,-2.0955330346332489e-06,-1.7272334920201610e-06,-1.4033825500509855e-06,-1.0939623983883619e-06,-7.8209743509353108e-07,-4.7244774040583438e-07,-3.2176957696328515e-07,-1.5146081481643298e-07,-4.8405627347705781e-09,ok,1,-4.71289673953379e-13,-4.71289673953379e-13,-4.659606034351782e-13,-4.619638005465276e-13,-4.4508841057222526e-13,-4.2676973066591017e-13,-3.8413716652030416e-13,-3.418376692820857e-13,-3.113065361048939e-13,-3.015365734881925e-13,-2.8532731732866523e-13
480,-1.1417379919010189e-01,2.0453774409475681e+11,9.8858262008098985e-01,-1.9159230783630322e-06,-1.6304476325917538e-06,-1.3507485394797650e-06,-1.0824765020293238e-06,-8.3132580243607288e-07,-6.0286554675761775e-07,-4.0262946429154103e-07,-2.3624834225179477e-07,-1.0907547099044208e-07,-2.6834703759529153e-08,-1.9726886124883327e-06,-1.6658016552248019e-06,-1.3745870723497429e-06,-1.1201020142488511e-06,-8.0768545760405571e-07,-6.3507492282214960e-07,-3.3408421357222504e-07,-2.7966972858323188e-07,-8.0901805860948758e-08,-4.3465889139306501e-08,ok,1,-1.4946932580528483e-12,-1.0955680807001045e-12,-1.1298739721610218e-12,-1.177946629127291e-12,-1.229794044377286e-12,-1.2899681323119694e-12,-1.3270495813344496e-12,-1.357469692209179e-12,-1.3887779815036083e-12,-1.4375167722846527e-12,-1.4946932580528483e-12
481,-4.2489055335899133e-02,2.0602090144510025e+11,9.9575109446641008e-01,-1.9021302283350260e-06,-1.6187099381463496e-06,-1.3410244162930141e-06,-1.0746836860130676e-06,-8.2534103600859458e-07,-5.9852547999449615e-07,-3.9973090960516879e-07,-2.3454757566537581e-07,-1.0829022985525190e-07,-2.6641519049428684e-08,-1.9105057225703801e-06,-1.5583542732417782e-06,-1.3103790481802166e-06,-1.0528619414783877e-06,-8.4737859778844590e-07,-5.2471249255003570e-07,-3.7582779541918479e-07,-2.4070574933927907e-07,-9.3860842316418546e-08,1.3967040924421710e-08,ok,1,-8.406608742461685e-13,-8.406608742461685e-13,-8.322231792590173e-13,-8.252287742038789e-13,-8.055778266680136e-13,-7.854827899222983e-13,-7.420730696594546e-13,-6.954437026251981e-13,-6.548095399239173e-13,-6.311617894994015e-13,-5.972999872483342e-13
482,6.1235855626610558e-01,2.1956969852914572e+11,1.0612358556266106e+00,-1.7847571269371466e-06,-1.5188256069509773e-06,-1.2582749849208686e-06,-1.0083691112431970e-06,-7.7441243203389650e-07,-5.6159278695064174e-07,-3.7506506081837651e-07,-2.2007455169936700e-07,-1.0160805849818986e-07,-2.4997573924012939e-08,-1.7395154014437333e-06,-1.5507759072232031e-06,-1.2526258225758204e-06,-9.9113497327245942e-07,-8.2135611707591325e-07,-5.2214625314979176e-07,-4.0741726406140942e-07,-2.6512352492944439e-07,-1.1520152236586736e-07,-3.2067473207271160e-08,ok,1,4.0392134081912445e-12,3.694378136742671e-12,3.724132113802625e-12,3.751221555603479e-12,3.7838621125274585e-12,3.811173598933237e-12,3.86246590267092e-12,3.917532964692327e-12,3.966826866985684e-12,3.9968028886505635e-12,4.0392134081912445e-12
483,1.6824863380736494e+00,2.4171064233474380e+11,1.1682486338073650e+00,-1.6212715357629520e-06,-1.3796996169239524e-06,-1.1430157002457781e-06,-9.1600146200659712e-07,-7.0347545559439746e-07,-5.1015030921059691e-07,-3.4070871492051097e-07,-1.9991549608110878e-07,-9.2300655680771742e-08,-2.2707770404411315e-08,-1.6271008154216449e-06,-1.3707189213636336e-06,-1.1791902294195705e-06,-8.9102372659484266e-07,-6.7142927531954555e-07,-5.0724711764384310e-07,-3.6816279583728731e-07,-2.3908725303678912e-07,-7.9687593499903372e-08,-4.1242039366356721e-08,ok,1,1.2312373343092986e-12,1.056044141023449e-12,1.0722533971829762e-12,1.085576073478478e-12,1.1084466677857563e-12,1.1244338793403585e-12,1.156630347054488e-12,1.1874945471390674e-12,1.2112533198660458e-12,1.2181367026187218e-12,1.2312373343092986e-12
484,-2.0215118059130455e-01,2.0271749207356592e+11,9.7978488194086955e-01,-1.9331266399332752e-06,-1.6450878373845284e-06,-1.3628772548376237e-06,-1.0921963343970907e-06,-8.3879048866951912e-07,-6.0827883013501740e-07,-4.0624477685673362e-07,-2.3836967632195894e-07,-1.1005488744105935e-07,-2.7075659403094583e-08,-1.9414022977831852e-06,-1.6683818024700362e-06,-1.4353645050576113e-06,-1.0445555514042049e-06,-8.3957002920710908e-07,-6.4657890592926683e-07,-3.8264142436966950e-07,-2.4615154639971581e-07,-1.5921658779594924e-07,-7.2218567775590996e-08,ok,1,-6.7390537594747e-14,-3.3306690738754696e-14,-3.952393967665557e-14,-5.395683899678261e-14,-6.150635556423367e-14,-6.7390537594747e-14,-4.529709940470639e-14,-1.9206858326015208e-14,-8.881784197001252e-16,-2.1094237467877974e-15,1.7763568394002505e-15
485,-5.3273926051511877e-01,1.9587762469994220e+11,9.4672607394848818e-01,-2.0006296528638723e-06,-1.7025327989638239e-06,-1.4104676811736869e-06,-1.1303348307379143e-06,-8.6808028481269958e-07,-6.2951937014294298e-07,-4.2043047264021739e-07,-2.4669332724609287e-07,-1.1389790338036983e-07,-2.8021116647863109e-08,-1.9615524395889860e-06,-1.6898565095162882e-06,-1.3809723423979863e-06,-1.1437865642018752e-06,-9.0540665379302161e-07,-6.2246796040677413e-07,-3.8290774753116791e-07,-2.9871620436622895e-07,-1.2278006197831752e-07,1.5097790045088000e-08,ok,1,-1.8133272661202682e-12,-1.634803403760543e-12,-1.6580070649752088e-12,-1.6902035326893383e-12,-1.7150725284409418e-12,-1.7423840148467207e-12,-1.7477130853649214e-12,-1.7511547767412594e-12,-1.759481449425948e-12,-1.7850165789923267e-12,-1.8133272661202682e-12
486,1.2860971145977775e+00,2.3350934930102802e+11,1.1286097114597777e+00,-1.6782136795867199e-06,-1.4281572949177293e-06,-1.1831605883539820e-06,-9.4817317775056932e-07,-7.2818285326673790e-07,-5.2806775958089171e-07,-3.5267505382122021e-07,-2.0693690901493471e-07,-9.5542430482134112e-08,-2.3505310544827448e-08,-1.6178190340135699e-06,-1.4250276373047695e-06,-1.1725092673425467e-06,-9.5557540323918139e-07,-6.9741327545749379e-07,-5.0619941585300560e-07,-3.7173123964264771e-07,-1.5483268709207462e-07,-6.6836489108505057e-08,3.3647304197336999e-08,ok,1,1.432631790976302e-12,1.2581047315052274e-12,1.2725376308253544e-12,1.2874146193553315e-12,1.3089529460330596e-12,1.3218315331187114e-12,1.3529177778082158e-12,1.3860024239420454e-12,1.411759598113349e-12,1.419087070075875e-12,1.432631790976302e-12
487,3.9574783957074644e-01,2.1508802280071875e+11,1.0395747839570746e+00,-1.8219451701938935e-06,-1.5504725753357697e-06,-1.2844929973673936e-06,-1.0293799667605375e-06,-7.9054845557812667e-07,-5.7329439975753141e-07,-3.8288009374092822e-07,-2.2466012910077171e-07,-1.0372521204116805e-07,-2.5518435192117859e-08,-1.9316368706414889e-06,-1.4784559975043914e-06,-1.3304109024001184e-06,-9.8078229776103797e-07,-8.5887524847035119e-07,-6.2731831316737112e-07,-3.8626073025556214e-07,-2.1951295456410656e-07,-8.2774097766956416e-08,-1.3384655851075365e-08,ok,1,1.3706813462022183e-12,1.1168843627729075e-12,1.1339817973521349e-12,1.148858785882112e-12,1.1741718708435656e-12,1.199262911200094e-12,1.2436718321851004e-12,1.2878587085651816e-12,1.3238299345630367e-12,1.3427037259816643e-12,1.3706813462022183e-12
488,-2.4365736733166185e-01,2.0185872906990793e+11,9.7563426326683389e-01,-1.9413506966633933e-06,-1.6520864971832290e-06,-1.3686753125688111e-06,-1.0968428404402291e-06,-8.4235893598233818e-07,-6.1086661693776412e-07,-4.0797305477823209e-07,-2.3938376701853443e-07,-1.1052309144749599e-07,-2.7190846765548397e-08,-1.9699905243171775e-06,-1.6801644112933936e-06,-1.3787276934388107e-06,-1.1068694218357666e-06,-8.5066418062289674e-07,-6.3329647050444522e-07,-3.8089565736482979e-07,-2.4523882737034099e-07,-4.0194458030499251e-08,-5.2052921637005147e-08,ok,1,-1.1047829318044933e-12,-1.1047829318044933e-12,-1.1044498648971057e-12,-1.1036727087798681e-12,-1.0891287871572786e-12,-1.0729195309977513e-12,-1.0345058143457209e-12,-9.977574322306282e-13,-9.711120796396244e-13,-9.60675983208148e-13,-9.419132140919828e-13
489,-5.7225839490231786e-02,2.0571599738094711e+11,9.9427741605097686e-01,-1.9049494900557453e-06,-1.6211091255928265e-06,-1.3430120293106421e-06,-1.0762765394004197e-06,-8.2656432364378180e-07,-5.9941259063970540e-07,-4.0032337485010459e-07,-2.3489521274701526e-07,-1.0845073332397267e-07,-2.6681006048623094e-08,-1.8771800917470084e-06,-1.5574259696390700e-06,-1.2801579160958910e-06,-1.0651932320062155e-06,-8.0009002500113280e-07,-6.1733046621333846e-07,-3.8143308135158940e-07,-1.8826997742013334e-07,-1.7514496972895003e-07,-8.4134517066040512e-08,ok,1,-2.514988217683367e-12,-1.892486167776042e-12,-1.942002114674324e-12,-2.010946964503546e-12,-2.0868862193879067e-12,-2.1678214778830807e-12,-2.2265522758857514e-12,-2.282840583234247e-12,-2.343125693471393e-12,-2.421729483614854e-12,-2.514988217683367e-12
490,1.1504718394530040e+00,2.3070326235828265e+11,1.1150471839453004e+00,-1.6986261065441854e-06,-1.4455282392860130e-06,-1.1975515919444905e-06,-9.5970598550269828e-07,-7.3703987754474491e-07,-5.3449074653539515e-07,-3.5696470648182486e-07,-2.0945392135451685e-07,-9.6704530938844788e-08,-2.3791210034523659e-08,-1.7018238652142604e-06,-1.4292928431202603e-06,-1.2177393439178571e-06,-1.0293004446828495e-06,-7.0613570370594471e-07,-5.3945838177605920e-07,-3.6183555528425196e-07,-1.4797202884547644e-07,-1.3439106442930208e-07,-4.0692753561162421e-08,ok,1,-3.218758592993254e-12,-3.0480062918059048e-12,-3.0691005292737827e-12,-3.095634859562324e-12,-3.118283409264677e-12,-3.148370453232019e-12,-3.1569191705216326e-12,-3.1599167726881205e-12,-3.166689133138334e-12,-3.191891195797325e-12,-3.218758592993254e-12
491,1.5881747990296216e-01,2.1018593365919229e+11,1.0158817479902962e+00,-1.8644377265698128e-06,-1.5866336763363212e-06,-1.3144507546029991e-06,-1.0533878167143044e-06,-8.0898612613282522e-07,-5.8666513395987010e-07,-3.9180986519334840e-07,-2.2989979457343729e-07,-1.0614435697068238e-07,-2.6113592260389896e-08,-1.8783231147266082e-06,-1.5418728411918579e-06,-1.2896680750712806e-06,-1.0895531056485009e-06,-8.2068011611386114e-07,-5.7560277014695295e-07,-3.2423201766950008e-07,-1.9803442327471217e-07,-1.6065511056533155e-07,-8.3099698243463778e-08,ok,1,2.2084556405843614e-12,1.5618617510426702e-12,1.6053824936079764e-12,1.6542323066914832e-12,1.7188472867246674e-12,1.786570891226802e-12,1.8773871346411397e-12,1.9690915564751776e-12,2.0528023725319144e-12,2.119415754009424e-12,2.2084556405843614e-12
492,9.2468657090101236e-01,2.2603176515194196e+11,1.0924686570901012e+00,-1.7337323541441735e-06,-1.4754036027257222e-06,-1.2223019137125684e-06,-9.7954064824603445e-07,-7.5227260258797503e-07,-5.4553730022697423e-07,-3.6434225197108479e-07,-2.1378279702384401e-07,-9.8703165714397590e-08,-2.4282913362856582e-08,-1.7299720970347214e-06,-1.4628212362771292e-06,-1.2199622972470525e-06,-9.9905718778038343e-07,-8.1606487225748103e-07,-5.0104579116127310e-07,-4.1024174664752739e-07,-2.1221848397905495e-07,-8.7536599339261841e-08,-4.0100878914895596e-08,ok,1,9.017231406005521e-13,9.017231406005521e-13,8.950618024528012e-13,8.841816168114747e-13,8.808509477375992e-13,8.713030297258229e-13,8.837375276016246e-13,8.970602038971265e-13,9.012790513907021e-13,8.848477506262498e-13,8.684164498617974e-13
493,-7.8217298429573234e-01,1.9071684095492130e+11,9.2178270157042674e-01,-2.0547665447138895e-06,-1.7486032117844575e-06,-1.4486348333022085e-06,-1.1609216084548251e-06,-8.9157047372837359e-07,-6.4655411818347166e-07,-4.3180729043116424e-07,-2.5336883060981797e-07,-1.1697997230223702e-07,-2.8779366011664206e-08,-2.1019102271041411e-06,-1.7488524270743672e-06,-1.4023277955995189e-06,-1.1859930129551688e-06,-8.8247098763308303e-07,-6.5824467372607988e-07,-4.1981983863850096e-07,-2.9929395913541636e-07,-8.5767252006503113e-08,6.6639772327166066e-08,ok,1,-6.113998196610737e-13,-4.946043574705072e-13,-5.099254352103344e-13,-5.353495424742505e-13,-5.568878691519785e-13,-5.828670879282072e-13,-5.867528685143952e-13,-5.84976511674995e-13,-5.830891325331322e-13,-5.982991879704969e-13,-6.113998196610737e-13
494,3.0476043315469398e-01,2.1320549336197061e+11,1.0304760433154694e+00,-1.8380323045537612e-06,-1.5641627022664306e-06,-1.2958346182739435e-06,-1.0384690294301543e-06,-7.9752872009473734e-07,-5.7835638745473908e-07,-3.8626079015944344e-07,-2.2664379893957377e-07,-1.0464106914261392e-07,-2.5743753990011529e-08,-1.8141698104574926e-06,-1.5444794873589474e-06,-1.3132087058784144e-06,-1.0117255189271557e-06,-7.9989152548168776e-07,-5.2379446040043862e-07,-3.6878978083237976e-07,-2.2581848082970926e-07,-1.2671889286253295e-07,-2.1154969214111135e-08,ok,1,-6.923350781562476e-13,-6.67021993194794e-13,-6.701306176637445e-13,-6.77347067323808e-13,-6.808997810026085e-13,-6.923350781562476e-13,-6.831202270518588e-13,-6.712408406883696e-13,-6.649125694480063e-13,-6.770140004164205e-13,-6.883382752675971e-13
495,-3.1259759893330091e-01,2.0043235567807001e+11,9.6874024010666993e-01,-1.9551662853108479e-06,-1.6638435421592577e-06,-1.3784154667524562e-06,-1.1046485035386018e-06,-8.4835356877716980e-07,-6.1521383864893805e-07,-4.1087638796440128e-07,-2.4108733745502454e-07,-1.1130962711564774e-07,-2.7384349956129240e-08,-1.9994672500684636e-06,-1.6676114084128693e-06,-1.3791979070659548e-06,-1.0948184072392562e-06,-8.5796990173499702e-07,-5.9660344135185952e-07,-3.9808609367563308e-07,-2.0165988770453319e-07,-8.3538469070612330e-08,5.5492703774048764e-08,ok,1,-2.5049962104617407e-12,-1.7635892746170612e-12,-1.8194334927557065e-12,-1.8928192346834294e-12,-1.972644270153978e-12,-2.066902204944654e-12,-2.142508392921627e-12,-2.215672090244425e-12,-2.2941648580854235e-12,-2.3904211943204245e-12,-2.5049962104617407e-12
496,-2.0512977206364724e-01,2.0265586501600314e+11,9.7948702279363531e-01,-1.9337144981104782e-06,-1.6455881038014326e-06,-1.3632917018389355e-06,-1.0925284681194173e-06,-8.3904556241269164e-07,-6.0846380595461319e-07,-4.0636831470950569e-07,-2.3844216384588222e-07,-1.1008835481161573e-07,-2.7083893032217767e-08,-1.9546209683366962e-06,-1.6201535056677874e-06,-1.4062386736364785e-06,-1.1121740268577800e-06,-8.1477752541026974e-07,-5.6935980537415541e-07,-4.1160050231485086e-07,-3.2921005939568114e-07,-1.1595118243515430e-07,-2.4900983740679018e-08,ok,1,2.114530772701073e-12,1.7339463198595695e-12,1.7772450178199506e-12,1.8256507416936074e-12,1.8776091792460647e-12,1.915578806688245e-12,1.9684254226604025e-12,2.0186075033734596e-12,2.0607959783092156e-12,2.0832224834066437e-12,2.114530772701073e-12
497,1.2316758691090142e+00,2.3238337373186551e+11,1.1231675869109015e+00,-1.6863451890522363e-06,-1.4350771971346869e-06,-1.1888933991637701e-06,-9.5276739555707134e-07,-7.3171114399397738e-07,-5.3062642540380716e-07,-3.5438388302057266e-07,-2.0793958790791982e-07,-9.6005365677624921e-08,-2.3619201676518951e-08,-1.6563548715116604e-06,-1.3912074648911671e-06,-1.2219476858105328e-06,-9.8959098653310511e-07,-6.9117047517726948e-07,-4.9029160902951501e-07,-3.4272839586375020e-07,-1.7697175958094234e-07,-1.6093673713603347e-07,7.8608509901672559e-08,ok,1,1.716626840675417e-12,1.4630519018510313e-12,1.4903633882568101e-12,1.5136780717739384e-12,1.5420997812043424e-12,1.5651924201165457e-12,1.6044943151882762e-12,1.6442402994698568e-12,1.6764367671839864e-12,1.6917578449238135e-12,1.716626840675417e-12
498,8.5436570516547661e-01,2.2457682643987372e+11,1.0854365705165476e+00,-1.7449644761717276e-06,-1.4849621215283587e-06,-1.2302206932270240e-06,-9.8588667972316541e-07,-7.5714626007630942e-07,-5.4907160672610108e-07,-3.6670267203498116e-07,-2.1516780576407546e-07,-9.9342621971436987e-08,-2.4440232135530506e-08,-1.7836825072971933e-06,-1.5026055244521269e-06,-1.2461247910185016e-06,-9.5372190150310031e-07,-7.7798138083597261e-07,-5.1430466133345227e-07,-2.7972961544473297e-07,-2.0934520925653784e-07,-1.2882146315471012e-07,-2.2268922179705581e-08,ok,1,3.256284131225584e-12,2.7491342535768126e-12,2.788436148648543e-12,2.8317348466089243e-12,2.886357819420482e-12,2.9385383015778643e-12,3.0111468873883496e-12,3.0826452501742097e-12,3.1457059179729185e-12,3.1916691511924e-12,3.256284131225584e-12
499,-1.4347277811677899e+00,1.7721548220763843e+11,8.5652722188322106e-01,-2.2113112208145746e-06,-1.8818224936155857e-06,-1.5590006903631387e-06,-1.2493677132648415e-06,-9.5949576255977651e-07,-6.9581256327205884e-07,-4.6470500944085580e-07,-2.7267201696152070e-07,-1.2589222168718450e-07,-3.0971954041809811e-08,-2.2392990266889109e-06,-1.9056199369146058e-06,-1.5137988984511745e-06,-1.3097367911791823e-06,-9.5527306102931813e-07,-6.0428703132838276e-07,-4.6286636557834913e-07,-2.3070886600797142e-07,-1.1651721134826487e-07,-1.3858923411182520e-08,ok,1,-2.3880897259687117e-13,-1.7708057242771247e-13,-1.929567616798522e-13,-2.1460611066004276e-13,-2.2659651932599445e-13,-2.3880897259687117e-13,-2.275957200481571e-13,-2.1360690993788012e-13,-2.0627943797535409e-13,-2.1815882433884326e-13,-2.2659651932599445e-13
500,1.2471675954851071e-01,2.0948038975505869e+11,1.0124716759548511e+00,-1.8707172770070048e-06,-1.5919775642301851e-06,-1.3188779122886963e-06,-1.0569356970380261e-06,-8.1171084528516259e-07,-5.8864106120367621e-07,-3.9312950691432520e-07,-2.3067411239315005e-07,-1.0650185823428983e-07,-2.6201544578314999e-08,-1.8614665441465550e-06,-1.5723414837971082e-06,-1.2725421547103433e-06,-1.0314914210425353e-06,-8.0147601119853625e-07,-6.6733122098814028e-07,-4.6312487560828219e-07,-2.4178827876713376e-07,6.9110203203426539e-09,-2.1259615720417502e-08,ok,1,3.021582983819826e-12,2.7140512059986577e-12,2.7502444766014378e-12,2.787325925623918e-12,2.830624623584299e-12,2.8632651805082787e-12,2.907674101493285e-12,2.948974398009341e-12,2.9813929103283954e-12,2.9967139880682225e-12,3.021582983819826e-12
501,1.6892868132269572e+00,2.4185134416566574e+11,1.1689286813226958e+00,-1.6203283287828836e-06,-1.3788969492149735e-06,-1.1423507281153835e-06,-9.1546855992695044e-07,-7.0306619474834331e-07,-5.0985351911574010e-07,-3.4051050084515141e-07,-1.9979919126272279e-07,-9.2246957937435948e-08,-2.2694559707064360e-08,-1.5634394210097590e-06,-1.4867815130247415e-06,-1.1571900059837633e-06,-9.0572494095599570e-07,-6.3292724489217774e-07,-4.7943034688559601e-07,-3.0952491612664903e-07,-1.8282443772892804e-07,-7.3780961230613807e-08,-4.6495046475661055e-08,ok,1,-5.814237979961945e-12,-5.2022830487885585e-12,-5.2593485122542916e-12,-5.326628027546576e-12,-5.3941295874437856e-12,-5.472955422192172e-12,-5.5325743986145426e-12,-5.586975326821175e-12,-5.645039991009071e-12,-5.722533558127907e-12,-5.814237979961945e-12
502,3.8565060773852367e-01,2.1487911107411005e+11,1.0385650607738524e+00,-1.8237165183143943e-06,-1.5519799898984854e-06,-1.2857418188432345e-06,-1.0303807599231413e-06,-7.9131704979457139e-07,-5.7385177325794736e-07,-3.8325234091124812e-07,-2.2487855021668277e-07,-1.0382605671107512e-07,-2.5543244957483642e-08,-1.7659886679833235e-06,-1.5941171763327842e-06,-1.2317922080512378e-06,-1.0319192538774297e-06,-8.1634861724499654e-07,-5.5908851423257568e-07,-4.3657212438579892e-07,-2.5624890335967070e-07,-1.5607086926615879e-07,-9.0390396974275346e-09,ok,1,-3.8363756615922284e-12,-3.3629765638920617e-12,-3.4128255776977312e-12,-3.4764413570087527e-12,-3.536615444943436e-12,-3.601563491884008e-12,-3.6447511675419264e-12,-3.682276705774257e-12,-3.721134511636137e-12,-3.775202372935382e-12,-3.8363756615922284e-12
503,-1.9213003467234388e-01,2.0292482958262921e+11,9.8078699653276569e-01,-1.9311514766999516e-06,-1.6434069764699141e-06,-1.3614847412848013e-06,-1.0910803878269533e-06,-8.3793345835411937e-07,-6.0765732404414398e-07,-4.0582969812850977e-07,-2.3812612320389517e-07,-1.0994243936708663e-07,-2.7047994972895965e-08,-1.8558615376065554e-06,-1.6635444528864587e-06,-1.3848288600760258e-06,-1.0954165939675758e-06,-9.0180599257014690e-07,-5.5592844018745102e-07,-4.1339458269286021e-07,-3.2683301562340333e-07,-1.6926179464399014e-07,-2.8873207134234108e-08,ok,1,-1.213473765915296e-12,-7.793765632868599e-13,-8.087974734394265e-13,-8.535394613318203e-13,-9.037215420448774e-13,-9.666711875411238e-13,-1.0096368185941174e-12,-1.0481615575486103e-12,-1.0891287871572786e-12,-1.1467493621353242e-12,-1.213473765915296e-12
504,3.0566407223054448e-01,2.1322418965444995e+11,1.0305664072230545e+00,-1.8378711390212921e-06,-1.5640255506427891e-06,-1.2957209946581309e-06,-1.0383779725897035e-06,-7.9745878979986115e-07,-5.7830567500801100e-07,-3.8622692137165883e-07,-2.2662392596533703e-07,-1.0463189382309661e-07,-2.5741496681571637e-08,-1.8328106657126945e-06,-1.5970443661455886e-06,-1.2713028676499289e-06,-1.0041524449174232e-06,-8.2161478438779492e-07,-5.6159217902549617e-07,-4.4507864971698309e-07,-2.1563636397106756e-07,-4.3853793753806086e-08,2.1863302385695505e-08,ok,1,-2.2883916983573727e-12,-1.9645396420742145e-12,-2.0011770018868447e-12,-2.049693748062964e-12,-2.092992446023345e-12,-2.137290344705889e-12,-2.1576074260565292e-12,-2.174815882938219e-12,-2.1972423880356473e-12,-2.2393198406689407e-12,-2.2883916983573727e-12
505,2.5168780992777767e-01,2.1210742078740573e+11,1.0251687809927779e+00,-1.8475477324331903e-06,-1.5722603169537174e-06,-1.3025431080122425e-06,-1.0438451466670289e-06,-8.0165749791812291e-07,-5.8135051790591510e-07,-3.8826044853443570e-07,-2.2781712582708795e-07,-1.0518279223645939e-07,-2.5877028488951731e-08,-1.8421868932451990e-06,-1.5283109806189230e-06,-1.3047528039626601e-06,-1.0059068847502994e-06,-7.2535684474268729e-07,-5.9565678643039853e-07,-4.6405675597449962e-07,-1.6027016278759373e-07,-1.6197765784004310e-07,2.4126076887631340e-08,ok,1,3.526068326209497e-13,3.526068326209497e-13,3.3306690738754696e-13,3.035349749325178e-13,2.7622348852673895e-13,2.4091839634365897e-13,2.2115642650533118e-13,1.9917401061775308e-13,1.7119639039719914e-13,1.247890679678676e-13,7.016609515630989e-14
506,3.6994553080569775e-01,2.1455417303236987e+11,1.0369945530805698e+00,-1.8264785008325327e-06,-1.5543304328306187e-06,-1.2876890493425905e-06,-1.0319412511604336e-06,-7.9251548378149163e-07,-5.7472086039404147e-07,-3.8383276898500614e-07,-2.2521912432361585e-07,-1.0398329921600829e-07,-2.5581929695675714e-08,-1.8351064450410108e-06,-1.5417078806869748e-06,-1.2922451517181307e-06,-9.9716331791592127e-07,-7.9184219873022187e-07,-5.9174832181929901e-07,-4.1681906595062915e-07,-2.4612451418930678e-07,-1.9143892778449714e-07,-5.4589936065590275e-08,ok,1,-1.003752636563604e-12,-9.163780845256042e-13,-9.35695965154082e-13,-9.631184738623233e-13,-9.831024883055761e-13,-1.003752636563604e-12,-9.995337890700284e-13,-9.879874696139268e-13,-9.79438752324313e-13,-9.884315588237769e-13,-9.943157408542902e-13
507,3.6677637813412017e-01,2.1448860326359494e+11,1.0366776378134119e+00,-1.8270368604488274e-06,-1.5548055960169376e-06,-1.2880826995078649e-06,-1.0322567185043160e-06,-7.9275775799469454e-07,-5.7489655417811746e-07,-3.8395010774246346e-07,-2.2528797444362073e-07,-1.0401508720315958e-07,-2.5589750163565284e-08,-1.8034284963908756e-06,-1.5152544147737309e-06,-1.2969578418315234e-06,-9.9242169940476323e-07,-8.5709006500546916e-07,-6.2783168059168161e-07,-3.9719479612712959e-07,-2.8752709322818361e-07,-7.8674098299796676e-08,-9.2340993174227154e-08,ok,1,2.5655033653038117e-12,2.262856568790994e-12,2.2886137429622977e-12,2.311706381874501e-12,2.3441248941935555e-12,2.37521113888306e-12,2.425837308805967e-12,2.474020988074699e-12,2.5135449277513544e-12,2.5341950760093823e-12,2.5655033653038117e-12
508,-2.2705463213137975e-01,2.0220223966120175e+11,9.7729453678686207e-01,-1.9380526395989649e-06,-1.6492798556256299e-06,-1.3663501431435243e-06,-1.0949794726907081e-06,-8.4092789735309103e-07,-6.0982884825170474e-07,-4.0727997113398476e-07,-2.3897709071557922e-07,-1.1033532966739734e-07,-2.7144653687483116e-08,-1.8706673083605304e-06,-1.6752076237266510e-06,-1.3878757538949969e-06,-1.0862566311614409e-06,-8.3984888642288657e-07,-6.0841259606076448e-07,-3.9591540914343887e-07,-1.5430151735739141e-07,-1.2323628376789143e-07,7.8349871421471834e-08,ok,1,8.388845174067683e-13,8.388845174067683e-13,8.242295734817162e-13,7.966960424710123e-13,7.647216193618078e-13,7.23421322845752e-13,7.049916206369744e-13,6.956657472301231e-13,6.845635169838715e-13,6.543654507140673e-13,6.192824031359123e-13
509,2.7134087362373449e-01,2.1251404267527505e+11,1.0271340873623733e+00,-1.8440126561744632e-06,-1.5692519724214372e-06,-1.3000508372382597e-06,-1.0418478655516533e-06,-8.0012361582200829e-07,-5.8023816861298688e-07,-3.8751755552566636e-07,-2.2738122319860080e-07,-1.0498153670994569e-07,-2.5827515684790767e-08,-1.8600936936925764e-06,-1.6135789601370836e-06,-1.2928906724562454e-06,-1.1018054966396979e-06,-7.7657153741227263e-07,-6.2040676548743834e-07,-3.2464579962881947e-07,-1.9144506982032522e-07,-8.6970379851316183e-08,-1.2532606368661544e-08,ok,1,3.0953017926549364e-13,3.0953017926549364e-13,2.935429677108914e-13,2.69340105774063e-13,2.469136006766348e-13,2.1449508835758024e-13,2.0117241206207837e-13,1.9051427102567686e-13,1.751931932858497e-13,1.41886502547095e-13,1.0458300891968975e-13
510,-1.0147067390031788e+00,1.8590571757002423e+11,8.9852932609968217e-01,-2.1079426143008491e-06,-1.7938559663171080e-06,-1.4861245943166405e-06,-1.1909655316416193e-06,-9.1464375846458234e-07,-6.6328653329343416e-07,-4.4298219231145732e-07,-2.5992585705270396e-07,-1.2000734062464430e-07,-2.9524157955857316e-08,-2.0965246263709944e-06,-1.7943268066916364e-06,-1.4614587639923026e-06,-1.2000503977892847e-06,-8.8701516858123190e-07,-6.5754935322009150e-07,-4.1685092452386573e-07,-2.8488209095183247e-07,-1.6961196810974856e-07,-3.7257207631524985e-08,ok,1,3.7347902548390266e-13,3.7347902548390266e-13,3.6060043839825084e-13,3.33288951992472e-13,3.028688411177427e-13,2.644551244657123e-13,2.4935609133081016e-13,2.4202861936828413e-13,2.327027459614328e-13,2.078337502098293e-13,1.836308882730009e-13
511,3.0723906257856329e-02,2.0753567762047504e+11,1.0030723906257857e+00,-1.8882468248418561e-06,-1.6068951828394257e-06,-1.3312364518370361e-06,-1.0668397082358385e-06,-8.1931697811197744e-07,-5.9415691962153029e-07,-3.9681332519160754e-07,-2.3283564312636843e-07,-1.0749983341811114e-07,-2.6447066034001153e-08,-1.8366172631756557e-06,-1.5514856145180009e-06,-1.3148822191126157e-06,-1.0743441215925954e-06,-8.6379532879405706e-07,-6.6068669699140918e-07,-4.2970118270740310e-07,-3.1169270839456641e-07,-7.3988168332506451e-08,4.0249529811259019e-09,ok,1,1.1830536550405668e-12,9.676703882632864e-13,9.78772618509538e-13,9.847678228425139e-13,9.983125437429408e-13,1.0116352200384426e-12,1.050270981295398e-12,1.0949019468853294e-12,1.1330936189324348e-12,1.1519674103510624e-12,1.1830536550405668e-12
512,-4.3791589355417204e-01,1.9783952016236417e+11,9.5620841064458273e-01,-1.9807902080740559e-06,-1.6856494615508011e-06,-1.3964806368208107e-06,-1.1191257519181051e-06,-8.5947187952451133e-07,-6.2327667811348201e-07,-4.1626123165262641e-07,-2.4424696810172214e-07,-1.1276842338766548e-07,-2.7743242431678903e-08,-1.9830865466929240e-06,-1.6570535477059178e-06,-1.3728386876628093e-06,-1.2008371859210407e-06,-8.3405089861133434e-07,-5.7994289612355046e-07,-3.9233019377139130e-07,-2.1017910785892387e-07,-1.5710486086987025e-07,9.5337325787759239e-09,ok,1,-5.235811784132238e-13,-5.235811784132238e-13,-5.186961971048731e-13,-5.148104165186851e-13,-4.998224056862455e-13,-4.85722573273506e-13,-4.4875214655348827e-13,-4.092282068768327e-13,-3.7769787297747826e-13,-3.6404212977458883e-13,-3.4439118223872356e-13
513,1.2864511676093618e-01,2.0956166746578378e+11,1.0128645116760937e+00,-1.8699917262908315e-06,-1.5913601216716010e-06,-1.3183663904111517e-06,-1.0565257684713404e-06,-8.1139602626228921e-07,-5.8841275896428842e-07,-3.9297703310182162e-07,-2.3058464629929622e-07,-1.0646055188592836e-07,-2.6191382407007182e-08,-1.8413432500622815e-06,-1.5888279268610526e-06,-1.3209409673694021e-06,-1.0505722107061537e-06,-7.9448404821608205e-07,-6.0320848665937245e-07,-3.6324752804614573e-07,-2.0119256579854148e-07,-8.3605087285479363e-08,4.9598080415022862e-08,ok,1,2.374545005068285e-12,2.1442847497610273e-12,2.1658230764387554e-12,2.183586644832758e-12,2.2091217743991365e-12,2.2291057888423893e-12,2.268185639309195e-12,2.3099300250351007e-12,2.3439028495886305e-12,2.355671213649657e-12,2.374545005068285e-12
514,1.4815232346097036e+00,2.3755271572407477e+11,1.1481523234609703e+00,-1.6496489341884933e-06,-1.4038487399260847e-06,-1.1630221033787520e-06,-9.3203439533844003e-07,-7.1578850917340217e-07,-5.1907955903829987e-07,-3.4667219897428138e-07,-2.0341465187247316e-07,-9.3916210153554235e-08,-2.3105228469830390e-08,-1.6641894650651899e-06,-1.4035432594919928e-06,-1.1485834677133967e-06,-9.5692293376654509e-07,-6.5804828159914145e-07,-5.1077563073506615e-07,-3.5992884900608797e-07,-2.1501147626376976e-07,-6.6532070453856127e-08,-3.6177350995473479e-08,ok,1,-2.1382895454280515e-13,-2.1382895454280515e-13,-2.0761170560490427e-13,-2.0261570199409107e-13,-1.8640644583456378e-13,-1.6864287744056128e-13,-1.2634338020234281e-13,-8.115730310009894e-14,-4.0967229608668276e-14,-2.020605904817785e-14,5.773159728050814e-15
515,2.2413793660729873e+00,2.5327413908405011e+11,1.2241379366072986e+00,-1.5472506815164395e-06,-1.3167079822745098e-06,-1.0908301183225186e-06,-8.7418045348755001e-07,-6.7135754504334552e-07,-4.8685886120268281e-07,-3.2515330080796348e-07,-1.9078814420288421e-07,-8.8086572333037734e-08,-2.1671023304191577e-08,-1.5839418124295256e-06,-1.2975144548163858e-06,-1.1406983531622422e-06,-8.2146052407637341e-07,-6.2286432734394893e-07,-5.1625681011525319e-07,-3.2163266334818711e-07,-1.0148687328817742e-07,-1.1706381583530607e-07,-1.6406046805287342e-08,ok,1,1.1153300505384323e-12,1.021183138050219e-12,1.0260681193585697e-12,1.028954699222595e-12,1.0393907956540716e-12,1.0442757769624222e-12,1.0673684158746255e-12,1.0940137684656293e-12,1.1148859613285822e-12,1.113997782908882e-12,1.1153300505384323e-12
516,1.0690835257798133e-01,2.0911193381483844e+11,1.0106908352577981e+00,-1.8740134872231806e-06,-1.5947826341226576e-06,-1.3212017796638840e-06,-1.0587980213374150e-06,-8.1314108256021747e-07,-5.8967824875913519e-07,-3.9382220244498157e-07,-2.3108056096514322e-07,-1.0668951487137426e-07,-2.6247711789136732e-08,-1.8756141639521793e-06,-1.6867009024677987e-06,-1.2328178662905815e-06,-1.0599598841809366e-06,-8.0631000711367478e-07,-5.5613331155771729e-07,-3.8373111455370546e-07,-2.1442358981997136e-07,-1.0773888499034993e-07,4.4651477624880521e-08,ok,1,1.3717915692268434e-12,1.1288747714388592e-12,1.1390888232654106e-12,1.1464162952279366e-12,1.1644019082268642e-12,1.1826095658307167e-12,1.2261303083960229e-12,1.2732037646401295e-12,1.3149481503660354e-12,1.3380407892782387e-12,1.3717915692268434e-12
517,-6.8777207535540175e-01,1.9266999576089673e+11,9.3122279246445983e-01,-2.0339367463988477e-06,-1.7308770850240964e-06,-1.4339495779443574e-06,-1.1491529902505012e-06,-8.8253235054146079e-07,-6.3999980089802563e-07,-4.2742992756537904e-07,-2.5080035310830884e-07,-1.1579411046492021e-07,-2.8487620756610871e-08,-2.0549676002553385e-06,-1.7599865428640312e-06,-1.4268391844544496e-06,-1.1395578417837601e-06,-8.2276634861248115e-07,-6.9416829021380723e-07,-3.8596180169819435e-07,-1.7546245572790205e-07,-9.2403043617834098e-08,-5.5046190259856873e-08,ok,1,-3.4863223419279166e-12,-3.286149130588001e-12,-3.3134606169937797e-12,-3.348654686874397e-12,-3.377076396304801e-12,-3.409161841716468e-12,-3.418820782030707e-12,-3.424815986363683e-12,-3.4344749266779218e-12,-3.4602321008492254e-12,-3.4863223419279166e-12
518,8.3311645536935564e-01,2.2413717946159198e+11,1.0833116455369356e+00,-1.7483872387820915e-06,-1.4878748873161735e-06,-1.2326337815439242e-06,-9.8782050480153239e-07,-7.5863140888271403e-07,-5.5014861533633920e-07,-3.6742196243411758e-07,-2.1558985923868433e-07,-9.9537483366377304e-08,-2.4488171857995485e-08,-1.6933877996021871e-06,-1.4987273328117163e-06,-1.2438375477266465e-06,-1.0011418818233116e-06,-7.6079846841144523e-07,-5.8561098274979227e-07,-3.4236734712966171e-07,-2.6190564257838259e-07,-1.9914574485903355e-08,2.2358084463702358e-09,ok,1,-2.1034285424548216e-12,-1.5998313784848506e-12,-1.64879221387082e-12,-1.7114087924596788e-12,-1.7712498134869747e-12,-1.834421503588146e-12,-1.8776091792460647e-12,-1.917466185830108e-12,-1.963540441352052e-12,-2.028155421385236e-12,-2.1034285424548216e-12
519,-4.0538211456664364e-01,1.9851264404961615e+11,9.5946178854333564e-01,-1.9740736726486956e-06,-1.6799337000949317e-06,-1.3917453995250050e-06,-1.1153309796458764e-06,-8.5655755103937099e-07,-6.2116324890134043e-07,-4.1484975793994987e-07,-2.4341876660547214e-07,-1.1238604411922380e-07,-2.7649169636947266e-08,-2.0129925226694260e-06,-1.5969215769604130e-06,-1.3815170342705410e-06,-1.1649453344533144e-06,-8.6579051282945238e-07,-6.5072537713337340e-07,-4.2160300866233902e-07,-2.3168382498981083e-07,-1.2494932843784360e-07,-7.2017739506539132e-08,ok,1,-4.849787238470071e-12,-4.228173366982446e-12,-4.291567101688543e-12,-4.365063865918728e-12,-4.4355630279824254e-12,-4.514277840428349e-12,-4.57389681685072e-12,-4.6306292134090654e-12,-4.6883608106895736e-12,-4.7626347310369965e-12,-4.849787238470071e-12
520,-1.1399844842173126e+00,1.8331372102154379e+11,8.8600155157826865e-01,-2.1377482390446599e-06,-1.8192205077489205e-06,-1.5071379139772212e-06,-1.2078053979063741e-06,-9.2757652449616976e-07,-6.7266518970210515e-07,-4.4924581680601103e-07,-2.6360112435071034e-07,-1.2170420549033762e-07,-2.9941619971627588e-08,-2.1318511900473602e-06,-1.7990150242450895e-06,-1.5697397874614112e-06,-1.2129881475179301e-06,-9.1982600059719914e-07,-6.8729258606046181e-07,-4.8096858208694040e-07,-2.0603860782120251e-07,-1.3011536809056588e-07,-1.2073627831822036e-07,ok,1,-3.891997835125949e-12,-3.461675390781238e-12,-3.5207392556912964e-12,-3.591904551569769e-12,-3.657851799232503e-12,-3.7235770022903125e-12,-3.75788289375123e-12,-3.780753488058508e-12,-3.8045122607854864e-12,-3.845590512696617e-12,-3.891997835125949e-12
521,-9.6396190368914292e-01,1.8695562821267163e+11,9.0360380963108566e-01,-2.0961047712483693e-06,-1.7837819798414283e-06,-1.4777787742812638e-06,-1.1842772741204307e-06,-9.0950727648068639e-07,-6.5956163024033538e-07,-4.4049448053415274e-07,-2.5846615815952854e-07,-1.1933340004686405e-07,-2.9358355364385773e-08,-2.1001239620737782e-06,-1.8407490728517763e-06,-1.4923846545240361e-06,-1.2360579542848962e-06,-8.3631408807625817e-07,-6.9230768386243661e-07,-4.0432209194849158e-07,-2.6911957226846217e-07,-6.8449952953846282e-08,2.5798057619758224e-08,ok,1,1.141753358524511e-12,1.1008971512183052e-12,1.098676705169055e-12,1.0909051439966788e-12,1.092237411626229e-12,1.0913492332065289e-12,1.1095568908103814e-12,1.1286527268339341e-12,1.141753358524511e-12,1.1359801987964602e-12,1.1322054405127346e-12
522,-1.0376804026698637e-01,2.0475303924687604e+11,9.8962319597330128e-01,-1.9139085102300535e-06,-1.6287332381674773e-06,-1.3493282450046581e-06,-1.0813382921033307e-06,-8.3045167419566351e-07,-6.0223164149686872e-07,-4.0220610466034863e-07,-2.3599993020073760e-07,-1.0896077955511102e-07,-2.6806487418469827e-08,-1.9456369373759629e-06,-1.6430910216421525e-06,-1.4130755590800868e-06,-1.0597927578037230e-06,-8.0813251341656703e-07,-5.6390790752931322e-07,-4.8617162679389845e-07,-1.9042949216584524e-07,-8.3994109938174780e-08,-3.4094366979444875e-08,ok,1,5.730971253115058e-12,5.558664639693234e-12,5.595301999505864e-12,5.6210591736771676e-12,5.643929767984446e-12,5.654143819810997e-12,5.6770144141182755e-12,5.700551142240329e-12,5.7200910674737315e-12,5.722533558127907e-12,5.730971253115058e-12
523,-1.5105457318018436e-01,2.0377468088090198e+11,9.8489454268198151e-01,-1.9230975242619506e-06,-1.6365530751658599e-06,-1.3558066091014160e-06,-1.0865299889302709e-06,-8.3443881989594137e-07,-6.0512306236410362e-07,-4.0413716746712868e-07,-2.3713300770090251e-07,-1.0948391957303797e-07,-2.6935190116506123e-08,-1.9032672862512822e-06,-1.6578908977042689e-06,-1.3822645183162882e-06,-1.0318152981418965e-06,-7.9315141989367370e-07,-5.5968224429943259e-07,-4.4206951360681363e-07,-1.7355203186576781e-07,-8.4465730794015683e-08,-1.6611937643739786e-08,ok,1,4.3862691256890685e-12,3.689271110829395e-12,3.750999510998554e-12,3.817612892476063e-12,3.894662370385049e-12,3.9679370900103095e-12,4.058531288819722e-12,4.14979162144391e-12,4.235278794340047e-12,4.3014480866077065e-12,4.3862691256890685e-12
524,-5.5112848562402983e-01,1.9549715163243881e+11,9.4488715143759694e-01,-2.0045232425961819e-06,-1.7058462379182254e-06,-1.4132127082073530e-06,-1.1325346682166254e-06,-8.6976972717365171e-07,-6.3074452950848744e-07,-4.2124870692426981e-07,-2.4717343739780535e-07,-1.1411956944764150e-07,-2.8075650845102116e-08,-2.0500339848280432e-06,-1.6616672654542676e-06,-1.4209438396362009e-06,-1.1325072871492081e-06,-9.3052007967826843e-07,-6.7437926197160217e-07,-4.5907355196872274e-07,-2.3249605269842040e-07,-1.7178717058357432e-07,-1.9540056000992785e-08,ok,1,1.9952928198563313e-12,1.7552626019323725e-12,1.780131597683976e-12,1.8034462812011043e-12,1.8327561690512084e-12,1.8534063173092363e-12,1.8907098109366416e-12,1.9273471707492718e-12,1.958655460043701e-12,1.972866314758903e-12,1.9952928198563313e-12
525,5.3799121044909559e-01,2.1803103814419177e+11,1.0537991210449096e+00,-1.7973522836180183e-06,-1.5295440661753281e-06,-1.2671547200643618e-06,-1.0154852430442837e-06,-7.7987751508066803e-07,-5.6555598678084562e-07,-3.7771192135484671e-07,-2.2162763330259990e-07,-1.0232511371958968e-07,-2.5173983562868371e-08,-1.7946311589306945e-06,-1.5423645881704583e-06,-1.2558702172148653e-06,-1.0432586099313745e-06,-7.9748166043172290e-07,-5.7175736889034843e-07,-3.6916781062122599e-07,-2.4457624270924298e-07,-1.0629216431638467e-07,-6.1767952582026321e-09,ok,1,6.603606550470431e-13,4.707345624410664e-13,4.924949337237194e-13,5.118128143521972e-13,5.353495424742505e-13,5.497824417943775e-13,5.81312775693732e-13,6.135092434078615e-13,6.390443729742401e-13,6.470379787515412e-13,6.603606550470431e-13
526,-6.5194024553891716e-01,1.9341135631979980e+11,9.3480597544610833e-01,-2.0261405109030631e-06,-1.7242425004467359e-06,-1.4284531392678266e-06,-1.1447481987306643e-06,-8.7914953637607786e-07,-6.3754663259096684e-07,-4.2579155588102436e-07,-2.4983901612543404e-07,-1.1535026276132357e-07,-2.8378425522044144e-08,-2.0513458566079042e-06,-1.7299941065477281e-06,-1.3810635026882405e-06,-1.1523108832974921e-06,-8.9777553812728343e-07,-6.7095200665285020e-07,-4.4871767807495384e-07,-2.5344841503820421e-07,-1.7651935869619342e-07,2.7236896154887929e-08,ok,1,1.0202949596305189e-12,9.383605004131823e-13,9.452438831658583e-13,9.487965968446588e-13,9.5723429183181e-13,9.601208716958354e-13,9.818812429784884e-13,1.0045297926808416e-12,1.0202949596305189e-12,1.0176304243714185e-12,1.0194067812108187e-12
527,7.3297011421470126e-01,2.2206515166310217e+11,1.0732970114214702e+00,-1.7647009509302652e-06,-1.5017578316010188e-06,-1.2441351424841609e-06,-9.9703758155223033e-07,-7.6570998630365257e-07,-5.5528189814156079e-07,-3.7085027396570009e-07,-2.1760146789601836e-07,-1.0046623977439206e-07,-2.4716664138137079e-08,-1.6799796229106324e-06,-1.5634379843313115e-06,-1.2025215939549058e-06,-1.0117643944159544e-06,-7.9569332631681509e-07,-4.8710096050744415e-07,-3.8457931174172617e-07,-3.7823280272187898e-07,-7.7183715626278211e-08,4.4520111373283750e-08,ok,1,1.45461420686388e-12,1.184385922670117e-12,1.2014833572493444e-12,1.2172485241990216e-12,1.2421175199506251e-12,1.2663203818874536e-12,1.3140599719463353e-12,1.361799562005217e-12,1.4019896354966477e-12,1.4244161405940758e-12,1.45461420686388e-12
528,3.9979584746267038e-01,2.1517177608400266e+11,1.0399795847462672e+00,-1.8212359977590936e-06,-1.5498690706696460e-06,-1.2839930223726193e-06,-1.0289792917512341e-06,-7.9024074314916013e-07,-5.7307125111803200e-07,-3.8273106180886614e-07,-2.2457268257729273e-07,-1.0368483812511514e-07,-2.5508502417430357e-08,-1.8392497133282059e-06,-1.5877807403088836e-06,-1.2794969224822407e-06,-1.0243870532370278e-06,-7.3512602758909991e-07,-6.4566013821303561e-07,-4.1732743834553175e-07,-2.1111903683586132e-07,-6.9678977872925680e-08,-1.2451749954266161e-08,ok,1,-5.79725156768518e-12,-4.952926957457748e-12,-5.039413331076048e-12,-5.143552250785888e-12,-5.245470724446477e-12,-5.353051335532655e-12,-5.437317263101704e-12,-5.5140336741033025e-12,-5.591416218919676e-12,-5.685452109105427e-12,-5.79725156768518e-12
529,-6.4409414699012635e-01,1.9357369209877429e+11,9.3559058530098738e-01,-2.0244413383754764e-06,-1.7227965072039016e-06,-1.4272552024424292e-06,-1.1437881840228359e-06,-8.7841225940435704e-07,-6.3701196990711311e-07,-4.2543447634456326e-07,-2.4962949482601283e-07,-1.1525352712203943e-07,-2.8354626658746084e-08,-1.9912730163012979e-06,-1.7622405084850452e-06,-1.3856873685365850e-06,-1.1819819796943998e-06,-8.4740320548036425e-07,-6.3347224920217880e-07,-4.7257930390041040e-07,-2.7146177565664361e-07,-1.0001751543714152e-07,2.8453340492795271e-09,ok,1,-3.2018832030189515e-12,-2.9622970743048427e-12,-2.9960478542534474e-12,-3.0389024630039785e-12,-3.075650845119071e-12,-3.1140645617711016e-12,-3.128164394183841e-12,-3.1360469776586797e-12,-3.146705118695081e-12,-3.1730174043786974e-12,-3.2018832030189515e-12
530,-1.0851775998797983e+00,1.8444767545848697e+11,8.9148224001202014e-01,-2.1246057090972337e-06,-1.8080362347053873e-06,-1.4978722741758973e-06,-1.2003800059344973e-06,-9.2187393425262007e-07,-6.6852975305981775e-07,-4.4648392628359660e-07,-2.6198054733073454e-07,-1.2095598774606066e-07,-2.9757543741355149e-08,-2.1134671491773720e-06,-1.8172498874131379e-06,-1.4697570435991363e-06,-1.2187834378099833e-06,-9.1812810294133792e-07,-6.6384054501689091e-07,-4.5400126744333747e-07,-2.4009031084892214e-07,-1.8340226334064131e-07,-2.1363233190037644e-08,ok,1,2.51776377524493e-12,2.3712143359944093e-12,2.3780977187470853e-12,2.3800961201914106e-12,2.390310172017962e-12,2.403410803708539e-12,2.439382029706394e-12,2.474909166494399e-12,2.5017765636903277e-12,2.5073276788134535e-12,2.51776377524493e-12
531,2.9437150092160738e+00,2.6780546354068057e+11,1.2943715009216075e+00,-1.4632957040011610e-06,-1.2452624237967056e-06,-1.0316408614355201e-06,-8.2674676921536892e-07,-6.3492918325797080e-07,-4.6044153579202104e-07,-3.0751023987120981e-07,-1.8043583701172760e-07,-8.3306929132367480e-08,-2.0495137395090137e-08,-1.4352226490429492e-06,-1.1929877799121838e-06,-1.0023585499726329e-06,-8.0648676989916517e-07,-6.1548502324071974e-07,-4.1745557124336163e-07,-3.3056048208270797e-07,-1.3920208339413315e-07,-9.6912670059387660e-08,3.1278098679561493e-08,ok,1,-2.065236870407716e-12,-1.9608759060929515e-12,-1.9875212586839552e-12,-2.0183854587685346e-12,-2.0399237854462626e-12,-2.0616841567289157e-12,-2.0586865545624278e-12,-2.0498047703654265e-12,-2.045141833662001e-12,-2.05657713081564e-12,-2.065236870407716e-12
532,-1.5829890371300241e+00,1.7414795682177979e+11,8.4170109628699752e-01,-2.2502623140690998e-06,-1.9149698148734234e-06,-1.5864616740106807e-06,-1.2713746735926126e-06,-9.7639677973602901e-07,-7.0806893848725848e-07,-4.7289054569118350e-07,-2.7747499225541057e-07,-1.2810974747950862e-07,-3.1517508850566352e-08,-2.2044938906587641e-06,-1.9764993713139739e-06,-1.5876744560064027e-06,-1.2632710967995006e-06,-9.8869830063467621e-07,-6.2952040373227742e-07,-4.8415445658515219e-07,-1.9336559021099075e-07,-1.1865886810419584e-07,-8.2762203960047397e-08,ok,1,9.301448500309561e-13,7.605027718682322e-13,7.722711359292589e-13,7.831513215705854e-13,7.995826223350377e-13,8.093525849517391e-13,8.402167850363185e-13,8.750777880095484e-13,9.041656312547275e-13,9.141576384763539e-13,9.301448500309561e-13
533,7.6060466918914993e-01,2.2263691060552350e+11,1.0760604669189149e+00,-1.7601689820492063e-06,-1.4979011329596428e-06,-1.2409400505639483e-06,-9.9447706653074618e-07,-7.6374354897130897e-07,-5.5385586599615394e-07,-3.6989788489341086e-07,-2.1704264058835468e-07,-1.0020823012570123e-07,-2.4653188707527537e-08,-1.7007492825735731e-06,-1.4700919952648153e-06,-1.2351239670276879e-06,-9.7447715771979990e-07,-6.9351451674761176e-07,-5.9857000684235289e-07,-3.6626365496755241e-07,-1.8570647378602011e-07,-1.0128675066745768e-07,-5.2241924497988538e-08,ok,1,-2.6375568396019844e-12,-1.9940715745292437e-12,-2.0470292128038636e-12,-2.115974062633086e-12,-2.188804693048496e-12,-2.273625732129858e-12,-2.3387958236753548e-12,-2.3981927554928006e-12,-2.4614754678964346e-12,-2.542077659484221e-12,-2.6375568396019844e-12
534,-1.0298044600225087e+00,1.8559334572213431e+11,8.9701955399774924e-01,-2.1114904889581555e-06,-1.7968752022670906e-06,-1.4886258881136150e-06,-1.1929700437182252e-06,-9.1618319383100637e-07,-6.6440290973831289e-07,-4.4372777489178068e-07,-2.6036333782406053e-07,-1.2020932477712126e-07,-2.9573850016285296e-08,-2.0738690918094831e-06,-1.7614984519998040e-06,-1.4927708464973359e-06,-1.2375652580049602e-06,-8.7127774228235512e-07,-6.1708547810169852e-07,-3.6510727333889124e-07,-3.0426032369947939e-07,-1.5487225398350865e-07,-6.6043481044088200e-08,ok,1,-4.810152276490953e-12,-4.278133403090578e-12,-4.332423308994748e-12,-4.3968162444230074e-12,-4.459321800709404e-12,-4.528488695143551e-12,-4.575451129085195e-12,-4.618971871650501e-12,-4.6668224840118455e-12,-4.732880753977042e-12,-4.810152276490953e-12
535,-2.0584380900363256e-01,2.0264109159171484e+11,9.7941561909963670e-01,-1.9338554743686629e-06,-1.6457080743830698e-06,-1.3633910917760396e-06,-1.0926081182305420e-06,-8.3910673250952082e-07,-6.0850816563130387e-07,-4.0639794073961612e-07,-2.3845954732402761e-07,-1.1009638073487060e-07,-2.7085867566644940e-08,-1.9251878307843854e-06,-1.6191105820969795e-06,-1.3916505879401945e-06,-1.1562894432158879e-06,-8.8167062346977952e-07,-6.5220208333024726e-07,-4.3192114765799150e-07,-2.5834500092685003e-07,-1.3532473260832639e-07,-3.2190130893166088e-08,ok,1,-3.6128877667351844e-12,-3.0787594695880216e-12,-3.1386004906153175e-12,-3.2126523663578155e-12,-3.284261751446138e-12,-3.3568703372566233e-12,-3.4019453920564047e-12,-3.4386937741714974e-12,-3.4785507807555405e-12,-3.5392799802025365e-12,-3.6128877667351844e-12
536,7.8630765245209244e-01,2.2316870532923380e+11,1.0786307652452092e+00,-1.7559746279351250e-06,-1.4943317439728596e-06,-1.2379829810670526e-06,-9.9210730032214951e-07,-7.6192360388132680e-07,-5.5253606792361433e-07,-3.6901644525274423e-07,-2.1652544382963455e-07,-9.9969441232992451e-08,-2.4594441959624444e-08,-1.7789936343093767e-06,-1.5405876794945851e-06,-1.1894003220013058e-06,-9.6505204750271224e-07,-8.0618474348216528e-07,-6.0432856733496961e-07,-4.0990412760600001e-07,-1.8484214897942808e-07,-1.4935540054292308e-07,-1.2932592621271040e-08,ok,1,-1.6424639426304566e-12,-1.584843367652411e-12,-1.5949463971764999e-12,-1.6094903187990894e-12,-1.6177059691813156e-12,-1.6320278461989801e-12,-1.624700374236454e-12,-1.6153745008296028e-12,-1.613265077082815e-12,-1.6288081994275672e-12,-1.6424639426304566e-12
537,-7.1181431640264317e-02,2.0542725617936295e+11,9.9288185683597363e-01,-1.9076270189129945e-06,-1.6233876985876764e-06,-1.3448997189753850e-06,-1.0777893152025251e-06,-8.2772611288841156e-07,-6.0025510353434605e-07,-4.0088605506505877e-07,-2.3522537305517564e-07,-1.0860316779514353e-07,-2.6718507916271598e-08,-1.8839525180996947e-06,-1.5744258315746787e-06,-1.3420320019144133e-06,-1.1408428696704769e-06,-7.4560112549115752e-07,-5.5373979251659377e-07,-3.7377158784293715e-07,-2.5053059046241538e-07,-1.8684484686100534e-07,-2.0723080800297943e-08,ok,1,2.623901096399095e-12,2.623901096399095e-12,2.597033699203166e-12,2.553735001242785e-12,2.509770169467629e-12,2.4633628470382973e-12,2.4427126987802694e-12,2.4285018440650674e-12,2.412070543300615e-12,2.3803181647963356e-12,2.346123295637881e-12
538,2.1897874808198647e+00,2.5220670297816299e+11,1.2189787480819865e+00,-1.5537992435560297e-06,-1.3222807986337882e-06,-1.0954469323848163e-06,-8.7788032255313515e-07,-6.7419898928166797e-07,-4.8891943580444940e-07,-3.2652947506853053e-07,-1.9159563326302134e-07,-8.8459388703783492e-08,-2.1762743438651426e-08,-1.5075918422109197e-06,-1.2917294208710313e-06,-1.0667946988252336e-06,-8.2276831589360168e-07,-6.9870812491391299e-07,-5.4649344426954242e-07,-3.2386817990426804e-07,-1.5643668006301903e-07,-1.0298065402379473e-07,-6.2074531164038754e-08,ok,1,-2.0878854201100694e-12,-1.673772231924886e-12,-1.7121859485769164e-12,-1.7625900738948985e-12,-1.8116619315833304e-12,-1.869282506561376e-12,-1.9065860001887813e-12,-1.9388934902053734e-12,-1.9734214262712158e-12,-2.0257129307310606e-12,-2.0878854201100694e-12
539,2.5366213293563666e-01,2.1214826953043832e+11,1.0253662132935637e+00,-1.8471919906570755e-06,-1.5719575812420872e-06,-1.3022923058324934e-06,-1.0436441562841314e-06,-8.0150314030299536e-07,-5.8123857997769235e-07,-3.8818568972909802e-07,-2.2777326007609686e-07,-1.0516253949139406e-07,-2.5872045916711359e-08,-1.8366780424307992e-06,-1.5092294860376706e-06,-1.3282181116012070e-06,-1.0186481110582714e-06,-8.0871979579709909e-07,-5.7542978920917890e-07,-4.2840330959076634e-07,-2.3520092385805348e-07,-8.1818967169849587e-08,-2.4106401940675867e-08,ok,1,1.6346923814580805e-12,1.2716494524056543e-12,1.2931877790833823e-12,1.3162804179955856e-12,1.3513634655737405e-12,1.3846701563124952e-12,1.4417356197782283e-12,1.5027978861326119e-12,1.5563106359195444e-12,1.588951192843524e-12,1.6346923814580805e-12
540,1.0976561571324384e+00,2.2961050589107016e+11,1.1097656157132438e+00,-1.7067101646194006e-06,-1.4524077604418226e-06,-1.2032509489601982e-06,-9.6427339376995736e-07,-7.4054757894587539e-07,-5.3703448127438038e-07,-3.5866356381539274e-07,-2.1045074911893907e-07,-9.7164764677905192e-08,-2.3904436554984878e-08,-1.7166770924300574e-06,-1.4872642546414350e-06,-1.2757813005826418e-06,-9.7870736315693866e-07,-7.4960967467009394e-07,-5.6264122322917901e-07,-4.2613970961830470e-07,-2.3861816985864961e-07,-6.0136368497653285e-08,-5.9827514541695472e-08,ok,1,-5.176969963827105e-13,-4.942712905631197e-13,-5.034861416675085e-13,-5.168088179630104e-13,-5.176969963827105e-13,-5.146993942162226e-13,-4.866107516932061e-13,-4.563016631209393e-13,-4.334310688136611e-13,-4.298783551348606e-13,-4.2232883856740955e-13
541,-8.6946526539226632e-01,1.8891076365903400e+11,9.1305347346077326e-01,-2.0744110961048826e-06,-1.7653206952108401e-06,-1.4624844754928373e-06,-1.1720205745426441e-06,-9.0009431408135994e-07,-6.5273548493500895e-07,-4.3593557475118197e-07,-2.5579115786960474e-07,-1.1809835681336357e-07,-2.9054510521907781e-08,-2.1070636616935077e-06,-1.7683011054987855e-06,-1.4410964486275365e-06,-1.2051966043672473e-06,-8.3714161496738984e-07,-5.9498976084493827e-07,-3.8311525451469941e-07,-2.5742031814102498e-07,-9.7491182750250031e-08,-3.6047564764062165e-08,ok,1,1.5631940186722204e-13,1.5631940186722204e-13,1.3677947663381929e-13,1.0680345496894006e-13,7.704947790898586e-14,4.063416270128073e-14,2.842170943040401e-14,1.9984014443252818e-14,6.661338147750939e-15,-2.653433028854124e-14,-6.350475700855895e-14
542,-1.0437569149619812e+00,1.8530466942943661e+11,8.9562430850380192e-01,-2.1147798677392493e-06,-1.7996744586187677e-06,-1.4909449392460456e-06,-1.1948285083284318e-06,-9.1761046692239619e-07,-6.6543794771031624e-07,-4.4441903480277891e-07,-2.6076894402659748e-07,-1.2039659249361530e-07,-2.9619921545019493e-08,-2.1025938591243964e-06,-1.7714743813802100e-06,-1.4630786853316268e-06,-1.2286425030608662e-06,-9.5972037876018254e-07,-6.6922873947512084e-07,-5.0908824070282446e-07,-3.1389546144281921e-07,-1.3607790621316213e-07,5.5111884746124106e-08,ok,1,-1.4030998585212728e-12,-1.1141088052113446e-12,-1.1391998455678731e-12,-1.1735057370287905e-12,-1.2044809594158323e-12,-1.2441159213949504e-12,-1.2654322034677534e-12,-1.2846390617937686e-12,-1.3103962359650723e-12,-1.3541390231353034e-12,-1.4030998585212728e-12
543,-5.6526042328671777e-01,1.9520476184219781e+11,9.4347395767132824e-01,-2.0075257417381320e-06,-1.7084013601321777e-06,-1.4153295057846666e-06,-1.1342310488307556e-06,-8.7107252217437779e-07,-6.3168929775471467e-07,-4.2187967934407009e-07,-2.4754366909071964e-07,-1.1429050481122770e-07,-2.8117704294902550e-08,-2.0091472598916000e-06,-1.7443833506617650e-06,-1.4046953065057394e-06,-1.1300656110916463e-06,-8.1466446350370038e-07,-6.8379422670789999e-07,-3.4903046327885080e-07,-2.6253051984185153e-07,-1.4561079943182945e-07,3.1315462817591016e-08,ok,1,4.789502128232925e-13,4.789502128232925e-13,4.725109192804666e-13,4.605205106145149e-13,4.5297099404706387e-13,4.4009240696141205e-13,4.489741911584133e-13,4.60964599824365e-13,4.660716257376407e-13,4.518607710224387e-13,4.389821839367869e-13
544,-3.8712363116303883e-01,1.9889041207123672e+11,9.6128763688369612e-01,-1.9703241610612027e-06,-1.6767428714233197e-06,-1.3891019492959772e-06,-1.1132125448125294e-06,-8.5493062469557920e-07,-6.1998342525473098e-07,-4.1406180154514417e-07,-2.4295642241920904e-07,-1.1217258056898630e-07,-2.7596653419672652e-08,-1.9879150653733069e-06,-1.7121997696353486e-06,-1.3447587197730913e-06,-1.1078242149356220e-06,-8.9657381021209884e-07,-5.8702368508172714e-07,-3.9414555770158442e-07,-2.9882706090884688e-07,-6.1394866952468848e-08,-3.7845324707184284e-08,ok,1,-1.382449710263245e-12,-1.3000711618360583e-12,-1.3140599719463353e-12,-1.3357093209265258e-12,-1.3529177778082158e-12,-1.3737899706711687e-12,-1.3679057886406554e-12,-1.3558043576722412e-12,-1.351030398666353e-12,-1.3669065879184927e-12,-1.382449710263245e-12
545,-5.8172040931032443e-01,1.9486420473136938e+11,9.4182795906896755e-01,-2.0110342217345248e-06,-1.7113870712854815e-06,-1.4178030258774813e-06,-1.1362133033358794e-06,-8.7259486405796873e-07,-6.3279327825102422e-07,-4.2261698317274572e-07,-2.4797629219136864e-07,-1.1449024618512796e-07,-2.8166844587841319e-08,-2.0057706059511353e-06,-1.6840266699623492e-06,-1.3658797884021059e-06,-1.1125534562065878e-06,-8.8407624639909996e-07,-5.9164699187791510e-07,-3.9361514528037841e-07,-2.3805611909635003e-07,-1.1617204785968406e-07,1.9028971447697499e-08,ok,1,-5.759392962545462e-12,-5.1529891464952016e-12,-5.2123860783126474e-12,-5.28310728498127e-12,-5.353495424742505e-12,-5.432321259490891e-12,-5.4897197898640115e-12,-5.5422333389287814e-12,-5.597744490160039e-12,-5.671241254390225e-12,-5.759392962545462e-12
546,8.6529171876272015e-01,2.2480288566120068e+11,1.0865291718762720e+00,-1.7432097597646082e-06,-1.4834688605282965e-06,-1.2289835973064092e-06,-9.8489528330421572e-07,-7.5638488241864072e-07,-5.4851946657048517e-07,-3.6633392000347829e-07,-2.1495143546860917e-07,-9.9242724161939348e-08,-2.4415655316379026e-08,-1.6781256432015670e-06,-1.4623028018228682e-06,-1.2264879494191566e-06,-1.0305331521052357e-06,-7.7419846157838275e-07,-4.9946532554328412e-07,-3.8529208518705735e-07,-2.0159578499267816e-07,-4.6572634398892735e-08,1.7975019047971608e-08,ok,1,-3.909095269705176e-13,-8.559819519859957e-14,-1.099120794378905e-13,-1.461053500406706e-13,-1.8141044222375058e-13,-2.2803980925800715e-13,-2.5424107263916085e-13,-2.752242878045763e-13,-3.005373727660299e-13,-3.431699369116359e-13,-3.909095269705176e-13
547,-7.1543742796560794e-01,1.9209759961539157e+11,9.2845625720343916e-01,-2.0399972987289689e-06,-1.7360346058611958e-06,-1.4382223393620556e-06,-1.1525771389342041e-06,-8.8516204564045101e-07,-6.4190681806147702e-07,-4.2870354703666379e-07,-2.5154766674388821e-07,-1.1613914394114063e-07,-2.8572505754469906e-08,-1.9689252791790456e-06,-1.7457462265501056e-06,-1.3644769785194567e-06,-1.1431235464109213e-06,-9.0353451120416093e-07,-6.0570283923714276e-07,-4.2709727638539382e-07,-3.0157314018169511e-07,-1.2122206937975302e-07,2.4132547506024629e-08,ok,1,-5.017097848281082e-13,-4.2887915441269797e-13,-4.284350652028479e-13,-4.3498538104813633e-13,-4.3953729544909947e-13,-4.5197179332490123e-13,-4.4841907964610073e-13,-4.468647674116255e-13,-4.5197179332490123e-13,-4.760636329592671e-13,-5.017097848281082e-13
548,-1.2549367697200347e+00,1.8093535823449249e+11,8.7450632302799658e-01,-2.1658485557061194e-06,-1.8431338345904441e-06,-1.5269489711739823e-06,-1.2236817829397704e-06,-9.3976935131787493e-07,-6.8150725281011756e-07,-4.5515107238345951e-07,-2.6706611378761412e-07,-1.2330398541348014e-07,-3.0335197188655122e-08,-2.1568498002519267e-06,-1.8021764363182914e-06,-1.4410662097839440e-06,-1.2404100327898758e-06,-9.9278654227924171e-07,-7.2240814638126104e-07,-5.2685207968560340e-07,-2.7060543116963524e-07,-1.0089779731132410e-07,1.9485285527626114e-08,ok,1,1.8034462812011043e-12,1.1712852909795402e-12,1.2141398997300712e-12,1.2672085603071537e-12,1.3378187446733136e-12,1.4066525722000733e-12,1.496802681799636e-12,1.5862866575844237e-12,1.6653345369377348e-12,1.7248424910576432e-12,1.8034462812011043e-12
549,-6.5024004433397065e-01,1.9344653348273013e+11,9.3497599556660282e-01,-2.0257720686613058e-06,-1.7239289566580780e-06,-1.4281933831087831e-06,-1.1445400327173837e-06,-8.7898966798382948e-07,-6.3743069832618572e-07,-4.2571412808444528e-07,-2.4979358430733139e-07,-1.1532928696564262e-07,-2.8373265065178385e-08,-2.0237320664265402e-06,-1.7920416710846010e-06,-1.4070645287134619e-06,-1.1836099878495814e-06,-9.0078993136214631e-07,-6.7790339421653225e-07,-4.2669949114104177e-07,-2.5559933424230098e-07,-1.1899110092754016e-07,-1.0907181849970174e-08,ok,1,2.190247982980509e-12,1.9977353105105067e-12,2.02082794942271e-12,2.036593116372387e-12,2.0541346401614646e-12,2.0616841567289157e-12,2.0892176877396196e-12,2.1236346015029994e-12,2.154942890797429e-12,2.168931700907706e-12,2.190247982980509e-12
550,-3.2469195897036990e-01,2.0018212336890305e+11,9.6753080410296299e-01,-1.9576102886368076e-06,-1.6659233852813884e-06,-1.3801385181425089e-06,-1.1060293398579812e-06,-8.4941403046773534e-07,-6.1598287025493735e-07,-4.1138999300492863e-07,-2.4138870223373215e-07,-1.1144876673824547e-07,-2.7418581030449734e-08,-1.9582727178537114e-06,-1.6344641751194968e-06,-1.3642233349996606e-06,-1.0510722255591041e-06,-8.5415346960410664e-07,-6.0717762060165418e-07,-3.8948226307369205e-07,-2.4903475538876223e-07,-1.1895640432809517e-07,-4.7771466737919097e-08,ok,1,7.958078640513122e-13,6.161737786669619e-13,6.252776074688882e-13,6.321609902215641e-13,6.465938895416912e-13,6.59916565837193e-13,6.972200594645983e-13,7.37854222165879e-13,7.687184222504584e-13,7.784883848671598e-13,7.958078640513122e-13
551,-8.3558160685263705e-01,1.8961181655421893e+11,9.1644183931473622e-01,-2.0667413636406896e-06,-1.7587937645213778e-06,-1.4570772229569068e-06,-1.1676872559125942e-06,-8.9676639002892139e-07,-6.5032212215047660e-07,-4.3432378756199277e-07,-2.5484541970269016e-07,-1.1766171105743791e-07,-2.8947087107628111e-08,-2.0367611220038946e-06,-1.6889306932896005e-06,-1.3895687353169591e-06,-1.1346440685228187e-06,-9.5036176339275778e-07,-7.2131087501126209e-07,-3.8791083677738677e-07,-2.3509586827680648e-07,-5.2232236074750800e-08,-3.7020673298931046e-08,ok,1,-6.127320872906239e-13,-5.898614929833457e-13,-5.978550987606468e-13,-6.094014182167484e-13,-6.120659534758488e-13,-6.127320872906239e-13,-5.871969577242453e-13,-5.574429806642911e-13,-5.341282971471628e-13,-5.269118474870993e-13,-5.117017920497346e-13
552,-6.6830040145422574e-03,2.0676172864693912e+11,9.9933169959854573e-01,-1.8953148963920934e-06,-1.6129101010040922e-06,-1.3362195262784798e-06,-1.0708330947419962e-06,-8.2238383936528676e-07,-5.9638096340905434e-07,-3.9829867389589512e-07,-2.3370719178382440e-07,-1.0790222599956810e-07,-2.6546062495996178e-08,-1.9811656521840671e-06,-1.5790846476147635e-06,-1.3239080058823289e-06,-1.0523085863235597e-06,-8.4762857048982203e-07,-5.7108511266874831e-07,-5.0410121239454225e-07,-2.2544977708082625e-07,-7.3423575355652753e-08,1.0140164887693642e-09,ok,1,1.5418777365994174e-12,1.1168843627729075e-12,1.1524114995609125e-12,1.1888268147686176e-12,1.2332357357536239e-12,1.2716494524056543e-12,1.3307133173157126e-12,1.3931078512996464e-12,1.4492851363456793e-12,1.4885870314174099e-12,1.5418777365994174e-12
553,1.5827161960866822e+00,2.3964639809703345e+11,1.1582716196086682e+00,-1.6352366963182766e-06,-1.3915839473667189e-06,-1.1528613044021922e-06,-9.2389163166890010e-07,-7.0953498816954488e-07,-5.1454459531156200e-07,-3.4364348050513397e-07,-2.0163750990711158e-07,-9.3095706631535557e-08,-2.2903368521419660e-08,-1.5847319715315097e-06,-1.3404533270765302e-06,-1.2198118392436939e-06,-9.1485316606289396e-07,-7.3154085749525019e-07,-5.0129895836482175e-07,-2.9220651066148449e-07,-2.0331972513875059e-07,-8.6738172053777229e-08,3.3843364105189221e-09,ok,1,2.51687559682523e-12,2.2497559371004172e-12,2.2639667918156192e-12,2.276179245086496e-12,2.3008261962331744e-12,2.325917236589703e-12,2.3732127374387346e-12,2.4220625505222415e-12,2.461808534803822e-12,2.4842350399012503e-12,2.51687559682523e-12
554,-7.2210029245557739e-01,1.9195974494909412e+11,9.2778997075444236e-01,-2.0414623097727670e-06,-1.7372813280365119e-06,-1.4392551895583543e-06,-1.1534048548523664e-06,-8.8579771911561104e-07,-6.4236779934706271e-07,-4.2901141775353719e-07,-2.5172831409570431e-07,-1.1622254852630839e-07,-2.8593024917163263e-08,-2.0743392166515879e-06,-1.7322702436341474e-06,-1.4819873139415661e-06,-1.1369170963320399e-06,-8.9063743042621992e-07,-5.7069506568669256e-07,-3.9169797849300750e-07,-1.9161726905199598e-07,-1.5390881912994188e-07,-6.1776708643378577e-08,ok,1,-2.119415754009424e-12,-1.829425499977333e-12,-1.855071651846174e-12,-1.890598788634179e-12,-1.9260149031197216e-12,-1.9709789356170404e-12,-1.993960552226781e-12,-2.0127233213429463e-12,-2.035704937952687e-12,-2.075783989141655e-12,-2.119415754009424e-12
555,-2.7014717225078300e-01,2.0131065500613129e+11,9.7298528277492169e-01,-1.9466360799261207e-06,-1.6565843503201578e-06,-1.3724015705817017e-06,-1.0998290267077482e-06,-8.4465228248031263e-07,-6.1252971892058662e-07,-4.0908377318635205e-07,-2.4003549622838871e-07,-1.1082399375159442e-07,-2.7264874630087572e-08,-1.9483373794687889e-06,-1.6323893388482318e-06,-1.3900133732320332e-06,-1.1152574326373602e-06,-8.1495641070830821e-07,-6.4097175859298270e-07,-3.8798031870433389e-07,-2.2526025837137554e-07,-1.7366186550494860e-07,-9.6183659373914684e-09,ok,1,1.7481571745747715e-12,1.5547563236850692e-12,1.5787371410169726e-12,1.5982770662503754e-12,1.6215917497675036e-12,1.6373569167171809e-12,1.6695533844313104e-12,1.701971896750365e-12,1.7272849817118185e-12,1.7343904090694195e-12,1.7481571745747715e-12
556,-7.7718420095090046e-01,1.9082005888232587e+11,9.2228157990490989e-01,-2.0536550853313533e-06,-1.7476573615363489e-06,-1.4478512412286631e-06,-1.1602936455275879e-06,-8.9108820756977855e-07,-6.4620438568323994e-07,-4.3157371826905364e-07,-2.5323177895068558e-07,-1.1691669577666253e-07,-2.8763798746142618e-08,-2.0530562145359640e-06,-1.7810258161997577e-06,-1.4792608808377714e-06,-1.1847676341017496e-06,-8.8822996558962174e-07,-6.6063700797462423e-07,-4.0093552353563891e-07,-1.6695288310640399e-07,-1.2085802272968684e-07,3.0554648658349177e-08,ok,1,-2.7475799413423374e-12,-2.4729107650500737e-12,-2.5027757644124904e-12,-2.5410784587620583e-12,-2.577826840877151e-12,-2.6219026949547697e-12,-2.64266386551526e-12,-2.6580959655575498e-12,-2.6754154447417022e-12,-2.710054403110007e-12,-2.7475799413423374e-12
557,-1.1321197158280445e+00,1.8347644307951776e+11,8.8678802841719551e-01,-2.1358523074085558e-06,-1.8176070728033625e-06,-1.5058012596421209e-06,-1.2067342163601379e-06,-9.2675387305123642e-07,-6.7206861467495297e-07,-4.4884738852478752e-07,-2.6336734111004377e-07,-1.2159626815268872e-07,-2.9915065270976068e-08,-2.1831521757053188e-06,-1.8268811660714723e-06,-1.5158139018261736e-06,-1.2346031205583767e-06,-9.1028255603621439e-07,-6.7060342680991863e-07,-4.6034055229478610e-07,-2.3934062688070697e-07,-1.6270290572607669e-07,4.7461161221387697e-08,ok,1,-4.2063019733973306e-12,-3.5299541067956852e-12,-3.5862424141441807e-12,-3.657185665417728e-12,-3.732125719579926e-12,-3.8189451601056135e-12,-3.889000232959461e-12,-3.954503391412345e-12,-4.022004951309555e-12,-4.106492923483529e-12,-4.2063019733973306e-12
558,-8.8415224659452052e-01,1.8860689001795938e+11,9.1158477534054805e-01,-2.0777532796978584e-06,-1.7681648883772975e-06,-1.4648407546451822e-06,-1.1739088733193280e-06,-9.0154449936748622e-07,-6.5378713850198468e-07,-4.3663793154463793e-07,-2.5620327531962947e-07,-1.1828863076211566e-07,-2.9101321642701254e-08,-2.0126859088417025e-06,-1.7933148899338131e-06,-1.5469209533697905e-06,-1.1619001525405531e-06,-8.9685824095063891e-07,-6.2335738644052515e-07,-4.3800297716705669e-07,-1.7526312540455932e-07,-1.4105408838287092e-07,-2.3957705530036697e-08,ok,1,1.6089352072867769e-12,1.3844481117075702e-12,1.389555137620846e-12,1.3913314944602462e-12,1.4068746168049984e-12,1.4266365866433262e-12,1.4703793738135573e-12,1.5152323840084136e-12,1.5540901898702941e-12,1.5765166949677223e-12,1.6089352072867769e-12
559,-1.4119394255191349e+00,1.7768697328600909e+11,8.5880605744808647e-01,-2.2054435227366330e-06,-1.8768290914545358e-06,-1.5548638934852579e-06,-1.2460525252168111e-06,-9.5694974760323975e-07,-6.9396622974754135e-07,-4.6347191811247769e-07,-2.7194848376782160e-07,-1.2555816760185973e-07,-3.0889770189308178e-08,-2.2151906192597134e-06,-1.8713994885519405e-06,-1.5684837094498964e-06,-1.2456249905693677e-06,-9.3603664719299929e-07,-6.5410743053140334e-07,-5.2188598842223748e-07,-2.5247396151062995e-07,-1.5314413547966022e-07,6.3417817185280877e-10,ok,1,1.0718093079731261e-12,1.0718093079731261e-12,1.0671463712697005e-12,1.0531575611594235e-12,1.0391687510491465e-12,1.0165202013467933e-12,1.0129674876679928e-12,1.0100809078039674e-12,1.0009770790020411e-12,9.734435479913373e-13,9.43023437116608e-13
560,1.8855524517379565e+00,2.4591208022645831e+11,1.1885552451737955e+00,-1.5935719137793664e-06,-1.3561272806454858e-06,-1.1234871375591787e-06,-9.0035146527603640e-07,-6.9145649161155419e-07,-5.0143432893938705e-07,-3.3488766495962342e-07,-1.9649991544086710e-07,-9.0723687717782670e-08,-2.2319805376702986e-08,-1.5700746552679177e-06,-1.3323941356437031e-06,-1.1222940320467310e-06,-8.8191270999165357e-07,-6.7957164657353435e-07,-5.1654717598787586e-07,-3.3438085762540179e-07,-2.2429014198702016e-07,-7.5013649401905774e-08,-6.9720740025253906e-09,ok,1,2.431388423929093e-13,1.438849039914203e-13,1.5121237595394632e-13,1.5409895581797173e-13,1.6409096303959814e-13,1.6897594434794883e-13,1.9406698470447736e-13,2.2071233729548112e-13,2.391420395042587e-13,2.391420395042587e-13,2.431388423929093e-13
561,-6.9663840256725096e-01,1.9248655145088358e+11,9.3033615974327488e-01,-2.0358751370115766e-06,-1.7325266524944197e-06,-1.4353161663627125e-06,-1.1502481606746450e-06,-8.8337342508672277e-07,-6.4060973609326681e-07,-4.2783727856137635e-07,-2.5103937187384461e-07,-1.1590446503578844e-07,-2.8514770144012344e-08,-2.1156430484048432e-06,-1.7397261845480764e-06,-1.4834323799759860e-06,-1.1402297664767539e-06,-8.7772982472374535e-07,-6.2712415904411757e-07,-4.1924786334049494e-07,-2.5393958444597511e-07,-1.9720503070095436e-07,-2.2315953161190665e-08,ok,1,3.943512183468556e-13,1.7252865802674933e-13,1.8962609260597674e-13,2.0672352718520415e-13,2.2870594307278225e-13,2.4424906541753444e-13,2.808864252301646e-13,3.199662756969701e-13,3.530509218307998e-13,3.694822225952521e-13,3.943512183468556e-13
562,-1.3288286524608481e-01,2.0415065351805850e+11,9.8671171347539155e-01,-1.9195558650185582e-06,-1.6335391285235087e-06,-1.3533096972448117e-06,-1.0845289884971574e-06,-8.3290208141923168e-07,-6.0400864166489277e-07,-4.0339289105002303e-07,-2.3669629333864133e-07,-1.0928228927036627e-07,-2.6885585110061678e-08,-1.9439647004813144e-06,-1.6056290417091948e-06,-1.4107516550376483e-06,-1.0207314852603470e-06,-7.8125825090580962e-07,-6.3824370384310273e-07,-4.4320219023786067e-07,-1.9071763007897723e-07,-1.0475511551976415e-07,-2.0773072568258311e-08,ok,1,2.169375790117556e-13,1.9118040484045196e-13,1.8918200339612667e-13,1.8118839761882555e-13,1.8096635301390052e-13,1.7741363933510002e-13,1.9273471707492718e-13,2.0827783941967937e-13,2.169375790117556e-13,2.0627943797535409e-13,1.9828583219805296e-13
563,-8.7301122815673116e-01,1.8883739768943723e+11,9.1269887718432685e-01,-2.0752170338265304e-06,-1.7660065469891426e-06,-1.4630526711646339e-06,-1.1724759209267943e-06,-9.0044401331042951e-07,-6.5298908179961776e-07,-4.3610494181869533e-07,-2.5589053631178667e-07,-1.1814423967664832e-07,-2.9065798605588871e-08,-2.0802457895464751e-06,-1.7165712633772622e-06,-1.4788113828509055e-06,-1.1887937384628337e-06,-8.2779341506330171e-07,-6.7681487698429717e-07,-4.5107578961213045e-07,-2.3638417751322948e-07,-7.4688360058836678e-08,-4.3663735102205091e-08,ok,1,2.05702122002549e-12,1.809219440929155e-12,1.821875983409882e-12,1.828981410767483e-12,1.845412711531935e-12,1.866062859789963e-12,1.91358040524392e-12,1.965094753586527e-12,2.007505273127208e-12,2.027933376780311e-12,2.05702122002549e-12
564,-1.2457960470319056e+00,1.8112447978690988e+11,8.7542039529680948e-01,-2.1635870798391388e-06,-1.8412093220590706e-06,-1.5253546038119092e-06,-1.2224040727260445e-06,-9.3878808893782980e-07,-6.8079565540806609e-07,-4.5467582531995334e-07,-2.6678725607631033e-07,-1.2317523726688751e-07,-3.0303522621109095e-08,-2.1592355746631583e-06,-1.8623734943139836e-06,-1.5515476447695937e-06,-1.2148691806555876e-06,-9.1918262509169195e-07,-7.4891411379935144e-07,-4.8528952430172271e-07,-2.9107977079689685e-07,-1.0968215712715519e-07,-4.7143217517710396e-08,ok,1,4.710676293484539e-12,4.2299497238218464e-12,4.2796877153250534e-12,4.328759573013485e-12,4.3862691256890685e-12,4.437561429426751e-12,4.50417481090426e-12,4.5710102369866945e-12,4.6271875220327274e-12,4.662048525005957e-12,4.710676293484539e-12
565,7.3719729800753475e-01,2.2215261209577588e+11,1.0737197298007535e+00,-1.7640061965098173e-06,-1.5011665966433510e-06,-1.2436453323610607e-06,-9.9664505257050471e-07,-7.6540852990239018e-07,-5.5506328628365651e-07,-3.7070427196621635e-07,-2.1751579922691569e-07,-1.0042668669078752e-07,-2.4706933304322675e-08,-1.8063050250001384e-06,-1.4793462631553350e-06,-1.2299365771338093e-06,-9.3735337876787908e-07,-7.2123269797486589e-07,-5.1430246607494817e-07,-4.0266265592560651e-07,-1.9200287876290527e-07,-5.8998072438784586e-08,-7.9559937213873373e-08,ok,1,-3.6148861681795097e-13,-2.433608869978343e-13,-2.5357493882438575e-13,-2.7200464103316335e-13,-2.8954616482224083e-13,-3.1397107136399427e-13,-3.176348073452573e-13,-3.176348073452573e-13,-3.218536548388329e-13,-3.427258477017858e-13,-3.6148861681795097e-13
566,7.5543995460033075e-01,2.2253005266068085e+11,1.0755439954600330e+00,-1.7610142073965234e-06,-1.4986204184478091e-06,-1.2415359444788051e-06,-9.9495461001259633e-07,-7.6411029524023759e-07,-5.5412182512954299e-07,-3.7007550821919804e-07,-2.1714686350294647e-07,-1.0025634967392942e-07,-2.4665027059544399e-08,-1.7500981654122854e-06,-1.5146833900300900e-06,-1.2245693180306463e-06,-1.0590599645531034e-06,-7.2480913100296198e-07,-5.0389115835500227e-07,-3.7119388416952087e-07,-2.0575747992872631e-07,-7.4837303011564314e-08,-5.2704533329938955e-08,ok,1,7.682743330406083e-13,6.87894186057747e-13,6.941114349956479e-13,6.965539256498232e-13,7.074341112911497e-13,7.132072710192006e-13,7.369660437461789e-13,7.569500581894317e-13,7.682743330406083e-13,7.602807272633072e-13,7.556177905598815e-13
567,-1.5495981748766943e+00,1.7483881376180121e+11,8.4504018251233060e-01,-2.2413706423401158e-06,-1.9074030157236552e-06,-1.5801929397711816e-06,-1.2663509720571911e-06,-9.7253865191309636e-07,-7.0527107953397239e-07,-4.7102196909464480e-07,-2.7637857939332157e-07,-1.2760353546467234e-07,-3.1392970773083033e-08,-2.2969618933372465e-06,-2.0243478994418116e-06,-1.5727947073160938e-06,-1.2394113712483261e-06,-9.8021024078593735e-07,-7.4366443387130872e-07,-4.5107465168172887e-07,-2.4733078116873262e-07,-1.0574750769520336e-07,-4.0314999141433654e-08,ok,1,-1.588507103633674e-12,-1.5658585539313208e-12,-1.573852159708622e-12,-1.5830670108130107e-12,-1.5828449662080857e-12,-1.588507103633674e-12,-1.5750734050357096e-12,-1.56097357262297e-12,-1.5539791675678316e-12,-1.5663026431411708e-12,-1.5765166949677223e-12
568,-1.6496673964849617e+00,1.7276838156672614e+11,8.3503326035150383e-01,-2.2682309155987644e-06,-1.9302610675107900e-06,-1.5991297516317266e-06,-1.2815267455363151e-06,-9.8419341951449437e-07,-7.1372294981366500e-07,-4.7666663069668258e-07,-2.7969066175271948e-07,-1.2913271844164944e-07,-3.1769179757639246e-08,-2.2849589862918785e-06,-1.9580491398338546e-06,-1.5742558366580324e-06,-1.2733348017998478e-06,-9.5312947255189935e-07,-6.8366036100736475e-07,-4.3487119418146290e-07,-2.5772799540314930e-07,-1.1028430437878077e-07,-7.1156488147447620e-08,ok,1,-6.991074386064611e-13,-6.991074386064611e-13,-6.916689443414725e-13,-6.875611191503594e-13,-6.808997810026085e-13,-6.824540932370837e-13,-6.674660824046441e-13,-6.536993168992922e-13,-6.467049118441537e-13,-6.580291866953303e-13,-6.661338147750939e-13
569,1.5621368873707650e-01,2.1013206121997012e+11,1.0156213688737077e+00,-1.8649157202978634e-06,-1.5870404482735412e-06,-1.3147877458617127e-06,-1.0536578781714764e-06,-8.0919352930240828e-07,-5.8681553976325745e-07,-3.9191031513339419e-07,-2.2995873494892782e-07,-1.0617156964508240e-07,-2.6120287111662544e-08,-1.8452221589318462e-06,-1.5782451990461876e-06,-1.2601012390306121e-06,-1.1137978655492289e-06,-8.8487521737067282e-07,-5.1027618205635015e-07,-3.2403485408950084e-07,-2.4225185451994915e-07,-5.8583280164097598e-08,-6.0994934463638687e-08,ok,1,-4.695133171139787e-13,-4.3520742565306136e-13,-4.389821839367869e-13,-4.495293026707259e-13,-4.567457523307894e-13,-4.695133171139787e-13,-4.564126854234019e-13,-4.354294702579864e-13,-4.1888714719107156e-13,-4.2155168245017194e-13,-4.21995771660022e-13
570,6.3108591265301273e-01,2.1995716753279083e+11,1.0631085912653013e+00,-1.7816131599811117e-06,-1.5161500958417967e-06,-1.2560584508532252e-06,-1.0065928027934185e-06,-7.7304825364791844e-07,-5.6060350435393609e-07,-3.7440435906806354e-07,-2.1968687591535671e-07,-1.0142906922643625e-07,-2.4953539054944243e-08,-1.8185281982316718e-06,-1.5399457568471844e-06,-1.2871309290681023e-06,-9.6947358878536715e-07,-7.5251841551066334e-07,-5.3935605977717023e-07,-3.3756995547846283e-07,-2.0532968636271669e-07,-1.0051703569859308e-07,-4.4065466505367822e-08,ok,1,2.0086154961518332e-12,1.7974510768681284e-12,1.7990053891026037e-12,1.7967849430533533e-12,1.8058887718552796e-12,1.8196555373606316e-12,1.8607337892717624e-12,1.908917468540494e-12,1.9519941218959502e-12,1.9764190284377037e-12,2.0086154961518332e-12
571,4.6078502349301603e-01,2.1643364213607050e+11,1.0460785023493016e+00,-1.8106177045281442e-06,-1.5408329192416765e-06,-1.2765069994548936e-06,-1.0229800671249096e-06,-7.8563342814778572e-07,-5.6973009236988565e-07,-3.8049963729952706e-07,-2.2326336374212953e-07,-1.0308032777274543e-07,-2.5359781022253153e-08,-1.7973829500670123e-06,-1.5174627738130053e-06,-1.3165850161053879e-06,-1.0919596938087035e-06,-8.4924673688580977e-07,-5.5128757523594066e-07,-3.7427395122751153e-07,-1.7714665491402069e-07,-8.4527297402634801e-08,-5.8502151158921164e-08,ok,1,-2.538858012712808e-12,-2.0621282459387658e-12,-2.1025403640351215e-12,-2.1520563109334034e-12,-2.2020163470415355e-12,-2.2646329256303943e-12,-2.3088198020104755e-12,-2.3505641877363814e-12,-2.3970825324681755e-12,-2.4631408024333723e-12,-2.538858012712808e-12
572,1.2425188436932530e-01,2.0947077148760135e+11,1.0124251884369326e+00,-1.8708031747059228e-06,-1.5920506630415044e-06,-1.3189384711870404e-06,-1.0569842283393084e-06,-8.1174811660037615e-07,-5.8866808982678679e-07,-3.9314755823620057e-07,-2.3068470425301823e-07,-1.0650674847856282e-07,-2.6202747674254216e-08,-1.8757330651920106e-06,-1.5667498656014799e-06,-1.2803192996992855e-06,-1.0483481264377700e-06,-8.3091603180090722e-07,-6.1663661635082993e-07,-4.1992172351242245e-07,-2.0390526294795631e-07,-1.2296279397942960e-08,-9.1641976988494186e-08,ok,1,-2.2597479443220436e-12,-1.996292020578494e-12,-2.0383694732117874e-12,-2.0894397323445446e-12,-2.130184917348288e-12,-2.170041923932331e-12,-2.1836976671352204e-12,-2.190692072190359e-12,-2.200795101714448e-12,-2.2285506773300767e-12,-2.2597479443220436e-12
573,8.4236490403879993e-01,2.2432852986456277e+11,1.0842364904038799e+00,-1.7468958787541147e-06,-1.4866057421953135e-06,-1.2315823550006698e-06,-9.8697790198290701e-07,-7.5798430249011836e-07,-5.4967934306303284e-07,-3.6710855450258579e-07,-2.1540596285047440e-07,-9.9452578706452624e-08,-2.4467283647510721e-08,-1.7238084903992888e-06,-1.5140233869367282e-06,-1.2820645150703818e-06,-9.7703921791671537e-07,-7.4880577938094675e-07,-5.4229146330299642e-07,-3.3620618968140800e-07,-1.8745203673311911e-07,-8.2377973489531170e-08,-7.4926469798537068e-08,ok,1,-1.4664935932273693e-12,-1.3060663661690342e-12,-1.3168355295078982e-12,-1.3314904734329502e-12,-1.3438139490062895e-12,-1.3695711231775931e-12,-1.379452108096757e-12,-1.3873346915715956e-12,-1.40076839016956e-12,-1.431965657161527e-12,-1.4664935932273693e-12
574,-2.2572238866722544e-01,2.0222980377847510e+11,9.7742776113327745e-01,-1.9377884811541849e-06,-1.6490550571899450e-06,-1.3661639083006519e-06,-1.0948302259320691e-06,-8.4081327806930779e-07,-6.0974572799130196e-07,-4.0722445848096732e-07,-2.3894451790754950e-07,-1.1032029085551470e-07,-2.7140953844997818e-08,-1.9429650152419047e-06,-1.6913889470363799e-06,-1.4077851308475005e-06,-1.0399577013114070e-06,-8.4093238165277114e-07,-6.8711689052543362e-07,-3.2012930073120458e-07,-2.7174809023900087e-07,-1.1698239195351957e-07,-9.0311022537240726e-08,ok,1,2.915445662665661e-13,2.915445662665661e-13,2.8066438062523957e-13,2.582378755278114e-13,2.362554596402333e-13,2.0805579481475434e-13,2.071676163950542e-13,2.1582735598713043e-13,2.2426505097428162e-13,2.1760371282653068e-13,2.1360690993788012e-13
575,4.3511256078663324e-01,2.1590247888267545e+11,1.0435112560786632e+00,-1.8150721859957757e-06,-1.5446236762117590e-06,-1.2796474618276881e-06,-1.0254968025680976e-06,-7.8756624341718610e-07,-5.7113174227752852e-07,-3.8143574246342646e-07,-2.2381263624393357e-07,-1.0333392598328607e-07,-2.5422171152612175e-08,-1.8682648690974489e-06,-1.4822603307069812e-06,-1.2862397175543575e-06,-1.0552491894168250e-06,-7.4788211610108269e-07,-6.1029352114736129e-07,-3.8379875187188665e-07,-1.8251566714812727e-07,-9.0817066864498978e-08,-5.0705144377081991e-08,ok,1,-1.024180740216707e-12,-1.024180740216707e-12,-1.0231815394945443e-12,-1.0225154056797692e-12,-1.01063601931628e-12,-1.000532989792191e-12,-9.666711875411238e-13,-9.28590537796481e-13,-8.989475830389893e-13,-8.884004643050503e-13,-8.700817843987352e-13
576,-6.0784928113172243e-01,1.9432359837338467e+11,9.3921507188682785e-01,-2.0166288993623719e-06,-1.7161481334578622e-06,-1.4217473400935714e-06,-1.1393742376851117e-06,-8.7502241447541924e-07,-6.3455370299117467e-07,-4.2379269950598451e-07,-2.4866615982234702e-07,-1.1480875693553018e-07,-2.8245204475302034e-08,-1.9928375631270374e-06,-1.7273247112913604e-06,-1.5072647420300389e-06,-1.2201753027773395e-06,-8.5113614229667701e-07,-6.7437744393953347e-07,-4.1513337550436227e-07,-2.9354916360716032e-07,-9.3736953382298979e-08,-1.4222074156621365e-09,ok,1,-1.5554224574998443e-13,-8.038014698286133e-14,-9.470202400052585e-14,-1.1945999744966684e-13,-1.383337888682945e-13,-1.5554224574998443e-13,-1.4477308241112041e-13,-1.2856382625159313e-13,-1.1535217225855376e-13,-1.199040866595169e-13,-1.212363542890671e-13
577,9.7028119618081032e-01,2.2697511794898096e+11,1.0970281196180809e+00,-1.7265266248193984e-06,-1.4692715380039660e-06,-1.2172217889044167e-06,-9.7546948653728769e-07,-7.4914601113961855e-07,-5.4326994095888128e-07,-3.6282797461296003e-07,-2.1289427408330896e-07,-9.8292936134377474e-08,-2.4181988845612229e-08,-1.7459440996015680e-06,-1.4585476060420848e-06,-1.2012960614789464e-06,-9.7534589569104034e-07,-6.7382658490330271e-07,-5.8103196090640448e-07,-3.5228494790953691e-07,-1.8874495535907228e-07,-7.8574950325286742e-08,-5.0785691319929843e-08,ok,1,7.359002296425388e-12,6.515010753105344e-12,6.59650112311283e-12,6.679545805354792e-12,6.771028182583905e-12,6.859401935344067e-12,6.966871524127782e-12,7.072342711467172e-12,7.170708471448961e-12,7.2519767968515225e-12,7.359002296425388e-12
578,3.8357194314079529e-01,2.1483610350358307e+11,1.0383571943140797e+00,-1.8240816041490827e-06,-1.5522906773899315e-06,-1.2859992086955976e-06,-1.0305870296017606e-06,-7.9147546183014575e-07,-5.7396665139379671e-07,-3.8332906336214509e-07,-2.2492356816357887e-07,-1.0384684142310722e-07,-2.5548358404028356e-08,-1.8610068263578846e-06,-1.5502211807447624e-06,-1.3050542606602352e-06,-1.0658925258236800e-06,-7.5546676029881811e-07,-6.1509342394103943e-07,-4.0802824793114949e-07,-1.3418813387085243e-07,-1.0454088169101729e-07,-8.6468889464780318e-09,ok,1,2.2004620348070603e-13,1.7430501486614958e-13,1.7830181775480014e-13,1.780797731498751e-13,1.8274270985330077e-13,1.7785772854495008e-13,1.929567616798522e-13,2.1049828546892968e-13,2.2004620348070603e-13,2.0872192862952943e-13,1.9806378759312793e-13
579,-9.3626678913351091e-01,1.8752864013282767e+11,9.0637332108664892e-01,-2.0896999201288538e-06,-1.7783314612569534e-06,-1.4732632781252875e-06,-1.1806586002214323e-06,-9.0672818891874002e-07,-6.5754627580572431e-07,-4.3914850699039803e-07,-2.5767638978281233e-07,-1.1896876528649306e-07,-2.9268648066435841e-08,-2.0529639504287833e-06,-1.8444905742307841e-06,-1.4713667578917082e-06,-1.1766843856634698e-06,-9.1733430038052267e-07,-6.7557059955953017e-07,-3.7332869088289196e-07,-2.5189805813255057e-07,-1.2690109448887269e-07,-3.4556703962615726e-08,ok,1,-1.5225598559709397e-12,-1.1313172620930345e-12,-1.1700640456524525e-12,-1.220135104063047e-12,-1.2672085603071537e-12,-1.318500864044836e-12,-1.3476997295924775e-12,-1.3736789483687062e-12,-1.4068746168049984e-12,-1.4607204334993185e-12,-1.5225598559709397e-12
580,6.1422035375842052e-02,2.0817082191192618e+11,1.0061422035375842e+00,-1.8824856466865795e-06,-1.6019924289709532e-06,-1.3271747527705773e-06,-1.0635847028301571e-06,-8.1681718252682699e-07,-5.9234410372214538e-07,-3.9560261892657510e-07,-2.3212524467459970e-07,-1.0717184362152962e-07,-2.6366374115391539e-08,-1.8732598932927905e-06,-1.6272886864124639e-06,-1.3534762276478662e-06,-1.0580438581889817e-06,-8.6111855302722741e-07,-6.1385338952918475e-07,-3.7912873150405314e-07,-2.4170061896924113e-07,-6.0086543766453099e-08,-3.8592552950867212e-09,ok,1,9.121592370320286e-13,6.719069745031447e-13,7.056577544517495e-13,7.396305790052793e-13,7.767120280277595e-13,8.01136934569513e-13,8.379963389870682e-13,8.697487174913476e-13,8.930634010084759e-13,8.990586053414518e-13,9.121592370320286e-13
581,4.4821322720853590e-01,2.1617353167094461e+11,1.0448213227208536e+00,-1.8127963274679007e-06,-1.5426869240578031e-06,-1.2780429545187957e-06,-1.0242109663014398e-06,-7.8657874034975693e-07,-5.7041561921852676e-07,-3.8095747289708172e-07,-2.2353200503777710e-07,-1.0320435901704038e-07,-2.5390295139383357e-08,-1.8564330152524985e-06,-1.4989582437054692e-06,-1.2037712531407744e-06,-1.0438185207263550e-06,-8.3534822494351973e-07,-5.2634438562959441e-07,-2.7747676393580838e-07,-2.0623799856632646e-07,-1.1974359739099111e-07,-3.8451584633710742e-08,ok,1,2.6842972289387035e-12,2.4713564528155985e-12,2.490674333444076e-12,2.5059954111839033e-12,2.5268676040468563e-12,2.544853217045784e-12,2.5850432905372145e-12,2.6263435870532703e-12,2.6578739209526248e-12,2.6683100173841012e-12,2.6842972289387035e-12
582,-6.4816722980475139e-01,1.9348942001533969e+11,9.3518327701952486e-01,-2.0253230604319996e-06,-1.7235468513361091e-06,-1.4278768269707973e-06,-1.1442863477634189e-06,-8.7879484172424354e-07,-6.3728941311743154e-07,-4.2561976941983837e-07,-2.4973821807094277e-07,-1.1530372446537167e-07,-2.8366976189080548e-08,-1.9782201704838850e-06,-1.7680572595688558e-06,-1.3823776214302624e-06,-1.0482769323111804e-06,-9.1550184389941937e-07,-5.8801633647558972e-07,-3.2716566063121050e-07,-2.8478954952304137e-07,-1.4671899654043925e-07,-1.3970387399915242e-08,ok,1,-3.5051961333465442e-12,-3.0760949343289212e-12,-3.1254998589247407e-12,-3.188893593630837e-12,-3.2447378117694825e-12,-3.2995828291859652e-12,-3.3321123638074823e-12,-3.362199407774824e-12,-3.3956171208160413e-12,-3.4462432907389484e-12,-3.5051961333465442e-12
583,6.9157459039569569e-01,2.2120867827528696e+11,1.0691574590395696e+00,-1.7715335011389068e-06,-1.5075723214612006e-06,-1.2489521715805164e-06,-1.0008979009631760e-06,-7.6867465401317063e-07,-5.5743183263700087e-07,-3.7228612807744315e-07,-2.1844397492466808e-07,-1.0085522388359155e-07,-2.4812361853145461e-08,-1.7900798088546963e-06,-1.5275757812683372e-06,-1.2470800601254655e-06,-9.9989200438018646e-07,-7.4635740917572645e-07,-5.3490986909021490e-07,-3.8380156162178193e-07,-2.0909270002643182e-07,-1.4420176205473889e-07,-1.0869428626924374e-08,ok,1,-1.9910739723627557e-12,-1.4206413823103503e-12,-1.4775958234736208e-12,-1.5517587215185813e-12,-1.6275869541004795e-12,-1.7066348334537906e-12,-1.7597034940308731e-12,-1.804889571133117e-12,-1.8517409827722986e-12,-1.9159118735956326e-12,-1.9910739723627557e-12
584,-1.7345431153815627e-01,2.0331123029427554e+11,9.8265456884618441e-01,-1.9274812500095318e-06,-1.6402836191253954e-06,-1.3588971878504366e-06,-1.0890067481312736e-06,-8.3634093400770650e-07,-6.0650244823255948e-07,-4.0505840338158022e-07,-2.3767355546729967e-07,-1.0973348958758134e-07,-2.6996589231692997e-08,-1.8860971074913941e-06,-1.6007675129967594e-06,-1.3450039196170258e-06,-1.0336117748198486e-06,-8.8126969473724308e-07,-5.7504019423193849e-07,-3.6436411120548860e-07,-2.0493734271167208e-07,-9.7429414088576351e-08,-5.8463682735794246e-08,ok,1,2.0603518890993655e-12,1.786792935831727e-12,1.7994494783124537e-12,1.8076651286946799e-12,1.8243184740640572e-12,1.8418599978531347e-12,1.8889334540972413e-12,1.942668248489099e-12,1.9910739723627557e-12,2.0194956817931597e-12,2.0603518890993655e-12
585,-1.2841148723296889e+00,1.8033166329149875e+11,8.7158851276703120e-01,-2.1730991505048800e-06,-1.8493040797625343e-06,-1.5320607266745457e-06,-1.2277782931721525e-06,-9.4291541005416691e-07,-6.8378872947616402e-07,-4.5667477817949104e-07,-2.6796016899298053e-07,-1.2371676923107242e-07,-3.0436750098405763e-08,-2.1000342982957720e-06,-1.8465219415625441e-06,-1.4938747080036617e-06,-1.1999829220225595e-06,-1.0163179157018466e-06,-6.6630406356901355e-07,-4.5915428616615723e-07,-2.6139484554056768e-07,-1.9623011241773062e-07,-3.5126003048393597e-08,ok,1,-3.397282455352979e-14,5.551115123125783e-15,3.9968028886505635e-15,-3.774758283725532e-15,-8.659739592076221e-15,-2.1538326677728037e-14,-1.27675647831893e-14,-1.9984014443252818e-15,8.881784197001252e-16,-1.709743457922741e-14,-3.397282455352979e-14
586,-1.0860490559399338e+00,1.8442964503260278e+11,8.9139509440600673e-01,-2.1248134172829906e-06,-1.8082129940563322e-06,-1.4980187109153533e-06,-1.2004973588872400e-06,-9.2196405956936547e-07,-6.6859511064669980e-07,-4.4652757596690956e-07,-2.6200615937912728e-07,-1.2096781278667384e-07,-2.9760452933119260e-08,-2.1148900471340890e-06,-1.8242478833712694e-06,-1.5392754327186031e-06,-1.2445739918255764e-06,-9.0692018107094557e-07,-6.8516034951381249e-07,-5.1886787555648800e-07,-2.6320447028497734e-07,-1.4227944864960901e-07,-5.9749028384726967e-08,ok,1,5.6992188746107786e-12,5.429878768836716e-12,5.452305273934144e-12,5.4716231545626215e-12,5.497824417943775e-12,5.518474566201803e-12,5.560885085742484e-12,5.6061821851471905e-12,5.644817946404146e-12,5.666578317686799e-12,5.6992188746107786e-12
587,-7.8732297153849340e-01,1.9061028771886856e+11,9.2126770284615056e-01,-2.0559151816937750e-06,-1.7495807001114818e-06,-1.4494446360236896e-06,-1.1615705763357192e-06,-8.9206887137795325e-07,-6.4691554900954847e-07,-4.3204867543095641e-07,-2.5351046655825490e-07,-1.1704536538663793e-07,-2.8795453992140652e-08,-2.0797426961665619e-06,-1.6722758403892295e-06,-1.4161386685145214e-06,-1.1429019143493954e-06,-9.5356231075178678e-07,-6.4912475796893568e-07,-4.0410295003688991e-07,-2.3610440407875561e-07,-1.0768795156884702e-07,-5.2253166544284153e-08,ok,1,9.046097204645775e-13,9.046097204645775e-13,8.93729534823251e-13,8.759659664292485e-13,8.573142196155459e-13,8.282263763703668e-13,8.184564137536654e-13,8.091305403468141e-13,7.933653733971369e-13,7.605027718682322e-13,7.263079027097774e-13
588,-3.6479081745699159e-02,2.0614524779868149e+11,9.9635209182543005e-01,-1.9009828676313975e-06,-1.6177335359285298e-06,-1.3402155133615447e-06,-1.0740354392150025e-06,-8.2484319213987776e-07,-5.9816445076235935e-07,-3.9948979281369137e-07,-2.3440609709183216e-07,-1.0822490943057911e-07,-2.6625448944669071e-08,-1.9015106173339250e-06,-1.6483948508737127e-06,-1.3409592433576211e-06,-1.1135989826030285e-06,-8.6690146735822234e-07,-5.7212075905491528e-07,-3.9960062431444165e-07,-1.8232000619039914e-07,-1.0015172861897592e-07,5.0840513991942582e-08,ok,1,3.0173641363262504e-12,2.645439423076823e-12,2.6776358907909525e-12,2.709610313900157e-12,2.7495783427866627e-12,2.7839952565500425e-12,2.83728596173205e-12,2.893685291383008e-12,2.9449775951206902e-12,2.9765079290200447e-12,3.0173641363262504e-12
589,1.3553225371042241e+00,2.3494162329268640e+11,1.1355322537104224e+00,-1.6679827900003456e-06,-1.4194508234033348e-06,-1.1759476896094151e-06,-9.4239283213154116e-07,-7.2374363407709900e-07,-5.2484850150407111e-07,-3.5052504182954390e-07,-2.0567536008742908e-07,-9.4959975417540987e-08,-2.3362015182727955e-08,-1.6606156064549438e-06,-1.4124773413225767e-06,-1.1128709991054189e-06,-9.6512348337288321e-07,-7.1047888026770196e-07,-5.8634627937430572e-07,-3.9630715400312733e-07,-2.9872427120750502e-07,-5.0207192072642977e-08,-4.3534499614096274e-08,ok,1,-2.7136071167888076e-12,-2.4003021792395884e-12,-2.432276602348793e-12,-2.475797344914099e-12,-2.516653552220305e-12,-2.5611734955077736e-12,-2.5827118221855017e-12,-2.600697435184429e-12,-2.6249002971212576e-12,-2.6673108166619386e-12,-2.7136071167888076e-12
590,1.2034632347879923e+00,2.3179965432776355e+11,1.1203463234787991e+00,-1.6905917545186373e-06,-1.4386910179030259e-06,-1.1918872782844724e-06,-9.5516666063361702e-07,-7.3355374377440387e-07,-5.3196265233288638e-07,-3.5527629482865762e-07,-2.0846322273586778e-07,-9.6247127016306071e-08,-2.3678679704391742e-08,-1.6968665335479014e-06,-1.4604249493027577e-06,-1.2181723498144194e-06,-1.0040730749380826e-06,-7.4378418513876188e-07,-5.1948105458321697e-07,-4.1432108277779671e-07,-2.0442886701533961e-07,-1.5836154827132787e-07,-4.0984313867512763e-08,ok,1,-3.197442310920451e-12,-2.8029800702711327e-12,-2.8526070394718772e-12,-2.912003971289323e-12,-2.967071033310731e-12,-3.0201396938878133e-12,-3.045896868059117e-12,-3.06721315013192e-12,-3.0938585027229237e-12,-3.1413760481768804e-12,-3.197442310920451e-12
591,-5.7255562372227320e-01,1.9505382414518616e+11,9.4274443762777260e-01,-2.0090792171046571e-06,-1.7097233653118901e-06,-1.4164247243797888e-06,-1.1351087461660374e-06,-8.7174658063212781e-07,-6.3217811527904439e-07,-4.2220614075658126e-07,-2.4773522478733963e-07,-1.1437894576124601e-07,-2.8139462502062176e-08,-2.0143850044131665e-06,-1.7011442683129808e-06,-1.4301024138716329e-06,-1.1494315022824417e-06,-9.2937453579703704e-07,-6.4535087437891192e-07,-4.3053508387984446e-07,-2.2007108303477059e-07,-1.3524023461211152e-07,-1.1855816132383082e-09,ok,1,-2.931543896522726e-12,-2.566613588328437e-12,-2.6080249071469552e-12,-2.660538456211725e-12,-2.712607916066645e-12,-2.768563156507753e-12,-2.7975399774504695e-12,-2.8186342149183474e-12,-2.841837876133013e-12,-2.8830271503466065e-12,-2.931543896522726e-12
592,1.2730112050136388e+00,2.3323860183173218e+11,1.1273011205013639e+00,-1.6801617795287696e-06,-1.4298151250124611e-06,-1.1845340219646883e-06,-9.4927383384397623e-07,-7.2902814072407927e-07,-5.2868074991949520e-07,-3.5308444522361327e-07,-2.0717712501679924e-07,-9.5653337815037728e-08,-2.3532595922521373e-08,-1.6948740514911214e-06,-1.4105532052301463e-06,-1.2280430814166333e-06,-9.6952971637540564e-07,-7.2721329250944589e-07,-4.9616752378331684e-07,-3.2987148075859386e-07,-1.8767333463613769e-07,-8.6853930109639431e-08,-4.3261270502878656e-08,ok,1,1.325606291402437e-12,1.325606291402437e-12,1.3158363287857355e-12,1.2960743589474077e-12,1.2803091919977305e-12,1.2607692667643278e-12,1.2634338020234281e-12,1.2672085603071537e-12,1.262767668208653e-12,1.2359002710127243e-12,1.206368338557695e-12
593,-1.6110926133033499e+00,1.7356649383075369e+11,8.3889073866966501e-01,-2.2578008903629505e-06,-1.9213851318609343e-06,-1.5917764598878402e-06,-1.2756338903581137e-06,-9.7966779466216121e-07,-7.1044103158976351e-07,-4.7447477053243806e-07,-2.7840455783789607e-07,-1.2853892637981149e-07,-3.1623095272012672e-08,-2.2137858374985027e-06,-1.8886508296579143e-06,-1.6413759300951180e-06,-1.3327909875248981e-06,-9.5874963035179593e-07,-6.5953026685749739e-07,-4.9800566109784399e-07,-3.1177119810756164e-07,-9.8298573421343052e-08,-7.3732724767519947e-09,ok,1,1.0453859999870474e-12,9.323652960802065e-13,9.348077867343818e-13,9.323652960802065e-13,9.408029910673577e-13,9.463541061904834e-13,9.736655925962623e-13,1.0036416142611415e-12,1.028066520802895e-12,1.0340617251358708e-12,1.0453859999870474e-12
594,1.1815610198405462e+00,2.3134649750050092e+11,1.1181561019840547e+00,-1.6939032513634962e-06,-1.4415090966934215e-06,-1.1942219229147452e-06,-9.5703762171857648e-07,-7.3499061397195548e-07,-5.3300464998861148e-07,-3.5597220283033573e-07,-2.0887155626915327e-07,-9.6435653936921052e-08,-2.3725061022020539e-08,-1.7694915419932326e-06,-1.4754609901812931e-06,-1.1735852351775656e-06,-9.6086027390327760e-07,-7.6761700828368080e-07,-5.2846621535636714e-07,-3.5286423102242789e-07,-1.6949620055060451e-07,-8.1715755701024875e-08,-4.9108036735264737e-09,ok,1,-6.03073146976385e-13,-5.879741138414829e-13,-5.907496714030458e-13,-5.95967719618784e-13,-5.944134073843088e-13,-6.03073146976385e-13,-5.938582958719962e-13,-5.824229987183571e-13,-5.758726828730687e-13,-5.874190023291703e-13,-5.975220318532593e-13
595,-5.7096204362236624e-01,1.9508679531745325e+11,9.4290379563776339e-01,-2.0087396672342439e-06,-1.7094344088874247e-06,-1.4161853376859418e-06,-1.1349169040404514e-06,-8.7159924874208882e-07,-6.3207127230584880e-07,-4.2213478466518776e-07,-2.4769335562526163e-07,-1.1435961483799328e-07,-2.8134706716054253e-08,-1.9589070728265731e-06,-1.7312925063718271e-06,-1.4835245829961667e-06,-1.2107684464511490e-06,-8.5976062626525304e-07,-6.2886328004152263e-07,-4.4849880509154931e-07,-3.5599398322150917e-07,-4.8626050909539410e-08,4.9062809403589907e-08,ok,1,-3.7203573555188996e-13,-2.802202914153895e-13,-2.9465319073551655e-13,-3.198552533945076e-13,-3.447242491461111e-13,-3.7203573555188996e-13,-3.6914915568786455e-13,-3.5627056860221273e-13,-3.446132268436486e-13,-3.496092304544618e-13,-3.5205172110863714e-13
596,1.0545728131480372e+00,2.2871911150403290e+11,1.1054572813148038e+00,-1.7133617813166266e-06,-1.4580682761584546e-06,-1.2079404177809839e-06,-9.6803148763949533e-07,-7.4343373896492981e-07,-5.3912748311892471e-07,-3.6006139491714031e-07,-2.1127094562670541e-07,-9.7543448056321946e-08,-2.3997600088327338e-08,-1.7274225398835256e-06,-1.5314355969806569e-06,-1.2342179960405591e-06,-1.0111271477459898e-06,-7.5599531506403494e-07,-4.8358029251331096e-07,-3.5252865312210200e-07,-2.0897364913906367e-07,-1.0024491753389344e-07,-6.1998709147779272e-08,ok,1,-4.604094883120524e-13,-4.590772206825022e-13,-4.567457523307894e-13,-4.604094883120524e-13,-4.563016631209393e-13,-4.545253062815391e-13,-4.2943426592501055e-13,-4.005684672847565e-13,-3.7914116290949096e-13,-3.7836400679225335e-13,-3.745892485085278e-13
597,7.9033375236900905e-01,2.2325200533651480e+11,1.0790333752369010e+00,-1.7553194369598526e-06,-1.4937741774470159e-06,-1.2375210636430008e-06,-9.9173712427321234e-07,-7.6163931419894478e-07,-5.5232990512400197e-07,-3.6887875747473565e-07,-2.1644465364364468e-07,-9.9932140537017859e-08,-2.4585265257314557e-08,-1.7194319705793836e-06,-1.4348015667742192e-06,-1.2617060100062019e-06,-1.0426804071752070e-06,-7.5415838352094467e-07,-5.7510831467408946e-07,-4.0536192630701961e-07,-1.8980181992858613e-07,-1.6579870561081746e-07,-1.7039241547937559e-08,ok,1,-1.414535155674912e-12,-1.1143308498162696e-12,-1.1446399383885364e-12,-1.185052056484892e-12,-1.2219114609024473e-12,-1.2635448243258907e-12,-1.2853051956085437e-12,-1.3039569424222464e-12,-1.3278267374516872e-12,-1.3681278332455804e-12,-1.414535155674912e-12
598,-1.0155471797766096e+00,1.8588832885042194e+11,8.9844528202233898e-01,-2.1081397994691235e-06,-1.7940237705960767e-06,-1.4862636122036149e-06,-1.1910769391994343e-06,-9.1472931780672333e-07,-6.6334857970102459e-07,-4.4302363059231965e-07,-2.5995017153047453e-07,-1.2001856657903349e-07,-2.9526919760667312e-08,-2.0772066728734513e-06,-1.7350423895920731e-06,-1.5236734785083642e-06,-1.1985139183535678e-06,-9.5104451407174834e-07,-6.9652934546069588e-07,-4.8236609229999446e-07,-2.2872189515059509e-07,-1.1609310521592629e-07,-1.8658640274796281e-08,ok,1,-4.088174243577214e-12,-3.845368468091692e-12,-3.878897203435372e-12,-3.91853216541449e-12,-3.952727034572945e-12,-3.992361996552063e-12,-4.0105696541559155e-12,-4.020117572167692e-12,-4.030997757809018e-12,-4.058642311122185e-12,-4.088174243577214e-12
599,-6.8332896035940782e-02,2.0548619238101639e+11,9.9316671039640592e-01,-1.9070798858422079e-06,-1.6229220891746414e-06,-1.3445139836582801e-06,-1.0774801907396577e-06,-8.2748870991324544e-07,-6.0008294230225051e-07,-4.0077107555591015e-07,-2.3515790725637527e-07,-1.0857201894681835e-07,-2.6710844689061442e-08,-1.8739140519032192e-06,-1.6120367599607577e-06,-1.3817383890057842e-06,-1.0730910276459201e-06,-8.4226973685267830e-07,-6.0716520324396038e-07,-3.7451963217232931e-07,-3.1968160320435957e-07,-4.4842275094886117e-08,-1.0676767524216722e-07,ok,1,6.45261621912141e-13,6.45261621912141e-13,6.308287225920139e-13,6.077360836798107e-13,5.868638908168577e-13,5.591083152012288e-13,5.488942633746774e-13,5.413447468072263e-13,5.280220705117245e-13,4.969358258222201e-13,4.634070904785403e-13
600,1.1781948864395846e-01,2.0933768522004349e+11,1.0117819488643958e+00,-1.8719925363374205e-06,-1.5930628079852110e-06,-1.3197769852718026e-06,-1.0576562052223452e-06,-8.1226418482026420e-07,-5.8904233509694741e-07,-3.9339750148380632e-07,-2.3083136187034618e-07,-1.0657446005922657e-07,-2.6219406050253153e-08,-1.8502049075258279e-06,-1.5414418278093137e-06,-1.2997745916527243e-06,-1.0925265115943599e-06,-8.1600060522206131e-07,-5.7764240221622110e-07,-3.8203974127239776e-07,-2.5395735870488412e-07,-1.4832973518811466e-07,-6.1289295121734224e-08,ok,1,-5.28133092814187e-12,-4.624078897563777e-12,-4.690692279041286e-12,-4.768851979974897e-12,-4.844347145649408e-12,-4.925282404144582e-12,-4.985567514381728e-12,-5.043965245477011e-12,-5.1064708017634075e-12,-5.186628904141344e-12,-5.28133092814187e-12
601,-6.6524844062382860e-01,1.9313600976349298e+11,9.3347515593761710e-01,-2.0290291012408318e-06,-1.7267006864411893e-06,-1.4304896297845074e-06,-1.1463802220617557e-06,-8.8040290594367911e-07,-6.3845555822208732e-07,-4.2639859047091001e-07,-2.5019520196940868e-07,-1.1551471317956053e-07,-2.8418883548182955e-08,-2.0632303844084839e-06,-1.7220747992353260e-06,-1.4586025713601339e-06,-1.2083746900820712e-06,-9.0864267636834825e-07,-6.7363134117030664e-07,-3.9767546131354497e-07,-2.2994768860474753e-07,-1.7083213094449208e-07,-6.1023243107641805e-08,ok,1,-7.20201676074339e-13,-5.74651437545981e-13,-5.859757123971576e-13,-6.082911951921233e-13,-6.282752096353761e-13,-6.538103392017547e-13,-6.609157665593557e-13,-6.643574579356937e-13,-6.707967514785196e-13,-6.943334796005729e-13,-7.20201676074339e-13
602,1.7788569834665702e+00,2.4370455098792334e+11,1.1778856983466570e+00,-1.6080068374570056e-06,-1.3684113787925258e-06,-1.1336639302995357e-06,-9.0850704618946762e-07,-6.9771985606746886e-07,-5.0597643099634691e-07,-3.3792115083020128e-07,-1.9827985474418636e-07,-9.1545482766133391e-08,-2.2521983065905198e-08,-1.6899040251544827e-06,-1.3490089097552022e-06,-1.0874086659511652e-06,-8.9604834539459645e-07,-6.4289688317725429e-07,-5.1158554237214315e-07,-3.6078414566618245e-07,-1.5758930727926499e-07,-1.2380743143973622e-08,-6.6856765619986953e-08,ok,1,2.1516122217235534e-13,2.1516122217235534e-13,1.9961809982760315e-13,1.7608137170554983e-13,1.5876189252139739e-13,1.4011014570769476e-13,1.4432899320127035e-13,1.5165646516379638e-13,1.525446435834965e-13,1.3566925360919413e-13,1.1901590823981678e-13
603,-5.1667712824938761e-02,2.0583099502165201e+11,9.9483322871750612e-01,-1.9038851960366636e-06,-1.6202034129975073e-06,-1.3422616893789542e-06,-1.0756752244103985e-06,-8.2610252270340777e-07,-5.9907769922218543e-07,-4.0009971444564114e-07,-2.3476397694719127e-07,-1.0839014197107940e-07,-2.6666099388212601e-08,-1.8925106846429076e-06,-1.6041293705647722e-06,-1.3824955388508340e-06,-1.1728060807490556e-06,-8.1520708499063448e-07,-6.0586375965519378e-07,-4.1026677505629829e-07,-2.0482062606517908e-07,-1.7497217923714638e-07,-5.9040300193996724e-08,ok,1,-2.0624613128461533e-12,-1.7005286068183523e-12,-1.7315038292053941e-12,-1.7750245717707003e-12,-1.8177681582187688e-12,-1.8693935288638386e-12,-1.901812041182893e-12,-1.9292345498911345e-12,-1.9590995492535512e-12,-2.0073942508247455e-12,-2.0624613128461533e-12
604,8.9934820046705799e-01,2.2550751426766342e+11,1.0899348200467058e+00,-1.7377628660470744e-06,-1.4788335622395008e-06,-1.2251434725036327e-06,-9.8181784531904989e-07,-7.5402145596307319e-07,-5.4680554360771532e-07,-3.6518926032265837e-07,-2.1427979075301734e-07,-9.8932626901606231e-08,-2.4339365312384614e-08,-1.6916324988278398e-06,-1.4263379384847131e-06,-1.2609582987620825e-06,-1.0229016355922567e-06,-7.4803829641579660e-07,-4.4675384309480074e-07,-4.1115331134285190e-07,-1.3217365209216575e-07,-8.9434702803291409e-08,-4.2432062369440930e-08,ok,1,2.7475799413423374e-12,2.6549873410885994e-12,2.6769697569761775e-12,2.6911806116913795e-12,2.7036151095671812e-12,2.7049473771967314e-12,2.7200464103316335e-12,2.7358115772813107e-12,2.7475799413423374e-12,2.743361093848762e-12,2.743805183058612e-12
605,-4.5133641201401892e-01,1.9756184963542996e+11,9.5486635879859816e-01,-1.9835741821194457e-06,-1.6880186192392610e-06,-1.3984433716082365e-06,-1.1206986681383094e-06,-8.6067985571292429e-07,-6.2415268511721929e-07,-4.1684628122551759e-07,-2.4459025393644856e-07,-1.1292691789285959e-07,-2.7782235186474484e-08,-2.0032142442985424e-06,-1.6635216374317285e-06,-1.4091779568941124e-06,-1.1482038403219390e-06,-8.2220702787520994e-07,-5.8789366369727276e-07,-3.8978406627719287e-07,-2.4637805377818885e-07,-1.5303241222775822e-07,-4.7621845029865556e-08,ok,1,2.375433183487985e-12,1.829647544582258e-12,1.865174681370263e-12,1.9038104426272184e-12,1.958877504648626e-12,2.0179413695586845e-12,2.100541962590796e-12,2.183586644832758e-12,2.2568613644580182e-12,2.3079316235907754e-12,2.375433183487985e-12
606,7.6756698259893541e-01,2.2278096086997198e+11,1.0767566982598935e+00,-1.7590308560347514e-06,-1.4969325894482977e-06,-1.2401376581981051e-06,-9.9383403723552030e-07,-7.6324971206695538e-07,-5.5349774255712124e-07,-3.6965870876339222e-07,-2.1690230072446169e-07,-1.0014343544140604e-07,-2.4637247945207011e-08,-1.7231096659763737e-06,-1.5290803878054326e-06,-1.2371754974767681e-06,-9.3857715581491646e-07,-7.3765732451199747e-07,-5.5021326422917618e-07,-4.2375079159673622e-07,-1.9262769100315659e-07,-1.2502842989029285e-07,-2.6891801691381256e-08,ok,1,-1.535105376149204e-12,-1.3643530749618549e-12,-1.3913314944602462e-12,-1.4238610290817633e-12,-1.4492851363456793e-12,-1.478484001893321e-12,-1.4847012508312218e-12,-1.486033518460772e-12,-1.4906964551641977e-12,-1.5123458041443882e-12,-1.535105376149204e-12
607,-1.1948530018784942e+00,1.8217849139113397e+11,8.8051469981215069e-01,-2.1510694336968040e-06,-1.8305568241853579e-06,-1.5165295145191617e-06,-1.2153317335685203e-06,-9.3335663798789534e-07,-6.7685684509204345e-07,-4.5204525355148993e-07,-2.6524373213038065e-07,-1.2246259480014389e-07,-3.0128198606390126e-08,-2.1777448545278504e-06,-1.8234693059790489e-06,-1.5960318363639825e-06,-1.1959154036981234e-06,-9.3773935381896700e-07,-6.5974557455898092e-07,-4.2991026568229343e-07,-2.7307409308137998e-07,-9.6112005968829600e-08,-1.1062442125257057e-08,ok,1,2.0463630789890885e-12,1.4770407119613083e-12,1.5076828674409626e-12,1.5403234243649422e-12,1.5853984791647235e-12,1.6371348721122558e-12,1.7195134205394424e-12,1.8098855747439302e-12,1.8951507030351422e-12,1.9613199953028015e-12,2.0463630789890885e-12
608,1.7168927057417777e-01,2.1045225100817975e+11,1.0171689270574178e+00,-1.8620783689913866e-06,-1.5846258666169520e-06,-1.3127873794709916e-06,-1.0520548043571500e-06,-8.0796239253173434e-07,-5.8592273703753899e-07,-3.9131404837855363e-07,-2.2960886727936276e-07,-1.0601003631757574e-07,-2.6080546747018395e-08,-1.9230638586245325e-06,-1.6238534097784225e-06,-1.2980056947874870e-06,-9.7528097140812028e-07,-7.5267254719216060e-07,-5.6313684552615790e-07,-4.5108411418730872e-07,-2.0346662437922066e-07,-1.7940564632966379e-07,-1.2422017565106149e-08,ok,1,1.2656542480726785e-13,-2.19824158875781e-14,-1.765254609153999e-14,-1.63202784619898e-14,-5.551115123125783e-15,4.884981308350689e-15,3.9968028886505635e-14,7.682743330406083e-14,1.0458300891968975e-13,1.127986593019159e-13,1.2656542480726785e-13
609,-2.2264685290229878e+00,1.6083436613451437e+11,7.7735314709770120e-01,-2.4365351369006216e-06,-2.0734877044649618e-06,-1.7177862278123961e-06,-1.3766168704004474e-06,-1.0572212166151411e-06,-7.6668166070483429e-07,-5.1203560726261719e-07,-3.0044389225845568e-07,-1.3871445082719755e-07,-3.4126473727900932e-08,-2.4570644916425183e-06,-2.0939860121555663e-06,-1.7330048772142072e-06,-1.3997527933716964e-06,-9.8710072319404129e-07,-7.8460578905414722e-07,-5.1167107061660387e-07,-3.0404414629472047e-07,-2.0613268949081776e-07,-8.7663337601449707e-08,ok,1,-5.129230373768223e-14,-5.440092820663267e-15,1.3322676295501878e-15,3.9968028886505635e-15,5.773159728050814e-15,-4.884981308350689e-15,-5.551115123125783e-16,1.7763568394002505e-15,-3.6637359812630166e-15,-2.6978419498391304e-14,-5.129230373768223e-14
610,-1.2423119692548388e+00,1.8119656535611737e+11,8.7576880307451610e-01,-2.1627263383161263e-06,-1.8404768323288997e-06,-1.5247477708087329e-06,-1.2219177627671289e-06,-9.3841461014530092e-07,-6.8052481394513090e-07,-4.5449494128413749e-07,-2.6668111989552986e-07,-1.2312623436680525e-07,-3.0291466947221645e-08,-2.2098791955089586e-06,-1.8489833260736430e-06,-1.4691526664834403e-06,-1.1970806995106388e-06,-9.6910561455459863e-07,-7.2371894568321906e-07,-4.4838596032707004e-07,-3.0686236460878861e-07,-1.0963205016622500e-07,-6.0729297736094203e-08,ok,1,5.322409180053e-13,5.322409180053e-13,5.169198402654729e-13,4.876099524153688e-13,4.571898415406395e-13,4.189981694935341e-13,4.0234482412415673e-13,3.8746783559417963e-13,3.668176873361517e-13,3.2596148002994596e-13,2.786659791809143e-13
611,-7.5186557261786624e-01,1.9134390130253635e+11,9.2481344273821342e-01,-2.0480327914274486e-06,-1.7428727979550044e-06,-1.4438874572098431e-06,-1.1571171082713111e-06,-8.8864867435256594e-07,-6.4443527118863018e-07,-4.3039219840103808e-07,-2.5253850601635720e-07,-1.1659661280331300e-07,-2.8685052061023372e-08,-2.0342018648213470e-06,-1.7723996576495865e-06,-1.4242262671320348e-06,-1.1564955872722019e-06,-9.0040813027596910e-07,-6.2039882238673437e-07,-3.9770350554827112e-07,-2.8973870370289727e-07,-1.2960944189526429e-07,1.9467879734941465e-08,ok,1,-1.9699797348948778e-12,-1.6181500583911657e-12,-1.658895243394909e-12,-1.7147394615335543e-12,-1.7684742559254119e-12,-1.823208251039432e-12,-1.8521850719821487e-12,-1.871836019518014e-12,-1.891264922448954e-12,-1.928013304564047e-12,-1.9699797348948778e-12
612,-8.1898366105161791e-01,1.8995522805284204e+11,9.1810163389483823e-01,-2.0630049950412166e-06,-1.7556141205124784e-06,-1.4544430386903622e-06,-1.1655762467296887e-06,-8.9514516647376623e-07,-6.4914643408429539e-07,-4.3353859315367971e-07,-2.5438469614972622e-07,-1.1744899575091389e-07,-2.8894754972968197e-08,-2.1412785514756881e-06,-1.6487633109147279e-06,-1.4778773849158916e-06,-1.1524250041142955e-06,-9.1407188592261236e-07,-6.3240279650202717e-07,-3.7759684369221113e-07,-2.4684304807270973e-07,-1.0776212704614888e-07,-4.3047737268213289e-08,ok,1,-2.226441253583289e-12,-1.7335022306497194e-12,-1.779465463869201e-12,-1.838085239569409e-12,-1.8964829706646924e-12,-1.9622081737225017e-12,-2.0062840278001204e-12,-2.0461410343841635e-12,-2.0913271114864074e-12,-2.1542767569826538e-12,-2.226441253583289e-12
613,4.9978628193290763e-02,2.0793405781731918e+11,1.0049978628193290e+00,-1.8846291387685083e-06,-1.6038165374800739e-06,-1.3286859401616837e-06,-1.0647957534387827e-06,-8.1774725132463767e-07,-5.9301857627264468e-07,-3.9605307180637052e-07,-2.3238955405964208e-07,-1.0729387482980763e-07,-2.6396396184455580e-08,-1.8865197157826274e-06,-1.6136860939109153e-06,-1.3363837903183011e-06,-1.0372395205428028e-06,-8.0055105906138758e-07,-5.8942361000721038e-07,-4.0108461479611192e-07,-2.2171472908633586e-07,-1.9659674125088662e-08,-5.1466219638981915e-08,ok,1,-8.369194226531818e-12,-7.631006937458551e-12,-7.726486117576314e-12,-7.838174553853605e-12,-7.93942689369942e-12,-8.034239940002408e-12,-8.097633674708504e-12,-8.151812558310212e-12,-8.20732370954147e-12,-8.281375585283968e-12,-8.369194226531818e-12
614,-4.2617461885191221e-01,1.9808244713595395e+11,9.5738253811480889e-01,-1.9783609803592859e-06,-1.6835821924514140e-06,-1.3947680024123150e-06,-1.1177532636646196e-06,-8.5841782902403233e-07,-6.2251229581059496e-07,-4.1575073169322924e-07,-2.4394742527182625e-07,-1.1263012495584179e-07,-2.7709218306777814e-08,-2.0103915059305257e-06,-1.7141564302434033e-06,-1.3367908425476617e-06,-1.0972042229290191e-06,-8.9124094247789155e-07,-6.6251846925819956e-07,-4.1988910996291953e-07,-1.8382058396002107e-07,-1.3749475917731978e-07,-5.3414988859702722e-08,ok,1,-4.4853010194856324e-13,-8.559819519859957e-14,-1.2090328738167955e-13,-1.687538997430238e-13,-2.1038726316646716e-13,-2.5834889783027393e-13,-2.871036741680655e-13,-3.1297187064183163e-13,-3.439470930288735e-13,-3.929079284148429e-13,-4.4853010194856324e-13
615,-1.4654840147983210e+00,1.7657913573382275e+11,8.5345159852016794e-01,-2.2192802262775279e-06,-1.8886041051728802e-06,-1.5646189339197958e-06,-1.2538701180092928e-06,-9.6295354222522941e-07,-6.9832009548441147e-07,-4.6637968857416891e-07,-2.7365465783640901e-07,-1.2634590536267975e-07,-3.1083569118250254e-08,-2.2037003863870857e-06,-1.8509911664781716e-06,-1.5629246739873600e-06,-1.1961192052552637e-06,-9.3207374267919356e-07,-6.7416145234467695e-07,-4.5559368704475775e-07,-3.2788370426519303e-07,-1.4687428799682996e-07,1.4693766557566416e-08,ok,1,-1.8607337892717624e-12,-1.6264767310758543e-12,-1.6615597786540093e-12,-1.7065238111513281e-12,-1.7449375278033585e-12,-1.7817969322209137e-12,-1.7917889394425401e-12,-1.7956747200287282e-12,-1.8033352588986418e-12,-1.830313678397033e-12,-1.8607337892717624e-12
616,-3.0937051583565067e-01,2.0049912402736038e+11,9.6906294841643492e-01,-1.9545151940599051e-06,-1.6632894644926303e-06,-1.3779564396828433e-06,-1.1042806437911272e-06,-8.4807105797978770e-07,-6.1500896587124099e-07,-4.1073956173976653e-07,-2.4100705279726718e-07,-1.1127255982123241e-07,-2.7375230675179510e-08,-1.8893248640233405e-06,-1.6303314634619616e-06,-1.3724420407512117e-06,-1.1085151720497118e-06,-7.7586982827576066e-07,-6.3979080278018626e-07,-3.6787103160821217e-07,-2.3836577686985851e-07,-1.6314931867615423e-07,-4.2603775488259973e-08,ok,1,-2.362776641007258e-12,-1.8082202402069925e-12,-1.8629542353210127e-12,-1.93212112975516e-12,-2.000843934979457e-12,-2.0758950114441177e-12,-2.1271873151818e-12,-2.1727064591914313e-12,-2.2218893391823258e-12,-2.2872814753327475e-12,-2.362776641007258e-12
617,-4.3329474940521562e-01,1.9793513163480609e+11,9.5667052505947847e-01,-1.9798333983047806e-06,-1.6848352178889536e-06,-1.3958060745625456e-06,-1.1185851644050365e-06,-8.5905671638031596e-07,-6.2297560775671630e-07,-4.1606015896383850e-07,-2.4412898595283988e-07,-1.1271395122360367e-07,-2.7729841211656110e-08,-2.0654971432506856e-06,-1.6489077350169265e-06,-1.4291494808274846e-06,-1.1001746763801877e-06,-8.4232587859969978e-07,-5.8815607511015584e-07,-3.6111637033957509e-07,-1.5260862153013763e-07,-1.3554004400532385e-07,-5.2642001950035111e-08,ok,1,1.4872547637878597e-12,1.4197532038906502e-12,1.4279688542728763e-12,1.4306333895319767e-12,1.4386269953092778e-12,1.4406253967536031e-12,1.4601653219870059e-12,1.4777068457760834e-12,1.4872547637878597e-12,1.475708444331758e-12,1.4641621248756564e-12
618,-5.2288630765875599e-01,1.9608148229454034e+11,9.4771136923412447e-01,-1.9985496831247310e-06,-1.7007627478717942e-06,-1.4090012777887461e-06,-1.1291596695881272e-06,-8.6717777858366616e-07,-6.2886488557186796e-07,-4.1999336892171693e-07,-2.4643685066390594e-07,-1.1377948856427501e-07,-2.7991984282154826e-08,-1.9841695903880127e-06,-1.7271947135086633e-06,-1.4275823681294197e-06,-1.1065017521358517e-06,-9.0686431348560990e-07,-6.0543631026703440e-07,-3.5959725642514158e-07,-2.8708954775426289e-07,-9.8489661851466442e-08,-8.5216235255699757e-08,ok,1,-4.189093516515641e-12,-3.839595308363641e-12,-3.8801184487624596e-12,-3.9285241726361164e-12,-3.9754866065777605e-12,-4.029665490179468e-12,-4.059197422634497e-12,-4.080402682404838e-12,-4.1031622544096535e-12,-4.143352327901084e-12,-4.189093516515641e-12
619,-1.3426412109146235e+00,1.7912075334617645e+11,8.6573587890853776e-01,-2.1877899516782008e-06,-1.8618059292701602e-06,-1.5424179160902844e-06,-1.2360784421946309e-06,-9.4928980066079170e-07,-6.8841134610496657e-07,-4.5976203646930735e-07,-2.6977165999837105e-07,-1.2455313164836549e-07,-3.0642511645889904e-08,-2.1700341266839777e-06,-1.8680234741142450e-06,-1.5488006562280132e-06,-1.2189494503330456e-06,-9.9295937301078354e-07,-6.1518938001536652e-07,-5.2095413107353984e-07,-2.6684383315080713e-07,-9.8325020907053419e-08,-4.3901138285399594e-08,ok,1,-4.738431869100168e-13,-2.3359092438113294e-13,-2.4513724383723456e-13,-2.6345592374354965e-13,-2.849942504212777e-13,-3.204103649068202e-13,-3.397282455352979e-13,-3.574918139293004e-13,-3.8136160895874127e-13,-4.242162177092723e-13,-4.738431869100168e-13
620,2.0527386140891421e-01,2.1114711619255045e+11,1.0205273861408914e+00,-1.8559504452399706e-06,-1.5794110128026732e-06,-1.3084671204008317e-06,-1.0485925915252520e-06,-8.0530346473492158e-07,-5.8399452074099296e-07,-3.9002627086550120e-07,-2.2885324621924059e-07,-1.0566116731711387e-07,-2.5994718135020379e-08,-1.8538346270920757e-06,-1.5690487570411447e-06,-1.3638310076793466e-06,-1.0463669717173056e-06,-8.1251101541349045e-07,-6.5643936818159662e-07,-3.6314275549313734e-07,-2.7039141609787596e-07,-1.0495023067614945e-07,-5.2753582235639288e-08,ok,1,2.616351579831644e-12,2.077005234468743e-12,2.1256330029473247e-12,2.1795898419441073e-12,2.241762331323116e-12,2.298161660974074e-12,2.3707702467845593e-12,2.4420465649654943e-12,2.5064395003937534e-12,2.55351295663786e-12,2.616351579831644e-12
621,-2.6405869135638915e-02,2.0635366256758362e+11,9.9735941308643605e-01,-1.8990628973202519e-06,-1.6160996441069608e-06,-1.3388619114748149e-06,-1.0729506760687166e-06,-8.2401011022874072e-07,-5.9756031171074125e-07,-3.9908631282710525e-07,-2.3416934969398850e-07,-1.0811560354643909e-07,-2.6598557554757591e-08,-1.8885670790553450e-06,-1.6514771272595098e-06,-1.3168135289304377e-06,-1.0121744476597262e-06,-8.6983580279588632e-07,-5.2305404476943411e-07,-3.1212552325032681e-07,-2.1525879378206322e-07,-1.1182567400677024e-07,-1.0504643678969258e-08,ok,1,1.0049738818906917e-12,9.061640326990528e-13,9.259260025373806e-13,9.405809464624326e-13,9.532374889431594e-13,9.514611321037592e-13,9.690026558928366e-13,9.905409825705647e-13,1.0049738818906917e-12,1.0020873020266663e-12,1.0047518372857667e-12
622,6.3713222469669512e-02,2.0821822657289746e+11,1.0063713222469670e+00,-1.8820570646436405e-06,-1.6016277063027046e-06,-1.3268725973369281e-06,-1.0633425584581049e-06,-8.1663121926201757e-07,-5.9220924583011409e-07,-3.9551255280634404e-07,-2.3207239714732788e-07,-1.0714744400512576e-07,-2.6360371331521061e-08,-1.8605160463723561e-06,-1.5743592017714474e-06,-1.3367277352695051e-06,-1.0719134849609467e-06,-8.3045400990404881e-07,-6.0679294303699986e-07,-3.9703499396103194e-07,-2.1957733333783221e-07,-1.3326595993508169e-07,-5.1577520400466702e-08,ok,1,3.4576785878925875e-12,3.077538224260934e-12,3.105515844481488e-12,3.1319391524675666e-12,3.164135620181696e-12,3.1941116418465754e-12,3.248068480843358e-12,3.3075764349632664e-12,3.3635316754043743e-12,3.403721748895805e-12,3.4576785878925875e-12
623,-1.3570437009657721e+00,1.7882276582701819e+11,8.6429562990342290e-01,-2.1914356513579237e-06,-1.8649084141658482e-06,-1.5449881776907308e-06,-1.2381382243859389e-06,-9.5087168265069013e-07,-6.8955850423233941e-07,-4.6052817688780182e-07,-2.7022120336232387e-07,-1.2476068508000942e-07,-3.0693573858154301e-08,-2.2059678222280942e-06,-1.8620165094232170e-06,-1.5454142094438000e-06,-1.3004530291747851e-06,-1.0145731913106267e-06,-6.5989904053477461e-07,-5.1173075379984884e-07,-3.4718967994053551e-07,-1.3300482643619393e-07,-9.3000549790972275e-08,ok,1,-4.3220982348657344e-13,-3.2862601528904634e-13,-3.468336728928989e-13,-3.7281289166912757e-13,-3.9179770539021774e-13,-4.118927421359331e-13,-4.0822900615467006e-13,-4.0112357879706906e-13,-3.999023334699814e-13,-4.1666670114182125e-13,-4.3220982348657344e-13
624,4.1367043582390933e-02,2.0775588413171967e+11,1.0041367043582390e+00,-1.8862454170445977e-06,-1.6051919878407498e-06,-1.3298254355547977e-06,-1.0657089337616325e-06,-8.1844856018753134e-07,-5.9352715539995821e-07,-3.9639273119261193e-07,-2.3258885384779100e-07,-1.0738589121415577e-07,-2.6419034018542521e-08,-1.9427185227452379e-06,-1.5931041888054618e-06,-1.3955690126522660e-06,-9.8596221748181989e-07,-8.4236418337907611e-07,-5.7849819990652725e-07,-3.8383896870718388e-07,-2.0015584250733985e-07,-7.7244031886896918e-08,-2.6892946585119836e-08,ok,1,-9.727774141765622e-13,-9.727774141765622e-13,-9.697798120100742e-13,-9.698908343125368e-13,-9.63895629979561e-13,-9.623413177450857e-13,-9.410250356722827e-13,-9.210410212290299e-13,-9.122702593344911e-13,-9.227063557659676e-13,-9.303668946358812e-13
625,-1.8885418473797683e-02,2.0650926069177713e+11,9.9811145815262026e-01,-1.8976320141515093e-06,-1.6148819647013952e-06,-1.3378531218357698e-06,-1.0721422420427428e-06,-8.2338924495901290e-07,-5.9711006912326941e-07,-3.9878561405143026e-07,-2.3399291057669792e-07,-1.0803414189622237e-07,-2.6578516392141914e-08,-1.8857958491322022e-06,-1.6154390501273832e-06,-1.3707055825026334e-06,-1.0447660766626232e-06,-8.3790078496152389e-07,-6.1515317357696964e-07,-3.7918947767604781e-07,-1.8830463925906199e-07,-7.2567827446516157e-08,-1.1466295948802341e-08,ok,1,-1.43562939314279e-12,-1.04549702228951e-12,-1.0834666497316903e-12,-1.1338707750496724e-12,-1.1852741010898171e-12,-1.2398970739013748e-12,-1.270095140171179e-12,-1.2967404927621828e-12,-1.3289369604763124e-12,-1.3785639296770569e-12,-1.43562939314279e-12
626,2.7682983579853510e-01,2.1262760930267169e+11,1.0276829835798535e+00,-1.8430277497519664e-06,-1.5684138185503800e-06,-1.2993564665056656e-06,-1.0412914037235003e-06,-7.9969626144074124e-07,-5.7992825734602551e-07,-3.8731057835131996e-07,-2.2725977651212225e-07,-1.0492546497458531e-07,-2.5813720938879902e-08,-1.7983282911364213e-06,-1.5153120751614282e-06,-1.2773269939956587e-06,-1.0054986093033497e-06,-8.1894502225893983e-07,-5.7137987212403578e-07,-4.4091840136889299e-07,-2.4390868218460654e-07,-1.5558792124188488e-07,-2.9317543725611891e-08,ok,1,1.268984917146554e-12,9.121592370320286e-13,9.314771176605063e-13,9.50350909079134e-13,9.818812429784884e-13,1.0114131754335176e-12,1.0627054791711998e-12,1.120215031846783e-12,1.1752820938681907e-12,1.2148060335448463e-12,1.268984917146554e-12
627,1.7417097926734186e+00,2.4293597561041302e+11,1.1741709792673418e+00,-1.6130940809530950e-06,-1.3727406152886579e-06,-1.1372504974221627e-06,-9.1138128556098426e-07,-6.9992722901961437e-07,-5.0757718619700288e-07,-3.3899023034945147e-07,-1.9890715176677754e-07,-9.1835104769563031e-08,-2.2593235755384268e-08,-1.6283786916781410e-06,-1.3420963004630663e-06,-1.1112072897918989e-06,-1.0085386144327092e-06,-7.6572893927675772e-07,-4.4430739042690645e-07,-3.1722172714483194e-07,-2.3906274175742492e-07,3.0751449714405266e-09,2.9866528694933895e-10,ok,1,-5.541123115904156e-13,-4.163336342344337e-13,-4.2643666375852263e-13,-4.4719783431901305e-13,-4.671818487622659e-13,-4.949374243778948e-13,-5.008216064084081e-13,-5.025979632478084e-13,-5.098144129078719e-13,-5.331290964250002e-13,-5.541123115904156e-13
628,4.1583841658886095e-02,2.0776036968392236e+11,1.0041583841658888e+00,-1.8862046929583072e-06,-1.6051573317051391e-06,-1.3297967245900410e-06,-1.0656859250788455e-06,-8.1843088986247457e-07,-5.9351434113372506e-07,-3.9638417306357936e-07,-2.3258383224859984e-07,-1.0738357275007498e-07,-2.6418463630937992e-08,-1.9044928040017251e-06,-1.5418215405175850e-06,-1.3057266335816929e-06,-1.0913311037161743e-06,-8.6015364485834086e-07,-6.2354838467810187e-07,-3.8930058488965297e-07,-2.2048699532606162e-07,-1.4610529087077678e-07,-8.2943506435014204e-08,ok,1,2.1043167208745217e-12,1.7386092565629951e-12,1.7605916724505732e-12,1.780353642288901e-12,1.8072210394848298e-12,1.835642748915234e-12,1.893152301590817e-12,1.9559909247846008e-12,2.012834343645409e-12,2.0514701049023643e-12,2.1043167208745217e-12
629,-2.8928601771370793e-01,2.0091467229350339e+11,9.7107139822862920e-01,-1.9504727048268603e-06,-1.6598493122891753e-06,-1.3751064367318528e-06,-1.1019966796520275e-06,-8.4631700759893585e-07,-6.1373695369649153e-07,-4.0989003636343230e-07,-2.4050858216941127e-07,-1.1104241675233380e-07,-2.7318610969391455e-08,-1.9349740915846156e-06,-1.6370686009295966e-06,-1.3286610725420785e-06,-1.0833862166662813e-06,-7.9155217813436158e-07,-6.2100129814190842e-07,-4.4351034061769570e-07,-2.4647505603815945e-07,-4.5063902026960279e-08,-6.0540846908254024e-08,ok,1,-8.006928453596629e-13,-4.4420023215252513e-13,-4.629630012686903e-13,-4.950484466803573e-13,-5.314637618880624e-13,-5.796474411567942e-13,-6.102895966364486e-13,-6.417089082333405e-13,-6.794564910705958e-13,-7.354117315117037e-13,-8.006928453596629e-13
630,1.2461661463563090e+00,2.3268317756811203e+11,1.1246166146356309e+00,-1.6841723944264708e-06,-1.4332281522049419e-06,-1.1873615531305270e-06,-9.5153978931702774e-07,-7.3076836071810559e-07,-5.2994273249610572e-07,-3.5392727223784807e-07,-2.0767166528912110e-07,-9.5881666245250572e-08,-2.3588769191625200e-08,-1.6799462759102850e-06,-1.4174222145668481e-06,-1.1961797463454568e-06,-9.3597844838307179e-07,-7.0188109723810683e-07,-5.2331557385532411e-07,-4.0203773169480296e-07,-1.6327073327416155e-07,-4.1349368522985015e-08,-6.8689867138797528e-08,ok,1,-9.563461134121098e-13,-6.096234628216735e-13,-6.339373470609644e-13,-6.675771047071066e-13,-7.033262861000367e-13,-7.531752999057062e-13,-7.870371021567735e-13,-8.171241461241152e-13,-8.5131901528257e-13,-9.005018952734645e-13,-9.563461134121098e-13
631,8.5576005937398669e-01,2.2460567562844778e+11,1.0855760059373987e+00,-1.7447403464333700e-06,-1.4847713874609839e-06,-1.2300626790976698e-06,-9.8576004876473213e-07,-7.5704900938954709e-07,-5.4900108192303442e-07,-3.6665557137737033e-07,-2.1514016880931672e-07,-9.9329862034876243e-08,-2.4437092941036345e-08,-1.7967114254402605e-06,-1.5126448298942106e-06,-1.1702678696666525e-06,-9.2330710212011313e-07,-7.4498855140276918e-07,-5.4053560231804057e-07,-3.9841013214268030e-07,-2.4008810510939948e-07,-1.3430404989860233e-07,1.4071801425717450e-08,ok,1,-3.05089287166993e-12,-2.5689450566801497e-12,-2.605360371887855e-12,-2.6547652964836743e-12,-2.706834756338594e-12,-2.769007245717603e-12,-2.8137492336099967e-12,-2.8561597531506777e-12,-2.904232410116947e-12,-2.9717339700141565e-12,-3.05089287166993e-12
632,1.5630593217211466e-01,2.1013396973664105e+11,1.0156305932172114e+00,-1.8648987824194723e-06,-1.5870260341646806e-06,-1.3147758044560756e-06,-1.0536483084472447e-06,-8.0918617989697609e-07,-5.8681021007985765e-07,-3.9190675565386063e-07,-2.2995664637564867e-07,-1.0617060535423357e-07,-2.6120049877213036e-08,-1.9179199408786216e-06,-1.6003558380250964e-06,-1.2896971660003399e-06,-1.0203633864263993e-06,-7.9988230141689397e-07,-5.8643525313006836e-07,-4.0293580149683262e-07,-2.2311864263438755e-07,-7.4701734139854554e-08,-9.0330553708803606e-09,ok,1,-2.8326230250286244e-12,-2.688960165642129e-12,-2.7243762801276716e-12,-2.7626789744772395e-12,-2.787992059438693e-12,-2.8100854976287337e-12,-2.8070878954622458e-12,-2.7990942896849447e-12,-2.798095088962782e-12,-2.815303545844472e-12,-2.8326230250286244e-12
633,-1.6230219514456692e+00,1.7331967582458911e+11,8.3769780485543310e-01,-2.2610161393589864e-06,-1.9241213038779308e-06,-1.5940432486407058e-06,-1.2774504724148769e-06,-9.8106290257737399e-07,-7.1145274383737590e-07,-4.7515045213749728e-07,-2.7880102325645139e-07,-1.2872197381137237e-07,-3.1668128527933392e-08,-2.2762157846660732e-06,-1.9571959926070536e-06,-1.6390594868110922e-06,-1.3012974174170199e-06,-9.6985871313449048e-07,-7.4372429863124804e-07,-4.3596345408700831e-07,-2.4368069693464009e-07,-6.1219154559379026e-08,-7.2916058125962919e-08,ok,1,-9.992007221626409e-14,-5.706546346573305e-14,-6.683542608243442e-14,-8.004708007547379e-14,-8.548717289613705e-14,-9.559020242022598e-14,-8.493206138382448e-14,-7.349676423018536e-14,-6.916689443414725e-14,-8.404388296412435e-14,-9.992007221626409e-14
634,1.4644356138380032e+00,2.3719917285030829e+11,1.1464435613838004e+00,-1.6521077185814200e-06,-1.4059411617136016e-06,-1.1647555755963518e-06,-9.3342358280563985e-07,-7.1685538442074542e-07,-5.1985324166356602e-07,-3.4718891024199863e-07,-2.0371783927240775e-07,-9.4056191277356554e-08,-2.3139666569935449e-08,-1.6856220179838359e-06,-1.4518810237214644e-06,-1.1784937615778128e-06,-9.2851511669481496e-07,-6.6544636135669897e-07,-5.2119373444778557e-07,-3.5443794817530142e-07,-1.7148872670308287e-07,-1.0740981554959275e-07,-7.2311872019653783e-09,ok,1,-2.3260282588921655e-12,-1.947220162890062e-12,-1.9884094371036554e-12,-2.0441426329398382e-12,-2.0982104942390833e-12,-2.1557200469146665e-12,-2.186584246999246e-12,-2.2102319974237616e-12,-2.2361001938975278e-12,-2.2781776465308212e-12,-2.3260282588921655e-12
635,-9.0173184225334227e-02,2.0503431681837784e+11,9.9098268157746661e-01,-1.9112829032119388e-06,-1.6264988505788084e-06,-1.3474771608533149e-06,-1.0798548515970374e-06,-8.2931241402045084e-07,-6.0140546636015333e-07,-4.0165433577171293e-07,-2.3567617226244388e-07,-1.0881130104757065e-07,-2.6769712775810144e-08,-1.9193003674974029e-06,-1.5831124236298645e-06,-1.3521933280938554e-06,-1.0334486081360403e-06,-8.0648198995261944e-07,-5.9998461851005981e-07,-4.2083019043694040e-07,-2.9815599498638616e-07,-7.8190323603153892e-08,5.5618870057652710e-09,ok,1,-3.817279825568676e-12,-3.011701998900662e-12,-3.0832003616865222e-12,-3.1752378504279477e-12,-3.2711611197555612e-12,-3.3776315078171137e-12,-3.4624525468984757e-12,-3.540057136319774e-12,-3.6156633242967473e-12,-3.706590590013548e-12,-3.817279825568676e-12
636,7.4127345531503119e-01,2.2223694779046799e+11,1.0741273455315030e+00,-1.7633367817746720e-06,-1.5005969257195005e-06,-1.2431733870173730e-06,-9.9626684024614109e-07,-7.6511806848043030e-07,-5.5485264782706874e-07,-3.7056359507833707e-07,-2.1743325513985989e-07,-1.0038857622158153e-07,-2.4697557381927849e-08,-1.7816717933715037e-06,-1.4557777701718945e-06,-1.2643512013704844e-06,-9.9740653953226690e-07,-7.1547363143926666e-07,-5.2205265534708969e-07,-4.2907480034066343e-07,-2.2645849732245645e-07,-1.0186977248272625e-07,-8.6937183289662975e-08,ok,1,1.1295409052536343e-12,9.79216707719388e-13,9.907630271754897e-13,9.954259638789154e-13,1.0051959264956167e-12,1.0109690862236675e-12,1.0402789740737717e-12,1.0744738432322265e-12,1.1033396418724806e-12,1.113553693699032e-12,1.1295409052536343e-12
637,-9.2625026570886809e-02,2.0498358820024835e+11,9.9073749734291128e-01,-1.9117559007991847e-06,-1.6269013708080243e-06,-1.3478106297738232e-06,-1.0801220902874721e-06,-8.2951764934747814e-07,-6.0155430007534889e-07,-4.0175373577785641e-07,-2.3573449657491055e-07,-1.0883822928670702e-07,-2.6776337650439491e-08,-1.8213533729040070e-06,-1.6101161571520459e-06,-1.3403101654181620e-06,-1.0790272111901573e-06,-9.2237607116901798e-07,-6.0209782476464848e-07,-4.5586421753958927e-07,-2.4661150255569661e-07,-7.6924659403379406e-08,-3.0118829603018632e-08,ok,1,2.752464922650688e-12,2.3707702467845593e-12,2.4007462684494385e-12,2.4273916210404423e-12,2.461586490198897e-12,2.495337270147502e-12,2.5548452242674102e-12,2.616351579831644e-12,2.6714186418530517e-12,2.7062796448262816e-12,2.752464922650688e-12
638,1.7193558769325334e+00,2.4247347309373413e+11,1.1719355876932533e+00,-1.6161709539115181e-06,-1.3753590295076484e-06,-1.1394197294240888e-06,-9.1311968660375792e-07,-7.0126229508261333e-07,-5.0854535695469494e-07,-3.3963683235816003e-07,-1.9928655433465393e-07,-9.2010274311037330e-08,-2.2636330895936862e-08,-1.6288254439871519e-06,-1.3459803604713398e-06,-1.1470723472019902e-06,-9.5574096750241957e-07,-6.5490980137211380e-07,-5.4641214678173781e-07,-3.2929163866358829e-07,-1.3877016601751398e-07,-2.4577916749463960e-08,-4.3276719008334954e-08,ok,1,6.510347816401918e-13,6.461498003318411e-13,6.479261571712414e-13,6.423750420481156e-13,6.397105067890152e-13,6.299405441723138e-13,6.3860028376439e-13,6.481482017761664e-13,6.510347816401918e-13,6.374900607397649e-13,6.237232952344129e-13
639,-2.1886286038701575e-01,2.0237172741859265e+11,9.7811371396129843e-01,-1.9364295067607845e-06,-1.6478985720431490e-06,-1.3652058152029179e-06,-1.0940624196122663e-06,-8.4022361427176038e-07,-6.0931811226388982e-07,-4.0693887126805644e-07,-2.3877694570629287e-07,-1.1024292304584524e-07,-2.7121919847396834e-08,-1.9182443163401726e-06,-1.6929960438471575e-06,-1.3859387427623136e-06,-1.1400737182097989e-06,-8.1943924329249137e-07,-6.0701844358058598e-07,-4.4945742571111161e-07,-2.2584282063268041e-07,-6.4456184900788316e-08,-3.9193692399480896e-08,ok,1,-1.2891909761947318e-12,-9.50794998288984e-13,-9.799938638366257e-13,-1.0195178035132813e-12,-1.0574874309554616e-12,-1.1041167979897182e-12,-1.131872373605347e-12,-1.1554091017274004e-12,-1.184385922670117e-12,-1.2329026688462363e-12,-1.2891909761947318e-12
640,-1.8590374682042035e-01,2.0305365147828549e+11,9.8140962531795795e-01,-1.9299263098961443e-06,-1.6423643613789093e-06,-1.3606209841280651e-06,-1.0903881813960467e-06,-8.3740185414330503e-07,-6.0727181229622152e-07,-4.0557223045703901e-07,-2.3797505052800067e-07,-1.0987268936114406e-07,-2.7030835104324620e-08,-2.0503594798778975e-06,-1.6374957237459481e-06,-1.3609859179247012e-06,-1.1314223259277864e-06,-8.6017701423539214e-07,-6.2503756284913945e-07,-4.6422696806279551e-07,-2.6213350429590131e-07,-1.2304953824804163e-07,-2.7984299457134265e-08,ok,1,1.376454505930269e-12,1.376454505930269e-12,1.376454505930269e-12,1.3673506771283428e-12,1.3586909375362666e-12,1.3382628338831637e-12,1.3369305662536135e-12,1.341149413747189e-12,1.341149413747189e-12,1.3218315331187114e-12,1.3027356970951587e-12
641,-3.6017118650379670e-01,1.9944805815123645e+11,9.6398288134962040e-01,-1.9648152403136500e-06,-1.6720547882259566e-06,-1.3852180946996595e-06,-1.1101000622038162e-06,-8.5254028449194351e-07,-6.1824998482788621e-07,-4.1290410694108830e-07,-2.4227712928419881e-07,-1.1185895204598119e-07,-2.7519494655845202e-08,-1.9598057396265566e-06,-1.6963684368018122e-06,-1.3682502379672217e-06,-1.0663055818218279e-06,-8.8444759921741391e-07,-5.1220023602932476e-07,-3.9216953768413746e-07,-1.6034545002754968e-07,-9.1040490785726771e-08,-4.8191890645853236e-08,ok,1,-3.959277350418233e-12,-3.504529999531769e-12,-3.559375016948252e-12,-3.624878175401136e-12,-3.6839420403111944e-12,-3.742339771406478e-12,-3.775868506750157e-12,-3.806732706834737e-12,-3.843259044344904e-12,-3.897659972551537e-12,-3.959277350418233e-12
642,7.6002612628434063e-01,2.2262494055282300e+11,1.0760026126284341e+00,-1.7602636224592217e-06,-1.4979816718050252e-06,-1.2410067731778502e-06,-9.9453053737278459e-07,-7.6378461378023559e-07,-5.5388564560656328e-07,-3.6991777348824868e-07,-2.1705431049327352e-07,-1.0021361810161177e-07,-2.4654514255208653e-08,-1.7877732779238781e-06,-1.5524446812683783e-06,-1.2401733102017162e-06,-9.5021031153295837e-07,-7.4058501042998547e-07,-5.2976302535369387e-07,-3.8652687598367254e-07,-1.9303796607637592e-07,-1.5609686020857444e-07,-3.8517045605625048e-08,ok,1,-1.6090462295892394e-12,-1.543098981926505e-12,-1.5556445021047693e-12,-1.5728529589864593e-12,-1.582067810090848e-12,-1.5957235532937375e-12,-1.5875079029115113e-12,-1.5787371410169726e-12,-1.5772938510849599e-12,-1.5936141295469497e-12,-1.6090462295892394e-12
643,4.6626041748949509e-01,2.1654692803785767e+11,1.0466260417489495e+00,-1.8096704850947243e-06,-1.5400268369411722e-06,-1.2758391984975292e-06,-1.0224448980514955e-06,-7.8522242628446558e-07,-5.6943203971436966e-07,-3.8030058001112998e-07,-2.2314656415699736e-07,-1.0302640159643134e-07,-2.5346514125920605e-08,-1.7913111638030032e-06,-1.5226689380652245e-06,-1.2189046567295622e-06,-1.0169404932243273e-06,-7.1186402767402845e-07,-5.7734542057631177e-07,-3.6249301169500242e-07,-2.4791228446251909e-07,-5.9531267743274920e-08,6.2022823823524480e-09,ok,1,5.258016244624741e-13,3.9901415505028126e-13,4.154454558147336e-13,4.2810199829546036e-13,4.440892098500626e-13,4.5274894944213884e-13,4.800604358479177e-13,5.058176100192213e-13,5.229150445984487e-13,5.224709553885987e-13,5.258016244624741e-13
644,5.3757331995884827e-01,2.1802239198994858e+11,1.0537573319958848e+00,-1.7974235615467748e-06,-1.5296047235844608e-06,-1.2672049718510587e-06,-1.0155255143283867e-06,-7.7990844282593575e-07,-5.6557841513802749e-07,-3.7772690034555573e-07,-2.2163642243015328e-07,-1.0232917164531698e-07,-2.5174981892131419e-08,-1.7685098028606016e-06,-1.4705340376482615e-06,-1.2679319092859155e-06,-1.0157252539115443e-06,-7.9460711375444320e-07,-5.0387358565611845e-07,-3.5798903972671372e-07,-2.1929429177667053e-07,-8.6590914762581741e-08,-3.8805220351015515e-09,ok,1,-1.3212764216063988e-12,-9.32698362987594e-13,-9.676703882632864e-13,-1.0165202013467933e-12,-1.0655920590352252e-12,-1.1209921879640206e-12,-1.1517453657461374e-12,-1.1782796960346786e-12,-1.2110312752611208e-12,-1.2619905120914154e-12,-1.3212764216063988e-12
645,1.0121114496386241e+00,2.2784058589302313e+11,1.1012111449638624e+00,-1.7199682961284748e-06,-1.4636904102390215e-06,-1.2125980892365100e-06,-9.7176409941540577e-07,-7.4630032911626934e-07,-5.4120629317611706e-07,-3.6144974789930682e-07,-2.1208558071823396e-07,-9.7919563738008222e-08,-2.4090131917946269e-08,-1.7060727562127911e-06,-1.4951540489302775e-06,-1.2091837252836658e-06,-9.0730109257938168e-07,-7.0909749105747099e-07,-5.6771144032836691e-07,-3.1139957680864927e-07,-2.4554254176664345e-07,-1.4070980343975549e-07,-1.1940774203027263e-08,ok,1,-1.510569447304988e-12,-1.4021006577991102e-12,-1.418198891656175e-12,-1.4381829060994278e-12,-1.4525047831170923e-12,-1.4723777752578826e-12,-1.4690471061840071e-12,-1.4626078126411812e-12,-1.4641621248756564e-12,-1.4866996522755471e-12,-1.510569447304988e-12
646,-6.7182143068236577e-01,1.9300001459918185e+11,9.3281785693176344e-01,-2.0304588324614788e-06,-1.7279173855405979e-06,-1.4314976072863245e-06,-1.1471880052489415e-06,-8.8102327137889270e-07,-6.3890543833671970e-07,-4.2669904716565435e-07,-2.5037149904239640e-07,-1.1559610924815265e-07,-2.8438908576432454e-08,-2.0537724302761775e-06,-1.7788374815960238e-06,-1.4281874832980022e-06,-1.0925315331135217e-06,-8.5976003725114537e-07,-6.2816899880401835e-07,-4.0983493517444524e-07,-2.8344510248090722e-07,-2.9559752295813083e-08,-4.9113891947231956e-08,ok,1,5.544453784978032e-13,5.544453784978032e-13,5.53335155473178e-13,5.444533712761768e-13,5.349054532644004e-13,5.18030063290098e-13,5.24469356832924e-13,5.373479439185758e-13,5.448974604860268e-13,5.333511410299252e-13,5.240252676230739e-13
647,-8.7868778976322492e-01,1.8871994962979889e+11,9.1213122102367761e-01,-2.0765085253447363e-06,-1.7671056043115429e-06,-1.4639631880333847e-06,-1.1732056001278813e-06,-9.0100439604967742e-07,-6.5339546332357116e-07,-4.3637634756773874e-07,-2.5604978734524824e-07,-1.1821776561683248e-07,-2.9083887427994467e-08,-2.1509338061006072e-06,-1.7335927392066049e-06,-1.4626206290843941e-06,-1.2388907746491270e-06,-9.1320611865887639e-07,-6.6593485062133980e-07,-4.4940527514502852e-07,-2.5934198573066115e-07,-1.1957996457261176e-07,-4.8725873382820430e-08,ok,1,3.000932835561798e-12,2.6048052603755423e-12,2.6350033266453465e-12,2.6640911698905256e-12,2.701394663517931e-12,2.736699755701011e-12,2.794209308376594e-12,2.8566038423605278e-12,2.9125590828016357e-12,2.949862576429041e-12,3.000932835561798e-12
648,-9.5999143420318234e-01,1.8703777722633615e+11,9.0400085657968177e-01,-2.0951841393766400e-06,-1.7829985235155402e-06,-1.4771297178707907e-06,-1.1837571267412154e-06,-9.0910781105434539e-07,-6.5927194364340660e-07,-4.4030101059719275e-07,-2.5835263702922525e-07,-1.1928098752774798e-07,-2.9345460857390953e-08,-2.0957476875021825e-06,-1.8256749151872181e-06,-1.4676910716196072e-06,-1.1693267993976694e-06,-8.9913965641136363e-07,-6.4376939681942818e-07,-4.8488151841158886e-07,-2.3751696934102850e-07,-1.1677015127465258e-07,-9.5465352308747845e-09,ok,1,2.8186342149183474e-12,2.539080057317733e-12,2.5635049638594865e-12,2.582822844487964e-12,2.608802063264193e-12,2.632338791386246e-12,2.6778579353958776e-12,2.724709347035059e-12,2.7626789744772395e-12,2.7846613903648176e-12,2.8186342149183474e-12
649,-2.0097614782633852e-01,2.0274180350147305e+11,9.7990238521736617e-01,-1.9328948324467926e-06,-1.6448905695653099e-06,-1.3627138278048888e-06,-1.0920653655916311e-06,-8.3868990658106241e-07,-6.0820588944729696e-07,-4.0619606272772198e-07,-2.3834109264082351e-07,-1.1004169040249914e-07,-2.7072412672944768e-08,-1.9665756307381285e-06,-1.6731822639425419e-06,-1.3550422924547267e-06,-1.0679732227967114e-06,-8.3076514662080404e-07,-6.0504097768612582e-07,-3.4670682965560059e-07,-2.1853324728216831e-07,-1.1041848897134811e-07,-5.6047917350809683e-08,ok,1,2.837063917127125e-12,2.6907365224815294e-12,2.7142732506035827e-12,2.7320368189975852e-12,2.751576744230988e-12,2.7604585284279892e-12,2.786659791809143e-12,2.814637412029697e-12,2.8352875602877248e-12,2.8341773372630996e-12,2.837063917127125e-12
650,-4.8426053734303010e-01,1.9688064948237271e+11,9.5157394626569702e-01,-1.9904372793327186e-06,-1.6938591045541407e-06,-1.4032819367060713e-06,-1.1245762462876295e-06,-8.6365777787605116e-07,-6.2631223155230936e-07,-4.1828855476218901e-07,-2.4543652765043682e-07,-1.1331764107448689e-07,-2.7878360747387074e-08,-1.9572413765979238e-06,-1.6867180224573760e-06,-1.4107974447859932e-06,-1.1128661262206766e-06,-8.4753953600348299e-07,-6.8820093032412628e-07,-3.5891884364284541e-07,-2.2432907800966027e-07,-5.3867787575745193e-08,-1.4647511944019328e-08,ok,1,2.9272140267266877e-12,2.722044811775959e-12,2.7542412794900883e-12,2.7833291227352674e-12,2.816635813474022e-12,2.837952095546825e-12,2.8705926524708048e-12,2.8992364065061338e-12,2.9201085993690867e-12,2.922107000813412e-12,2.9272140267266877e-12
651,1.2728126376262889e+00,2.3323449347248792e+11,1.1272812637626288e+00,-1.6801913750939992e-06,-1.4298403107934977e-06,-1.1845548871897777e-06,-9.4929055502866645e-07,-7.2904098234439061e-07,-5.2869006247830327e-07,-3.5309066470417943e-07,-2.0718077438203349e-07,-9.5655022720958928e-08,-2.3533010442401086e-08,-1.7089243799293638e-06,-1.4368432437693439e-06,-1.1623208947305562e-06,-1.0076135804008954e-06,-7.9437350828590846e-07,-5.1882705363368282e-07,-3.5201631600300784e-07,-1.9145830305422457e-07,-1.3598082236365631e-07,1.2262918055333217e-08,ok,1,-3.133715509306967e-12,-2.536526544361095e-12,-2.593369963221903e-12,-2.6649793483102258e-12,-2.7355895326763857e-12,-2.8124169659804465e-12,-2.8697044740511046e-12,-2.9224400677207996e-12,-2.9768409959274322e-12,-3.0482283364108298e-12,-3.133715509306967e-12
652,1.5881765082966428e+00,2.3975937195665753e+11,1.1588176508296641e+00,-1.6344661779470618e-06,-1.3909282374019196e-06,-1.1523180797934225e-06,-9.2345629684736382e-07,-7.0920065752199186e-07,-5.1430214352181977e-07,-3.4348155678141588e-07,-2.0154249894865742e-07,-9.3051840228304291e-08,-2.2892576526434897e-08,-1.6053662829050850e-06,-1.4920838833161666e-06,-1.2150396066494016e-06,-9.7967716000679264e-07,-6.9817639905962676e-07,-4.6493660488031980e-07,-3.5172553206650408e-07,-2.6136633824297920e-07,-1.0143472044401595e-07,-2.9385878254784592e-08,ok,1,2.807309940067171e-12,2.807309940067171e-12,2.80020451270957e-12,2.781330721290942e-12,2.759570350008289e-12,2.729816372948335e-12,2.7193802765168584e-12,2.7107205369247822e-12,2.694067191555405e-12,2.6574298317427747e-12,2.617239758251344e-12
653,8.6399196608855888e-01,2.2477599377837228e+11,1.0863991966088560e+00,-1.7434183149192415e-06,-1.4836463406484281e-06,-1.2291306311689190e-06,-9.8501311478543335e-07,-7.5647537523810606e-07,-5.4858509066506353e-07,-3.6637774767647541e-07,-2.1497715195487874e-07,-9.9254597421346076e-08,-2.4418576370910621e-08,-1.7865056237260442e-06,-1.4200707017728537e-06,-1.1954526063375035e-06,-9.0874082059780793e-07,-8.0998665688414915e-07,-4.8676139616077488e-07,-3.5407725239415131e-07,-1.5232458939998823e-07,-1.0973585821230019e-07,-5.6145878518825759e-08,ok,1,-1.6162626792493029e-12,-1.2710943408933417e-12,-1.3046230762370215e-12,-1.34781075189494e-12,-1.3907763829479336e-12,-1.4396261960314405e-12,-1.4661605263199817e-12,-1.4879208976026348e-12,-1.5150103394034886e-12,-1.5620837956475953e-12,-1.6162626792493029e-12
654,1.3891748609867541e-01,2.0977420278738159e+11,1.0138917486098675e+00,-1.8680971210999306e-06,-1.5897478155288543e-06,-1.3170306712356118e-06,-1.0554553363526932e-06,-8.1057395036655676e-07,-5.8781660131716692e-07,-3.9257888357181014e-07,-2.3035102661971825e-07,-1.0635269006416758e-07,-2.6164846284745041e-08,-1.8623105601843895e-06,-1.6215415521632254e-06,-1.3149400293072974e-06,-1.0181380615129190e-06,-8.8299402917919437e-07,-5.7388975032325329e-07,-4.0361734045687077e-07,-2.4479163590155816e-07,-8.3813712103823210e-08,1.0007574923208846e-08,ok,1,6.499245586155666e-13,6.499245586155666e-13,6.470379787515412e-13,6.38378239159465e-13,6.337153024560394e-13,6.228351168147128e-13,6.317169010117141e-13,6.403766406037903e-13,6.432632204678157e-13,6.297184995673888e-13,6.17284001691587e-13
655,1.3861064771805893e+00,2.3557854301286639e+11,1.1386106477180589e+00,-1.6634731639678304e-06,-1.4156131384923596e-06,-1.1727683496633050e-06,-9.3984494058627846e-07,-7.2178689138629436e-07,-5.2342949977375031e-07,-3.4957734808661388e-07,-2.0511928782849278e-07,-9.4703237770333529e-08,-2.3298852689420128e-08,-1.6088088242619335e-06,-1.4043643512244574e-06,-1.1599717499245329e-06,-9.7736750421584329e-07,-7.4832558973992634e-07,-5.0118016836757844e-07,-3.5330610393178725e-07,-2.2790360721091645e-07,-3.8962467534682899e-08,2.6488824769208470e-09,ok,1,2.1154189511207733e-12,1.680655614677562e-12,1.709521413317816e-12,1.7412737918220955e-12,1.787903158856352e-12,1.8354207043103088e-12,1.9031443088124433e-12,1.9682033780554775e-12,2.0254908861261356e-12,2.063904602778166e-12,2.1154189511207733e-12
656,-9.0436694343968982e-01,1.8818864794023282e+11,9.0956330565603105e-01,-2.0823710069537742e-06,-1.7720945672654619e-06,-1.4680963072386744e-06,-1.1765178409254953e-06,-9.0354814756183671e-07,-6.5524015543066730e-07,-4.3760834265992923e-07,-2.5677267730736678e-07,-1.1855152272318911e-07,-2.9165998217847302e-08,-2.0372759024902046e-06,-1.8252646465875556e-06,-1.4689998962437558e-06,-1.1502503275582592e-06,-8.8083495360434398e-07,-6.3487444770737024e-07,-4.5283824611696261e-07,-3.1748245228454405e-07,-1.0401427600426447e-07,-4.9746431582962726e-08,ok,1,1.9200196987867457e-12,1.7505996652289468e-12,1.7639223415244487e-12,1.7759127501904004e-12,1.794342452399178e-12,1.8047785488306545e-12,1.835864793520159e-12,1.871836019518014e-12,1.900479773553343e-12,1.907807245515869e-12,1.9200196987867457e-12
657,1.9742947993182025e-01,2.1098481593978937e+11,1.0197429479931821e+00,-1.8573781367305215e-06,-1.5806259760947643e-06,-1.3094736598685041e-06,-1.0493992222860390e-06,-8.0592294512380773e-07,-5.8444375903269281e-07,-3.9032629891270139e-07,-2.2902929177740996e-07,-1.0574244726172230e-07,-2.6014714594492006e-08,-1.9340209894390983e-06,-1.6185704120197290e-06,-1.3042977403643652e-06,-1.0098523590327098e-06,-7.8289366575008320e-07,-6.2935791517314473e-07,-3.5796820096407480e-07,-2.7369612759811675e-07,-5.3417121042958331e-08,-2.8186259474786092e-08,ok,1,2.1247448245276246e-12,2.021494083237485e-12,2.0174972803488345e-12,2.007283228522283e-12,2.007283228522283e-12,2.013500477460184e-12,2.0470292128038636e-12,2.0823343049869436e-12,2.1094237467877974e-12,2.114752817305998e-12,2.1247448245276246e-12
658,4.7982864064031461e-01,2.1682765457484811e+11,1.0479828640640314e+00,-1.8073275066117216e-06,-1.5380329658071381e-06,-1.2741873708224251e-06,-1.0211211397119447e-06,-7.8420579963082907e-07,-5.6869479664839284e-07,-3.7980820524811147e-07,-2.2285765653386000e-07,-1.0289301342207586e-07,-2.5313698020599273e-08,-1.7975815608550234e-06,-1.5867347831154113e-06,-1.2866057527203865e-06,-1.0302309818539176e-06,-7.8209745640259950e-07,-5.3919080194755590e-07,-3.5243632317203922e-07,-2.2374269381542482e-07,-9.2102303258310308e-08,-2.2890848475897892e-08,ok,1,-1.9805268536288168e-12,-1.6791013024430868e-12,-1.7141843500212417e-12,-1.7570389587717727e-12,-1.7924550732573152e-12,-1.830313678397033e-12,-1.8465229345565604e-12,-1.864064458345638e-12,-1.8891554987021664e-12,-1.932343174360085e-12,-1.9805268536288168e-12
659,-1.1625866120437045e+00,1.8284608299681577e+11,8.8374133879562966e-01,-2.1432156373503849e-06,-1.8238732554111944e-06,-1.5109924947583983e-06,-1.2108944207694509e-06,-9.2994884796510546e-07,-6.7438556465132397e-07,-4.5039478550706165e-07,-2.6427529744281736e-07,-1.2201547009794338e-07,-3.0018197165929722e-08,-2.1133939380979325e-06,-1.8844777449981481e-06,-1.5406326814508741e-06,-1.2390547534979891e-06,-9.6088873021849678e-07,-7.3777625157473492e-07,-4.8805030632037579e-07,-2.2128405574556856e-07,-1.5127046500015487e-07,-4.2352139055910530e-08,ok,1,-3.1008529077780622e-12,-2.1536106231678787e-12,-2.2284396550276142e-12,-2.332134485527604e-12,-2.4454882563418323e-12,-2.5657254099087368e-12,-2.663758102983138e-12,-2.753908212582701e-12,-2.8490543257930767e-12,-2.9644064980516305e-12,-3.1008529077780622e-12
660,6.4515935955874948e-01,2.2024834714927054e+11,1.0645159359558749e+00,-1.7792577759621073e-06,-1.5141456676155604e-06,-1.2543978771280037e-06,-1.0052620354559925e-06,-7.7202624418853057e-07,-5.5986235775446290e-07,-3.7390937729324393e-07,-2.1939643859241078e-07,-1.0129497479219755e-07,-2.4920549195849523e-08,-1.7511783739224850e-06,-1.5341426381524585e-06,-1.2275932837020870e-06,-9.7144944520873288e-07,-7.7342785818108720e-07,-5.6884248248457305e-07,-3.9172499640352764e-07,-2.0830677238800055e-07,-1.8988008127315551e-07,7.3566985027533678e-08,ok,1,8.29558643999917e-13,6.514788708500419e-13,6.745715097622451e-13,6.963318810448982e-13,7.23199278240827e-13,7.398526236102043e-13,7.713829575095588e-13,8.004708007547379e-13,8.208989044078407e-13,8.22453216642316e-13,8.29558643999917e-13
661,2.8103522799175251e-01,2.1271461886714935e+11,1.0281035227991753e+00,-1.8422738709458330e-06,-1.5677722688301357e-06,-1.2988249729878864e-06,-1.0408654700820425e-06,-7.9936915075917089e-07,-5.7969104137200992e-07,-3.8715215141669261e-07,-2.2716681734245525e-07,-1.0488254587885505e-07,-2.5803162000105636e-08,-1.8624059507018464e-06,-1.5202954704953306e-06,-1.2525739399601577e-06,-1.0528280977546901e-06,-7.3279189746832741e-07,-5.3010318536935086e-07,-4.0684714836052411e-07,-2.3013462883888919e-07,-6.7628295414065320e-08,-1.0535005024676026e-07,ok,1,-2.478572902475662e-12,-1.8758328224066645e-12,-1.9270141038418842e-12,-1.991962150782456e-12,-2.0580204207476527e-12,-2.1364021662861887e-12,-2.1970203434307223e-12,-2.2508661601250424e-12,-2.3079316235907754e-12,-2.3856472353145364e-12,-2.478572902475662e-12
662,-9.5799423681568563e-01,1.8707909924028345e+11,9.0420057631843131e-01,-2.0947213552950420e-06,-1.7826046949642157e-06,-1.4768034495932906e-06,-1.1834956585748299e-06,-9.0890700740372640e-07,-6.5912632371639638e-07,-4.4020375694993692e-07,-2.5829557212218520e-07,-1.1925464075402847e-07,-2.9338979034651945e-08,-2.1705716999568668e-06,-1.7451297311029704e-06,-1.5008190682858827e-06,-1.2286740908641788e-06,-9.2789588994751017e-07,-6.0413039262215585e-07,-4.1754597863811238e-07,-2.7874792498448651e-07,-2.1303410340826549e-07,2.5721396803647354e-09,ok,1,2.4580337765200966e-13,2.4580337765200966e-13,2.240430063693566e-13,1.8829382497642655e-13,1.4277468096679513e-13,7.993605777301127e-14,3.241851231905457e-14,-1.4210854715202004e-14,-6.52811138479592e-14,-1.3178347302300608e-13,-2.0761170560490427e-13
663,-6.8793466204646569e-01,1.9266663184225864e+11,9.3120653379535345e-01,-2.0339722585019503e-06,-1.7309073057699186e-06,-1.4339746143990205e-06,-1.1491730542172921e-06,-8.8254775936857998e-07,-6.4001097515841180e-07,-4.2743739040099178e-07,-2.5080473202912360e-07,-1.1579613220545679e-07,-2.8488118144409133e-08,-2.1245504718367017e-06,-1.7437662171617864e-06,-1.4297427615572679e-06,-1.1698785811457120e-06,-8.4382438563478822e-07,-5.9358389189054284e-07,-3.7177921010510255e-07,-2.5862737851293075e-07,-1.0362963877250739e-07,-7.6728572993245215e-08,ok,1,-4.690248189831436e-12,-4.3974823782377825e-12,-4.444777879086814e-12,-4.500066985713147e-12,-4.546585330444941e-12,-4.591327318337335e-12,-4.6083137306141e-12,-4.618749827045576e-12,-4.630185124199215e-12,-4.658495811327157e-12,-4.690248189831436e-12
664,2.3494700782422687e-01,2.1176105359188324e+11,1.0234947007824227e+00,-1.8505696758678322e-06,-1.5748319862312679e-06,-1.3046736140470173e-06,-1.0455525131032118e-06,-8.0296872986627112e-07,-5.8230140450538520e-07,-3.8889550715438780e-07,-2.2818975515380159e-07,-1.0535483458362700e-07,-2.5919354278410368e-08,-1.8438022787193493e-06,-1.6141385963666276e-06,-1.2860852219040032e-06,-1.1081774819128105e-06,-7.4269846565107435e-07,-6.2691169445050966e-07,-3.8494001897093281e-07,-2.7070054199943086e-07,-1.2981138945888434e-07,3.5327917681851041e-09,ok,1,-2.900346629530759e-12,-2.3574475704890574e-12,-2.3975266216780255e-12,-2.452926750606821e-12,-2.5118795932144167e-12,-2.5836000006052018e-12,-2.6368907057872093e-12,-2.684852340451016e-12,-2.7385871348428736e-12,-2.812750032887834e-12,-2.900346629530759e-12
665,-1.3628167368654287e+00,1.7870332171425427e+11,8.6371832631345713e-01,-2.1929003923880092e-06,-1.8661549065599901e-06,-1.5460208375243022e-06,-1.2389657877493633e-06,-9.5150723896613913e-07,-6.9001940055541425e-07,-4.6083599086167370e-07,-2.7040181741941648e-07,-1.2484407429306152e-07,-3.0714089239006822e-08,-2.1363563486256101e-06,-1.8149455711112639e-06,-1.6080146235380608e-06,-1.2468040808172706e-06,-9.0684740658858579e-07,-6.8362482114335243e-07,-4.1686363795537847e-07,-2.8238514353152486e-07,-1.0569395892615792e-07,5.3668091632709405e-09,ok,1,9.479084184249587e-13,8.752998326144734e-13,8.788525462932739e-13,8.761880110341735e-13,8.824052599720744e-13,8.859579736508749e-13,9.094947017729282e-13,9.325873406851315e-13,9.479084184249587e-13,9.43689570931383e-13,9.412470802772077e-13
666,1.2190685881940737e+00,2.3212252908973538e+11,1.1219068588194074e+00,-1.6882401972995585e-06,-1.4366898462777935e-06,-1.1902294024988099e-06,-9.5383805539830492e-07,-7.3253339477724419e-07,-5.3122270987685507e-07,-3.5478211725247766e-07,-2.0817325728749129e-07,-9.6113250445791258e-08,-2.3645743444046656e-08,-1.6871527018006714e-06,-1.4067991917026631e-06,-1.1403344591138019e-06,-9.4289921513472177e-07,-7.0229413137262443e-07,-4.6814355888162503e-07,-3.2940282356321740e-07,-1.6706707307490458e-07,-1.5843667030166758e-07,-7.5005963507178766e-08,ok,1,1.0482725798510728e-12,6.163958232718869e-13,6.405986852087153e-13,6.66799948589869e-13,7.047695760320494e-13,7.429612480791548e-13,8.064660050877137e-13,8.757439218243235e-13,9.403589018575076e-13,9.869882688917642e-13,1.0482725798510728e-12
667,-9.0494988538442689e-01,1.8817658687139621e+11,9.0950501146155727e-01,-2.0825044753122521e-06,-1.7722081486359981e-06,-1.4681904040175379e-06,-1.1765932491521420e-06,-9.0360605995475465e-07,-6.5528215266726042e-07,-4.3763639091207595e-07,-2.5678913500273771e-07,-1.1855912121406693e-07,-2.9167867595534208e-08,-2.0432314333047351e-06,-1.7887787525466047e-06,-1.4018273429145215e-06,-1.1275530321488608e-06,-8.7993051590016762e-07,-6.1681076702428883e-07,-4.0148207637883488e-07,-2.6202707775575970e-07,-1.5383433830619329e-07,-1.0990405309534353e-07,ok,1,2.0308199566443363e-12,1.9944046414366312e-12,2.000399845769607e-12,1.999289622744982e-12,1.999733711954832e-12,1.992184195387381e-12,2.005728916287808e-12,2.02216021705226e-12,2.0308199566443363e-12,2.02038386021286e-12,2.0112800314109336e-12
668,-1.2427819772805200e+00,1.8118684089006604e+11,8.7572180227194796e-01,-2.1628424138445408e-06,-1.8405756124274624e-06,-1.5248296054357547e-06,-1.2219833442267745e-06,-9.3846497572781845e-07,-6.8056133834310513e-07,-4.5451933444920687e-07,-2.6669543291860360e-07,-1.2313284266601672e-07,-3.0293092718352352e-08,-2.1846404073857493e-06,-1.8546661439178243e-06,-1.4994589863614136e-06,-1.2860632617882278e-06,-9.3653140680658570e-07,-6.8582260008629147e-07,-4.6445500134912484e-07,-3.0300941031537963e-07,-1.2722354485664957e-07,-1.4088312552641942e-08,ok,1,-9.583445148564351e-13,-8.89843754237063e-13,-9.011680290882396e-13,-9.188205751797796e-13,-9.314771176605063e-13,-9.482414853323462e-13,-9.433565040239955e-13,-9.335865414072941e-13,-9.295897385186436e-13,-9.447997939560082e-13,-9.583445148564351e-13
669,7.1088201590926947e-01,2.2160814890916278e+11,1.0710882015909269e+00,-1.7683401365675040e-06,-1.5048547730563395e-06,-1.2467008116070668e-06,-9.9909368337742343e-07,-7.6728904182719639e-07,-5.5642700655600556e-07,-3.7161504546395696e-07,-2.1805020802727990e-07,-1.0067342235481041e-07,-2.4767635113727147e-08,-1.8215370921190186e-06,-1.4851696274319275e-06,-1.2641479372562222e-06,-9.9213855289098705e-07,-8.4736669719311889e-07,-4.9628383955142422e-07,-3.3183226044474997e-07,-2.5981714663360947e-07,-7.9396552490604999e-08,-8.9751663113813518e-08,ok,1,-4.141575971061684e-12,-3.5347280658015734e-12,-3.5904612616377563e-12,-3.6600722452817536e-12,-3.728906072808513e-12,-3.805067372297799e-12,-3.859690345109357e-12,-3.9119818495692016e-12,-3.970490602966947e-12,-4.048539281598096e-12,-4.141575971061684e-12
670,1.3110268769642590e+00,2.3402514608439050e+11,1.1311026876964259e+00,-1.6745148581837961e-06,-1.4250096035161155e-06,-1.1805528753072100e-06,-9.4608338234102287e-07,-7.2657792157301505e-07,-5.2690388613893500e-07,-3.5189774992158747e-07,-2.0648081532581241e-07,-9.5331852776133287e-08,-2.3453504301794593e-08,-1.6387521957910174e-06,-1.3466836042362889e-06,-1.2229368424311734e-06,-9.6195848990741363e-07,-6.9762717693618656e-07,-4.9257046732144124e-07,-3.0282926107725765e-07,-1.4438096368512093e-07,-1.0193568928327850e-07,6.9563832466318563e-09,ok,1,-2.7374769118182485e-12,-2.4000801346346634e-12,-2.436828516749756e-12,-2.4868995751603507e-12,-2.53586041054632e-12,-2.5845992013273644e-12,-2.6080249071469552e-12,-2.6253443863311077e-12,-2.6472157799162233e-12,-2.6886270987347416e-12,-2.7374769118182485e-12
671,-1.6355511427977034e+00,1.7306044685551550e+11,8.3644488572022957e-01,-2.2644029379735901e-06,-1.9270034643599744e-06,-1.5964309819132802e-06,-1.2793639782118654e-06,-9.8253244647887863e-07,-7.1251843599444740e-07,-4.7586218473623755e-07,-2.7921864208836823e-07,-1.2891478773908054e-07,-3.1715564533329872e-08,-2.3284944788480349e-06,-1.9464746280235380e-06,-1.6391650241442496e-06,-1.2490925983558471e-06,-9.5438257568639095e-07,-7.1965624726927820e-07,-4.6190072998172736e-07,-3.3804326513399353e-07,-8.2672835143720817e-08,-3.0567033852957717e-08,ok,1,-3.712918861253911e-12,-3.149480676256644e-12,-3.2006619576918638e-12,-3.266609205354598e-12,-3.3341107652518076e-12,-3.4083846855992306e-12,-3.461453346176313e-12,-3.507971690908107e-12,-3.558930927738402e-12,-3.6296521344070243e-12,-3.712918861253911e-12
672,6.4595596843876291e-01,2.2026482898699802e+11,1.0645955968438763e+00,-1.7791246387817897e-06,-1.5140323680770894e-06,-1.2543040138335889e-06,-1.0051868143414224e-06,-7.7196847549485748e-07,-5.5982046472647203e-07,-3.7388139863777896e-07,-2.1938002173383308e-07,-1.0128739515559526e-07,-2.4918684456682444e-08,-1.8055628830138607e-06,-1.4894847741147051e-06,-1.2489341871667317e-06,-9.8801491860590132e-07,-7.0442136243082856e-07,-5.4133502414742545e-07,-3.6833878446317398e-07,-2.6692492679929024e-07,-1.6444086963738352e-07,-7.7500300942139317e-08,ok,1,-2.3003821070233244e-13,-1.5409895581797173e-13,-1.5376588891058418e-13,-1.574296248918472e-13,-1.5754064719430971e-13,-1.695310558602614e-13,-1.687538997430238e-13,-1.701971896750365e-13,-1.7763568394002505e-13,-2.0194956817931597e-13,-2.3003821070233244e-13
673,7.1599947909856310e-01,2.2171402922254926e+11,1.0715999479098561e+00,-1.7674956595313912e-06,-1.5041361243800502e-06,-1.2461054452608220e-06,-9.9861656268398821e-07,-7.6692262025358357e-07,-5.5616128288708725e-07,-3.7143757939540017e-07,-2.1794607738554915e-07,-1.0062534540882495e-07,-2.4755807242701477e-08,-1.8082615742989288e-06,-1.5034391714310354e-06,-1.3062846069301956e-06,-1.0597206794207087e-06,-7.6654883791133398e-07,-5.2888835203791682e-07,-4.2351119964384019e-07,-2.3269004738053025e-07,-9.9490338831749516e-08,-4.4431414664772662e-08,ok,1,5.047073869945962e-13,4.745093207247919e-13,4.780620344035924e-13,4.758415883543421e-13,4.780620344035924e-13,4.698463840213662e-13,4.802824804528427e-13,4.940492459581947e-13,5.047073869945962e-13,4.993783164763954e-13,4.9649173661237e-13
674,-1.4925653092760458e+00,1.7601882375107861e+11,8.5074346907239540e-01,-2.2263447508485628e-06,-1.8946160048636734e-06,-1.5695995076988267e-06,-1.2578615005093876e-06,-9.6601886443180191e-07,-7.0054302317733144e-07,-4.6786429188411421e-07,-2.7452576912354946e-07,-1.2674809601098360e-07,-3.1182515900732444e-08,-2.2100718302537909e-06,-1.9112950046289710e-06,-1.5210950637158200e-06,-1.2898271301940269e-06,-9.3251232814605548e-07,-6.2356777681262101e-07,-4.5492091239225913e-07,-2.3878081204740050e-07,-1.5064074876017675e-07,-1.0189493887477567e-07,ok,1,2.340128091304905e-12,2.2106760866336117e-12,2.220890138460163e-12,2.227329432002989e-12,2.2382096176443156e-12,2.242428465137891e-12,2.2672974608894947e-12,2.2957191703198987e-12,2.320366121466577e-12,2.3276935934291032e-12,2.340128091304905e-12
675,-3.4259585635391172e-02,2.0619116917320377e+11,9.9657404143646089e-01,-1.9005594947634967e-06,-1.6173732462603234e-06,-1.3399170304581883e-06,-1.0737962379723417e-06,-8.2465948915450508e-07,-5.9803123199252709e-07,-3.9940082139672038e-07,-2.3435389189664791e-07,-1.0820080637783613e-07,-2.6619519121269719e-08,-1.8833132090408674e-06,-1.5967176454712881e-06,-1.2622215771010650e-06,-1.0287297903343809e-06,-8.4974330175512801e-07,-5.9582454499971049e-07,-4.4573078449314051e-07,-2.3239332542936650e-07,-1.5227704459056064e-07,2.1874512348551628e-08,ok,1,1.7634782523145986e-12,1.6151524562246777e-12,1.6346923814580805e-12,1.6540102620865582e-12,1.6768808563938364e-12,1.6888712650597881e-12,1.716848885280342e-12,1.744826505500896e-12,1.7634782523145986e-12,1.7610357616604233e-12,1.7619239400801234e-12
676,-6.4346471314605136e-02,2.0556867150850082e+11,9.9356535286853953e-01,-1.9063147192244603e-06,-1.6222709335439688e-06,-1.3439745320994018e-06,-1.0770478796030059e-06,-8.2715670141063813e-07,-5.9984217449877149e-07,-4.0061027649840571e-07,-2.3506355621122010e-07,-1.0852845722448239e-07,-2.6700127651551952e-08,-1.8960564267624242e-06,-1.6333635371350207e-06,-1.4012917994685372e-06,-1.0605624319810406e-06,-7.7201918039791108e-07,-6.2060356596144481e-07,-3.8757870697629700e-07,-2.0964784392726511e-07,-1.6746063821039269e-07,2.5739379763913993e-08,ok,1,6.443734434924409e-13,4.778399897986674e-13,4.740652315149418e-13,4.665157149474908e-13,4.700684286262913e-13,4.787281682183675e-13,5.18030063290098e-13,5.637712519046545e-13,6.021849685566849e-13,6.195044477408373e-13,6.443734434924409e-13
677,-9.3273657098210172e-01,1.8760168034638031e+11,9.0672634290178977e-01,-2.0888863233241981e-06,-1.7776390916107742e-06,-1.4726896827092012e-06,-1.1801989265358064e-06,-9.0637516638680059e-07,-6.5729026892961537e-07,-4.3897753037392594e-07,-2.5757606691580004e-07,-1.1892244638382884e-07,-2.9257252708524375e-08,-2.0580243408967714e-06,-1.7560886360915773e-06,-1.5079884857524050e-06,-1.1678433162354481e-06,-9.7858556403384043e-07,-5.9385330239211522e-07,-4.5673625209253280e-07,-2.4812440196089980e-07,-1.4935242910940661e-07,-7.8226668685641609e-08,ok,1,8.393286066166183e-13,7.809308755213351e-13,7.898126597183364e-13,7.949196856316121e-13,8.035794252236883e-13,8.035794252236883e-13,8.202327705930657e-13,8.339995360984176e-13,8.393286066166183e-13,8.257838857161914e-13,8.151257446797899e-13
678,-7.7040495585843963e-04,2.0688406032146329e+11,9.9992295950441412e-01,-1.8941941863356062e-06,-1.6119563784463696e-06,-1.3354294123696421e-06,-1.0701999052804400e-06,-8.2189755930623889e-07,-5.9602832008573765e-07,-3.9806315771298794e-07,-2.3356899944389451e-07,-1.0783842282353674e-07,-2.6530365664136981e-08,-1.9057015503074212e-06,-1.6747411064724312e-06,-1.2986804489088625e-06,-1.0461019354190005e-06,-8.4590448696509620e-07,-6.0662943932904308e-07,-4.1458388520758258e-07,-2.3913294042825268e-07,-6.0622929053062571e-08,-3.8332382757365257e-08,ok,1,-4.298339462138756e-12,-3.739009102332602e-12,-3.792632874421997e-12,-3.861466701948757e-12,-3.932743020129692e-12,-4.009681475736215e-12,-4.060862757171435e-12,-4.105271678156441e-12,-4.154010468937486e-12,-4.2198466942977575e-12,-4.298339462138756e-12
679,-1.6979106270857829e+00,1.7177022912559515e+11,8.3020893729142176e-01,-2.2814115478715858e-06,-1.9414777655755052e-06,-1.6084222540254171e-06,-1.2889736649237447e-06,-9.8991254249205416e-07,-7.1787037575754470e-07,-4.7943652838772569e-07,-2.8131593708836244e-07,-1.2988310539054705e-07,-3.1953789654766757e-08,-2.2547438427743713e-06,-1.9032114826748260e-06,-1.6445171702355445e-06,-1.2778653523568607e-06,-1.0044348190314485e-06,-6.9415651251343258e-07,-5.2541924173555335e-07,-2.9287131174461861e-07,-1.2583820300026969e-07,-4.8756939570152192e-08,ok,1,-5.678790770957676e-13,-5.228040222959862e-13,-5.335731856348502e-13,-5.502265310042276e-13,-5.594413821086164e-13,-5.678790770957676e-13,-5.544453784978032e-13,-5.401235014801387e-13,-5.3179682879545e-13,-5.420108806220014e-13,-5.516698209362403e-13
680,-4.5413384432831977e-01,1.9750397076084708e+11,9.5458661556716806e-01,-1.9841554719031056e-06,-1.6885132959630689e-06,-1.3988531878137498e-06,-1.1210270907866083e-06,-8.6093207940651493e-07,-6.2433559412167623e-07,-4.1696843873618710e-07,-2.4466193152575085e-07,-1.1296001131792377e-07,-2.7790376817674170e-08,-2.0275490423279520e-06,-1.6731400939415360e-06,-1.4291683137501304e-06,-1.1309594871791434e-06,-7.7245339957332596e-07,-6.3690881772326894e-07,-4.0398988864311535e-07,-2.2103701570719268e-07,-1.5373068701021240e-07,-7.8089225967427458e-08,ok,1,-4.636291350834654e-13,-4.0878411766698264e-13,-4.18332035678759e-13,-4.32764934998886e-13,-4.418687638008123e-13,-4.561906408184768e-13,-4.4841907964610073e-13,-4.3809400551708677e-13,-4.338751580235112e-13,-4.488631688559508e-13,-4.636291350834654e-13
681,-1.2020210164312266e+00,1.8203018517003793e+11,8.7979789835687738e-01,-2.1528219835757806e-06,-1.8320482414730715e-06,-1.5177650830113360e-06,-1.2163219059212596e-06,-9.3411707558081714e-07,-6.7740830352606698e-07,-4.5241355028868955e-07,-2.6545983527564319e-07,-1.2256236926680995e-07,-3.0152745080780705e-08,-2.1665702612716500e-06,-1.8689244974579819e-06,-1.4830488481920196e-06,-1.2005980696096171e-06,-9.2232712505869364e-07,-7.1304250168541451e-07,-4.3071181715119591e-07,-2.7754104017556616e-07,-1.7058622912515386e-07,-1.8530512220670180e-09,ok,1,1.38267175486817e-12,1.38267175486817e-12,1.3631318296347672e-12,1.3296030942910875e-12,1.2949641359227826e-12,1.2545520178264269e-12,1.2352341371979492e-12,1.2190248810384219e-12,1.1977085989656189e-12,1.156408302449563e-12,1.1071144001562061e-12
682,-4.0097345775060178e-01,1.9860385915914005e+11,9.5990265422493981e-01,-1.9731670168307138e-06,-1.6791621373696381e-06,-1.3911061963986270e-06,-1.1148187285910033e-06,-8.5616414987235566e-07,-6.2087796001832042e-07,-4.1465922505789251e-07,-2.4330696883229715e-07,-1.1233442727126480e-07,-2.7636470880653999e-08,-1.9755857383039941e-06,-1.7408355003323560e-06,-1.3927333060829878e-06,-1.1039817448002198e-06,-7.7225519805270547e-07,-6.0779859802997218e-07,-4.1587093084465105e-07,-2.3551839720276112e-07,-1.0540641550907325e-07,-8.7654215350045853e-08,ok,1,6.7346128673762e-13,5.657696533489798e-13,5.67323965583455e-13,5.639932965095795e-13,5.67323965583455e-13,5.706546346573305e-13,5.984102102729594e-13,6.290523657526137e-13,6.539213615042172e-13,6.612488334667432e-13,6.7346128673762e-13
683,7.1765904737490760e-01,2.2174836569018683e+11,1.0717659047374908e+00,-1.7672219729255269e-06,-1.5039032174936847e-06,-1.2459124929510499e-06,-9.9846193261384883e-07,-7.6680386666684432e-07,-5.5607516448945044e-07,-3.7138006440801551e-07,-2.1791232968044187e-07,-1.0060976414888665e-07,-2.4751973947360053e-08,-1.8010215848748115e-06,-1.5817694167780007e-06,-1.2340933050452400e-06,-1.0066786524482946e-06,-8.0913222079611811e-07,-5.4901447200510235e-07,-3.6335932535165804e-07,-2.1127760922905614e-07,-1.5900757515252949e-07,-4.1690035664729520e-08,ok,1,3.5060843117662444e-13,3.5060843117662444e-13,3.2152058793144533e-13,2.808864252301646e-13,2.3869795029440866e-13,1.851852005074761e-13,1.5054624213917123e-13,1.1834977442504169e-13,8.193445921733655e-14,2.6201263381153694e-14,-3.852473895449293e-14
684,6.2790774859651810e-01,2.1989141131846198e+11,1.0627907748596519e+00,-1.7821459326556158e-06,-1.5166034845793288e-06,-1.2564340619201935e-06,-1.0068938137824454e-06,-7.7327942559618232e-07,-5.6077114693466310e-07,-3.7451632075307750e-07,-2.1975257096457454e-07,-1.0145940052258402e-07,-2.4961001148292220e-08,-1.7804226149489787e-06,-1.5640584387206728e-06,-1.2132126296898031e-06,-1.0305673421759963e-06,-8.3333276406644474e-07,-5.4998562051670329e-07,-3.9782101148315925e-07,-2.3151770308112895e-07,-5.0432826394099744e-08,4.0038498166183924e-08,ok,1,-2.488675931999751e-12,-2.0052848270779577e-12,-2.0543566847663897e-12,-2.1171953079601735e-12,-2.181699265690895e-12,-2.2526425169644426e-12,-2.2969404156469864e-12,-2.3318014186202163e-12,-2.368771845340234e-12,-2.4241719742690293e-12,-2.488675931999751e-12
685,8.2927153400402775e-01,2.2405762803854333e+11,1.0829271534004028e+00,-1.7490080018182510e-06,-1.4884031557180931e-06,-1.2330714268617917e-06,-9.8817122942497448e-07,-7.5890076016055198e-07,-5.5034394501927138e-07,-3.6755241521257176e-07,-2.1566640418978467e-07,-9.9572824044388561e-08,-2.4496866357470255e-08,-1.7498218651529739e-06,-1.4855986962248990e-06,-1.2781445720730945e-06,-9.5535214473430772e-07,-7.2224778310127576e-07,-5.8000064817509905e-07,-3.8460432531800693e-07,-2.2235460421844458e-07,-9.4973090318206040e-08,-2.7116010922275115e-09,ok,1,-2.567945855957987e-13,-1.4355183708403274e-13,-1.5709655798445965e-13,-1.7708057242771247e-13,-1.9229062786507711e-13,-2.142730437526552e-13,-2.1460611066004276e-13,-2.1105339698124226e-13,-2.1327384303049257e-13,-2.3514523661560816e-13,-2.567945855957987e-13
686,-3.4984987984388607e-02,2.0617616059860300e+11,9.9650150120156111e-01,-1.9006978458105944e-06,-1.6174909827913762e-06,-1.3400145695903948e-06,-1.0738744048667946e-06,-8.2471952016308475e-07,-5.9807476561877375e-07,-3.9942989574122854e-07,-2.3437095166573074e-07,-1.0820868284515269e-07,-2.6621456886607832e-08,-1.8109254110938405e-06,-1.6064859715896241e-06,-1.3347830221439360e-06,-1.1047695206320752e-06,-8.1992351866661753e-07,-5.6765359019348602e-07,-4.1954385560240985e-07,-2.3293607393733758e-07,-1.0237817435172040e-07,-4.6002220318726343e-08,ok,1,-2.066680160339729e-12,-1.5872858583065863e-12,-1.631361712384205e-12,-1.6904255772942633e-12,-1.7530421558831222e-12,-1.8243184740640572e-12,-1.871391930308164e-12,-1.9093615577503442e-12,-1.947442207494987e-12,-2.002953358726245e-12,-2.066680160339729e-12
687,2.6915167653684835e-01,2.1246874818754739e+11,1.0269151676536847e+00,-1.8444057662668404e-06,-1.5695865085136185e-06,-1.3003279845252715e-06,-1.0420699686426982e-06,-8.0029418768206880e-07,-5.8036186487911615e-07,-3.8760016724837026e-07,-2.2742969675623586e-07,-1.0500391687177080e-07,-2.5833021643255535e-08,-1.8309343074823043e-06,-1.5409669148892880e-06,-1.2624786095528366e-06,-1.0369776904560124e-06,-8.5114601730523801e-07,-5.8970883566072097e-07,-3.5923998417518799e-07,-2.1380946965503473e-07,-8.8025023808380782e-08,-9.3421401234785475e-09,ok,1,1.992406239992306e-12,1.8469670237664104e-12,1.8611778784816124e-12,1.8705037518884637e-12,1.8844925619987407e-12,1.894262524615442e-12,1.9253487693049465e-12,1.957323192414151e-12,1.9806378759312793e-12,1.9830803665854546e-12,1.992406239992306e-12
688,-1.2213470454351834e+00,1.8163032962994604e+11,8.7786529545648162e-01,-2.1575613781403760e-06,-1.8360814590563671e-06,-1.5211064125034706e-06,-1.2189996142845499e-06,-9.3617351565105323e-07,-6.7889960436590364e-07,-4.5340952967660835e-07,-2.6604423979688906e-07,-1.2283218787293393e-07,-3.0219125746375235e-08,-2.1367197331405403e-06,-1.8384702840868004e-06,-1.5352350286857055e-06,-1.1711825495535003e-06,-9.3025858268005841e-07,-6.2680994352476554e-07,-4.1931019654803708e-07,-2.1856579158592078e-07,-1.0753571951683422e-07,-3.3110520026014450e-08,ok,1,1.737721078143295e-12,1.5087930904655877e-12,1.5272227926743653e-12,1.5416556919944924e-12,1.5640821970919205e-12,1.5825118993006981e-12,1.6231460620019789e-12,1.6653345369377348e-12,1.6999734953060397e-12,1.7152945730458669e-12,1.737721078143295e-12
689,-1.0322601106449376e+00,1.8554253831075623e+11,8.9677398893550619e-01,-2.1120686817930823e-06,-1.7973672434922966e-06,-1.4890335209335905e-06,-1.1932967166230495e-06,-9.1643407374778404e-07,-6.6458484425515357e-07,-4.4384928158170224e-07,-2.6043463353541083e-07,-1.2024224188977132e-07,-2.9581948271177836e-08,-2.0852302210950352e-06,-1.8295617524143454e-06,-1.4883387917643185e-06,-1.1863479705626714e-06,-9.1849396144036987e-07,-6.2858526454112966e-07,-4.7174281767397286e-07,-2.4313174361581006e-07,-1.8619898128361423e-07,-4.8475215871919994e-08,ok,1,-3.928635194938579e-12,-3.4308111906966587e-12,-3.488098698767317e-12,-3.5585978608310143e-12,-3.621436484024798e-12,-3.684719196428432e-12,-3.723243935382925e-12,-3.757216759936455e-12,-3.797517855730348e-12,-3.858025010572419e-12,-3.928635194938579e-12
690,-1.1400138055417877e-01,2.0454131143633405e+11,9.8859986194458216e-01,-1.9158896633458635e-06,-1.6304191964628788e-06,-1.3507249814956120e-06,-1.0824576228941708e-06,-8.3131130354199395e-07,-6.0285503236763974e-07,-4.0262244215664377e-07,-2.3624422191815784e-07,-1.0907356863918391e-07,-2.6834235743834506e-08,-1.8698765006436830e-06,-1.5973582739769395e-06,-1.3840087417219504e-06,-1.1051342087652668e-06,-8.0653839495083309e-07,-5.2960532245474564e-07,-4.0430459909977598e-07,-1.9051218534796750e-07,-1.0964342684443244e-07,-5.0177646549742747e-09,ok,1,4.940492459581947e-13,4.940492459581947e-13,4.805045250577678e-13,4.574118861455645e-13,4.374278717023117e-13,4.154454558147336e-13,4.1966430330830917e-13,4.303224443447107e-13,4.369837824924616e-13,4.2543746303636e-13,4.1455727739503345e-13
691,1.3396805146965185e+00,2.3461798984907098e+11,1.1339680514696520e+00,-1.6702836153326263e-06,-1.4214088222699904e-06,-1.1775697988121787e-06,-9.4369277438164362e-07,-7.2474197032936168e-07,-5.2557248063332485e-07,-3.5100855814680487e-07,-2.0595906989641209e-07,-9.5090963769647685e-08,-2.3394240884737892e-08,-1.6937665268624846e-06,-1.4207543506867980e-06,-1.1213913408696037e-06,-9.7194574532420375e-07,-7.3128815956799766e-07,-4.8021915047633817e-07,-3.7788511801575680e-07,-2.1661628350574580e-07,-7.5283421684840913e-08,5.8348870727583958e-08,ok,1,-2.046030012081701e-12,-1.801891968966629e-12,-1.830535723001958e-12,-1.8669510382096632e-12,-1.894706613825292e-12,-1.924793657792634e-12,-1.9337864642920977e-12,-1.9418910923718613e-12,-1.9599877276732514e-12,-1.9994006450474444e-12,-2.046030012081701e-12
692,-8.2154740777045332e-01,1.8990218413322931e+11,9.1784525922295457e-01,-2.0635812384007435e-06,-1.7561045027371715e-06,-1.4548492971071874e-06,-1.1659018182015207e-06,-8.9539520050650060e-07,-6.4932775517820479e-07,-4.3365969016331544e-07,-2.5445575147558566e-07,-1.1748180187798660e-07,-2.8902825923235904e-08,-2.1220277146440027e-06,-1.7639230617739197e-06,-1.4026554885519191e-06,-1.1584337623790638e-06,-9.0576846196881608e-07,-6.8778189015236848e-07,-3.9851961215767965e-07,-2.8858158686793628e-07,-1.2340129991031780e-07,-4.6689041943736653e-08,ok,1,2.119193709404499e-12,1.963540441352052e-12,1.9684254226604025e-12,1.9697576902899527e-12,1.9801937867214292e-12,1.9881873924987303e-12,2.0190515925833097e-12,2.0528023725319144e-12,2.0834445280115688e-12,2.0974333381218457e-12,2.119193709404499e-12
693,2.6189164254709968e-03,2.0695418538084299e+11,1.0002618916425470e+00,-1.8935523511551150e-06,-1.6114101776818009e-06,-1.3349769109399552e-06,-1.0698372751162787e-06,-8.2161906475088371e-07,-5.9582635982918891e-07,-3.9792827664320602e-07,-2.3348985613235066e-07,-1.0780188248679609e-07,-2.6521376025105299e-08,-1.9146794844342282e-06,-1.6047209646889646e-06,-1.3483880506956677e-06,-1.1300830037626573e-06,-8.2461393882542520e-07,-5.7901823231095982e-07,-4.1648708671872891e-07,-2.4093567630738002e-07,-8.4822913648749052e-08,1.4282467756389697e-08,ok,1,3.880895604879697e-12,3.574696094688079e-12,3.6148861681795097e-12,3.649969215757665e-12,3.688382932409695e-12,3.717026686445024e-12,3.7621017412448055e-12,3.8054004392051866e-12,3.841371665203042e-12,3.857580921362569e-12,3.880895604879697e-12
694,-1.4891284917143965e-01,2.0381899315064291e+11,9.8510871508285602e-01,-1.9226794237815410e-06,-1.6361972722912738e-06,-1.3555118432936533e-06,-1.0862937665310980e-06,-8.3425740461784284e-07,-6.0499150260671701e-07,-4.0404930403729617e-07,-2.3708145263229980e-07,-1.0946011668265996e-07,-2.6929334138929242e-08,-1.9352494633392076e-06,-1.7027333934909288e-06,-1.4083202770641669e-06,-1.0769890627163510e-06,-8.2764709863982803e-07,-6.5690247002758138e-07,-3.9429189211359257e-07,-2.5335510641654335e-07,-8.5698984831943585e-08,2.1519903116412578e-08,ok,1,-3.5695890687748033e-12,-3.2507330161024584e-12,-3.2841507291436756e-12,-3.328781694733607e-12,-3.36775052289795e-12,-3.410605131648481e-12,-3.432809592140984e-12,-3.4524605396768493e-12,-3.4776626023358403e-12,-3.520406188783909e-12,-3.5695890687748033e-12
695,-6.1185506476010110e-01,1.9424071871011349e+11,9.3881449352398982e-01,-2.0174893653067767e-06,-1.7168803886709636e-06,-1.4223539788103954e-06,-1.1398603919447910e-06,-8.7539577369318925e-07,-6.3482445774016040e-07,-4.2397352562903502e-07,-2.4877226202200139e-07,-1.1485774414657333e-07,-2.8257256289375543e-08,-2.0118631290034023e-06,-1.7287801732874701e-06,-1.4264527815200604e-06,-1.1322691458187314e-06,-8.7017141198291111e-07,-5.8271940419064300e-07,-4.3059470687378317e-07,-2.8656154700661638e-07,-9.5853143996717216e-08,-4.5641950609917254e-08,ok,1,-1.7527090889757346e-12,-1.7527090889757346e-12,-1.751265799043722e-12,-1.7496004645067842e-12,-1.7421619702417956e-12,-1.7420509479393331e-12,-1.71984648744683e-12,-1.694422380182914e-12,-1.6763257448815239e-12,-1.6785461909307742e-12,-1.677213923301224e-12
696,-3.8421157320175903e+00,1.2740662550455606e+11,6.1578842679824097e-01,-3.0758100903725660e-06,-2.6175097198758923e-06,-2.1684826672882961e-06,-1.7378005334001833e-06,-1.3346048807474291e-06,-9.6783631493147460e-07,-6.4637864793992960e-07,-3.7927150788991859e-07,-1.7510903129324798e-07,-4.3080253861879890e-08,-3.0746160845057863e-06,-2.5147814296939211e-06,-2.1298880036784449e-06,-1.7340365345806813e-06,-1.3611541706898494e-06,-9.9391952193287477e-07,-6.6412403483388061e-07,-3.3420623871085005e-07,-2.4345970772748751e-07,-5.5952493529822442e-08,ok,1,-2.1225243784783743e-12,-1.6679990721968352e-12,-1.702415985960215e-12,-1.7494894422043217e-12,-1.800781745942004e-12,-1.8629542353210127e-12,-1.9053647548616937e-12,-1.9445556276309617e-12,-1.9886314817085804e-12,-2.0506929487851266e-12,-2.1225243784783743e-12
697,-1.2428441938786159e+00,1.8118555362865143e+11,8.7571558061213839e-01,-2.1628577801015133e-06,-1.8405886890888196e-06,-1.5248404388295137e-06,-1.2219920260012269e-06,-9.3847164320104892e-07,-6.8056617349903952e-07,-4.5452256365387699e-07,-2.6669732769858340e-07,-1.2313371748281445e-07,-3.0293307940430420e-08,-2.1768995483627977e-06,-1.8018074382989111e-06,-1.5586647249418004e-06,-1.2005931601213546e-06,-9.1624259931199438e-07,-6.5100274100312998e-07,-4.4414548689177016e-07,-2.6003765399067227e-07,-8.7662067425605058e-08,-3.3863029213927690e-08,ok,1,-5.971889649458717e-13,-4.0090153419214403e-13,-4.1799896877137144e-13,-4.4486636596730023e-13,-4.691802502065912e-13,-4.992672941739329e-13,-5.075939668586216e-13,-5.144773496112975e-13,-5.28133092814187e-13,-5.598854713184664e-13,-5.971889649458717e-13
698,-7.0578746618392130e-01,1.9229725732465466e+11,9.2942125338160786e-01,-2.0378792176304152e-06,-1.7342321220601873e-06,-1.4367290670158963e-06,-1.1513804452650491e-06,-8.8424300275786088e-07,-6.4124034134648424e-07,-4.2825843425130380e-07,-2.5128649073224415e-07,-1.1601855940620036e-07,-2.8542839595400172e-08,-2.0353231194438185e-06,-1.6975554818462694e-06,-1.4520580335236685e-06,-1.1818042501805663e-06,-9.1478974334416015e-07,-5.9109773781059908e-07,-3.5424395298991530e-07,-2.7494141793294253e-07,-1.5568023230395451e-07,-4.0855905789386709e-08,ok,1,3.575140183897929e-12,3.460343123151688e-12,3.474776022471815e-12,3.4845459850885163e-12,3.5003111520381935e-12,3.5083047578154947e-12,3.530731262912923e-12,3.553379812615276e-12,3.5713654256142036e-12,3.5704772471945034e-12,3.575140183897929e-12
699,-8.9577346698653604e-01,1.8836644696804858e+11,9.1042265330134642e-01,-2.0804054576359953e-06,-1.7704218877784134e-06,-1.4667105716106089e-06,-1.1754073261171541e-06,-9.0269528875848064e-07,-6.5462167446051583e-07,-4.3719528428724324e-07,-2.5653030966054302e-07,-1.1843962197934204e-07,-2.9138468441588619e-08,-2.0962987895927722e-06,-1.7905312058146929e-06,-1.3969604159286185e-06,-1.1972105691761910e-06,-9.0066092033878493e-07,-6.0299337112351845e-07,-4.4448565099634000e-07,-2.8243071198078925e-07,-1.0291024327106650e-07,-4.7143385980792394e-08,ok,1,-1.5010215292932116e-13,-1.4366285938649526e-13,-1.3800072196090696e-13,-1.3811174426336947e-13,-1.396660564978447e-13,-1.5010215292932116e-13,-1.3788969965844444e-13,-1.2279066652354231e-13,-1.1324274851176597e-13,-1.2234657731369225e-13,-1.3233858453531866e-13
700,-7.5765357072534079e-01,1.9122414762169269e+11,9.2423464292746582e-01,-2.0493153672409224e-06,-1.7439642680262497e-06,-1.4447916884008796e-06,-1.1578417501925719e-06,-8.8920518853609993e-07,-6.4483884729149490e-07,-4.3066173052305327e-07,-2.5269665767355242e-07,-1.1666963116328546e-07,-2.8703016008748892e-08,-2.0368508231325703e-06,-1.7239898795322719e-06,-1.4386380633620246e-06,-1.1803309945905356e-06,-8.9603652865250709e-07,-6.3437613307003485e-07,-3.9455012615880643e-07,-2.4838210752705966e-07,-8.6823002825438018e-08,-2.5266245253321927e-08,ok,1,2.0805579481475434e-12,2.0303758674344863e-12,2.0325963134837366e-12,2.027933376780311e-12,2.0314860904591114e-12,2.029265644409861e-12,2.0441426329398382e-12,2.063460513568316e-12,2.0798918143327683e-12,2.077671368283518e-12,2.0805579481475434e-12
701,-3.0919052325069979e-01,2.0050284807394302e+11,9.6908094767493003e-01,-1.9544788918055837e-06,-1.6632585713293266e-06,-1.3779308461621997e-06,-1.1042601333971935e-06,-8.4805530630330434e-07,-6.1499754298143486e-07,-4.1073193285465724e-07,-2.4100257644464944e-07,-1.1127049309659625e-07,-2.7374722220412001e-08,-1.9630803402315214e-06,-1.6826747567673294e-06,-1.3872272309146092e-06,-1.1708367478136457e-06,-8.0321454234610742e-07,-6.4822804696564613e-07,-4.1506384087136955e-07,-2.3286506674505459e-07,-7.8931852436213445e-08,-2.4378910249653132e-08,ok,1,-1.407651772922236e-12,-1.1799450305716164e-12,-1.209810029934033e-12,-1.2482237465860635e-12,-1.2828627049543684e-12,-1.3203882431866987e-12,-1.3302692281058626e-12,-1.3322676295501878e-12,-1.3418155475619642e-12,-1.3724577030416185e-12,-1.407651772922236e-12
702,7.9544690945312013e-01,2.2335779655658505e+11,1.0795446909453119e+00,-1.7544880471982572e-06,-1.4930666660213776e-06,-1.2369349239806364e-06,-9.9126739775277357e-07,-7.6127857123980202e-07,-5.5206829950479380e-07,-3.6870404168464435e-07,-2.1634213676538285e-07,-9.9884808662962724e-08,-2.4573620688584665e-08,-1.7690481883805632e-06,-1.5177066725831133e-06,-1.1892775336976300e-06,-9.6160789326274091e-07,-7.3172540092065286e-07,-6.0111175067331783e-07,-2.6275045031092720e-07,-1.8922840963541731e-07,-1.0702260980931300e-07,-8.9522440929516255e-08,ok,1,-2.514766173078442e-12,-2.0857759963632816e-12,-2.1272983374842624e-12,-2.1795898419441073e-12,-2.231881346403952e-12,-2.2920554343386357e-12,-2.3301360840832785e-12,-2.362776641007258e-12,-2.399525023122351e-12,-2.4532598175142084e-12,-2.514766173078442e-12
703,4.9060049603270250e-01,2.1705052426291663e+11,1.0490600496032703e+00,-1.8054717243343307e-06,-1.5364536979050150e-06,-1.2728790222625250e-06,-1.0200726421337044e-06,-7.8340056913493620e-07,-5.6811085504364951e-07,-3.7941821431772372e-07,-2.2262882402416587e-07,-1.0278736182878606e-07,-2.5287705657864950e-08,-1.8366589533002024e-06,-1.5325993049174108e-06,-1.2616708508075856e-06,-9.9020726405477375e-07,-8.2732004571405786e-07,-5.6673686017695153e-07,-3.3379924659558555e-07,-1.6711140181423627e-07,-1.3960443169486111e-07,-9.9778492529693847e-08,ok,1,2.2817303602096217e-12,1.920685832601521e-12,1.9473311851925246e-12,1.9748647162032285e-12,2.0121682098306337e-12,2.0465851235940136e-12,2.1007640071957212e-12,2.156053113822054e-12,2.205569060720336e-12,2.2382096176443156e-12,2.2817303602096217e-12
704,-1.1568521399608720e+00,1.8296472922420956e+11,8.8431478600391278e-01,-2.1418258369688072e-06,-1.8226905373953105e-06,-1.5100126689728099e-06,-1.2101091980889240e-06,-9.2934580866245757e-07,-6.7394824919954669e-07,-4.5010272024142944e-07,-2.6410392415560025e-07,-1.2193634733315397e-07,-2.9998731414976416e-08,-2.1713230915700658e-06,-1.8667192744884150e-06,-1.5007609706097199e-06,-1.2625136859902969e-06,-9.9723359056466736e-07,-6.7791835267654584e-07,-4.3523275390933380e-07,-2.5229184951257185e-07,-7.9064540776338663e-08,6.7055238501907431e-09,ok,1,-4.087841176669826e-12,-3.756439603819217e-12,-3.8051783946002615e-12,-3.86557452713987e-12,-3.9214187452785154e-12,-3.978817275651636e-12,-4.0041303606130896e-12,-4.016120769279041e-12,-4.0282222002474555e-12,-4.056532887375397e-12,-4.087841176669826e-12
705,2.3705589929709880e+00,2.5594686556456973e+11,1.2370558992970988e+00,-1.5310935081875519e-06,-1.3029582522874125e-06,-1.0794391191103260e-06,-8.6505181953276277e-07,-6.6434689037009780e-07,-4.8177483499978673e-07,-3.2175788576470663e-07,-1.8879583800979465e-07,-8.7166727841018925e-08,-2.1444723530061948e-08,-1.5752602564398877e-06,-1.3392728872958651e-06,-1.0282114995970895e-06,-8.3825172362060514e-07,-6.3906383517599740e-07,-4.5633953471402985e-07,-3.0567935450416725e-07,-1.9756809857460420e-07,-5.8425147880803753e-08,3.3860113154394485e-09,ok,1,-2.779332319846617e-12,-2.60558241649278e-12,-2.6324498136887087e-12,-2.6638691252856006e-12,-2.687849942617504e-12,-2.715827562838058e-12,-2.722710945590734e-12,-2.7258195700596843e-12,-2.7322588636025102e-12,-2.755462524817176e-12,-2.779332319846617e-12
706,1.3939159369626766e-01,2.0978401207357578e+11,1.0139391593696268e+00,-1.8680097707860345e-06,-1.5896734805442891e-06,-1.3169690882262615e-06,-1.0554059843389184e-06,-8.1053604875634771e-07,-5.8778911561313996e-07,-3.9256052698410174e-07,-2.3034025564094174e-07,-1.0634771712098565e-07,-2.6163622843252203e-08,-1.8330286467345834e-06,-1.6426423252044916e-06,-1.3474402930346430e-06,-1.0567327376491813e-06,-8.4129470648881198e-07,-6.1424997089990420e-07,-4.6906745501440092e-07,-2.8162024729553361e-07,-2.1618418055096962e-08,-1.0965026782110117e-07,ok,1,7.16537940093076e-13,6.357137039003646e-13,6.459277557269161e-13,6.514788708500419e-13,6.603606550470431e-13,6.639133687258436e-13,6.850076061937216e-13,7.047695760320494e-13,7.16537940093076e-13,7.123190925995004e-13,7.136513602290506e-13
707,1.3839398663673286e+00,2.3553371583514001e+11,1.1383939866367327e+00,-1.6637897590026896e-06,-1.4158825603865491e-06,-1.1729915529251907e-06,-9.4002381346971173e-07,-7.2192426309182033e-07,-5.2352911976398244e-07,-3.4964388024041944e-07,-2.0515832647923677e-07,-9.4721261851155389e-08,-2.3303286966574597e-08,-1.7199971013699355e-06,-1.4001602081474229e-06,-1.2211563720138826e-06,-9.1214502872750261e-07,-7.5733954117869505e-07,-4.7795640777226478e-07,-2.8181786354929377e-07,-2.0824723494618482e-07,-4.4554465090578179e-08,6.8446560705007746e-09,ok,1,-4.278466469997966e-12,-3.904987444514063e-12,-3.943290138863631e-12,-3.991140751224975e-12,-4.037215006746919e-12,-4.090283667324002e-12,-4.120481733593806e-12,-4.145017662438022e-12,-4.176103907127526e-12,-4.225175764815958e-12,-4.278466469997966e-12
708,1.8348785302140898e+00,2.4486363679012952e+11,1.1834878530214090e+00,-1.6003951809402928e-06,-1.3619338706461829e-06,-1.1282976219966448e-06,-9.0420653986220666e-07,-6.9441713137393123e-07,-5.0358134242536048e-07,-3.3632156824754427e-07,-1.9734127779697655e-07,-9.1112143333555769e-08,-2.2415373071970618e-08,-1.6381409319913216e-06,-1.3464306427172613e-06,-1.1312410487310550e-06,-9.1589061779978062e-07,-6.7941945333360557e-07,-5.0432715219955748e-07,-3.6597417950206820e-07,-2.7395062604623893e-07,-4.5402397540484758e-08,2.0576559919150452e-08,ok,1,-4.212630244637694e-12,-3.695932448977146e-12,-3.7446712397581905e-12,-3.803624082365786e-12,-3.859135233597044e-12,-3.923861235932691e-12,-3.97060162526941e-12,-4.014344412439641e-12,-4.062528091708373e-12,-4.131028852327745e-12,-4.212630244637694e-12
709,6.9642256569939387e-01,2.2130898288432047e+11,1.0696422565699395e+00,-1.7707305830952765e-06,-1.5068890394243898e-06,-1.2483861048177529e-06,-1.0004442606657148e-06,-7.6832626503328882e-07,-5.5717918594635786e-07,-3.7211739559264280e-07,-2.1834496883258543e-07,-1.0080951293374280e-07,-2.4801116063541446e-08,-1.8129141735442412e-06,-1.4495444751869477e-06,-1.2686077028298344e-06,-1.0712231741253408e-06,-7.8620326672443644e-07,-5.7176457549174975e-07,-3.5322021579746222e-07,-1.5805764010782030e-07,-7.0075673992218792e-08,-8.1937453033150226e-09,ok,1,-2.7413626924044365e-12,-2.323363723633065e-12,-2.3645529978466584e-12,-2.419842104472991e-12,-2.4763524564264117e-12,-2.535638365941395e-12,-2.5690560789826122e-12,-2.5976998330179413e-12,-2.630118345336996e-12,-2.6810775821672905e-12,-2.7413626924044365e-12
710,6.3622995032678542e-02,2.0821635976722610e+11,1.0063622995032677e+00,-1.8820739385987223e-06,-1.6016420660128312e-06,-1.3268844936757209e-06,-1.0633520920661737e-06,-8.1663854093075451e-07,-5.9221455539924473e-07,-3.9551609885235985e-07,-2.3207447783829758e-07,-1.0714840465672075e-07,-2.6360607670641450e-08,-1.8731668758582671e-06,-1.6547631395900214e-06,-1.3708571814109603e-06,-1.0002970826675841e-06,-8.3879147613076814e-07,-5.3115955823408056e-07,-4.6734934360103829e-07,-2.5290124399266894e-07,-8.9782516814529310e-08,-3.9544928181309313e-08,ok,1,-2.410294186461215e-13,-2.4014124022642136e-13,-2.4003021792395884e-13,-2.410294186461215e-13,-2.2870594307278225e-13,-2.1516122217235534e-13,-1.7785772854495008e-13,-1.3744561044859438e-13,-1.0591527654923993e-13,-9.392486788328824e-14,-7.394085344003543e-14
711,5.8958819158483600e-01,2.1909857968389026e+11,1.0589588191584836e+00,-1.7885948182491115e-06,-1.5220914764343274e-06,-1.2609806029035983e-06,-1.0105373666986545e-06,-7.7607761987211327e-07,-5.6280035728415315e-07,-3.7587154810077833e-07,-2.2054776913724883e-07,-1.0182654221081216e-07,-2.5051325199629769e-08,-1.7351744741832228e-06,-1.5788771916069639e-06,-1.2318501008716493e-06,-9.1224113616222879e-07,-7.1487189225585099e-07,-5.4960339392126048e-07,-3.6776141457595260e-07,-1.8597337839387960e-07,-1.4801971359172794e-07,-8.8664669862248197e-08,ok,1,1.1746159600534156e-12,1.1746159600534156e-12,1.156408302449563e-12,1.1215472994763331e-12,1.084687895058778e-12,1.0405010186786967e-12,1.013855666087693e-12,9.900968933607146e-13,9.627854069549358e-13,9.170442183403793e-13,8.644196469731469e-13
712,8.5037640557088512e-01,2.2449428783126160e+11,1.0850376405570885e+00,-1.7456060378749576e-06,-1.4855080895642464e-06,-1.2306730018520770e-06,-9.8624915537563464e-07,-7.5742463596901040e-07,-5.4927348093020366e-07,-3.6683749563382532e-07,-2.1524691535376279e-07,-9.9379146738852235e-08,-2.4449217944202978e-08,-1.7067748740257536e-06,-1.5218096118033491e-06,-1.2356588014932637e-06,-1.0498372748943188e-06,-7.5464684573334793e-07,-5.8666195962837573e-07,-3.8294780019351414e-07,-1.6054510158638938e-07,-1.0195855451876718e-07,-3.0792072779765050e-08,ok,1,-3.322564445795706e-12,-3.0544455853487307e-12,-3.0810909379397344e-12,-3.1172842085425145e-12,-3.1491476093492565e-12,-3.1851188353471116e-12,-3.201550136111564e-12,-3.2163161023390785e-12,-3.236633183689719e-12,-3.2768232571811495e-12,-3.322564445795706e-12
713,-9.3481323030982455e-01,1.8755871426488974e+11,9.0651867696901756e-01,-2.0893648468567709e-06,-1.7780463144108239e-06,-1.4730270474863800e-06,-1.1804692873269817e-06,-9.0658279944044517e-07,-6.5744084144163829e-07,-4.3907809165192155e-07,-2.5763507262036094e-07,-1.1894968922055625e-07,-2.9263954980321700e-08,-2.1096940437862643e-06,-1.7953857205675185e-06,-1.4976476090004871e-06,-1.1784058430304465e-06,-8.6929192411859225e-07,-6.4756825704420771e-07,-3.8049473963137801e-07,-2.7294395727155894e-07,-8.2568112713136690e-08,4.4469819948621935e-09,ok,1,-3.394506897791416e-12,-2.989941627618009e-12,-3.0315749910414524e-12,-3.08397751780376e-12,-3.135491866146367e-12,-3.192779374217025e-12,-3.227640377190255e-12,-3.2568392427378967e-12,-3.2869262867052385e-12,-3.3366642782084455e-12,-3.394506897791416e-12
714,-6.9549737789296684e-01,1.9251015925139453e+11,9.3045026221070337e-01,-2.0356254746847858e-06,-1.7323141902330507e-06,-1.4351401514551196e-06,-1.1501071040708392e-06,-8.8326509571958815e-07,-6.4053117719014530e-07,-4.2778481225398454e-07,-2.5100858655073799e-07,-1.1589025150274560e-07,-2.8511273336294534e-08,-1.9687149642035128e-06,-1.7604838031871768e-06,-1.5013960032565910e-06,-1.1706873174852395e-06,-8.5951038095567885e-07,-6.4016019097540972e-07,-4.9959946583326709e-07,-2.7888929138153678e-07,-1.1804972111205098e-07,-3.9879645350740256e-08,ok,1,-5.988542994828094e-13,-3.1175062531474396e-13,-3.473887844052115e-13,-3.9312997301976793e-13,-4.3431924723336124e-13,-4.763966998666547e-13,-4.933831121434196e-13,-5.045963646921336e-13,-5.216937992713611e-13,-5.586642259913788e-13,-5.988542994828094e-13
715,4.2206608852901152e-02,2.0777325473716653e+11,1.0042206608852902e+00,-1.8860877200176089e-06,-1.6050577879101115e-06,-1.3297142572767584e-06,-1.0656198365907411e-06,-8.1838013488969970e-07,-5.9347753435554117e-07,-3.9635959130822474e-07,-2.3256940856760429e-07,-1.0737691336028599e-07,-2.6416825290524765e-08,-1.9489185056410885e-06,-1.6001524924415167e-06,-1.2716083735415522e-06,-1.0729545082649492e-06,-8.2880329506013193e-07,-6.4595898154980718e-07,-4.5611222823011991e-07,-1.4998912470581822e-07,-1.2867668215095442e-07,4.0624143043993485e-08,ok,1,3.714806240395774e-13,-6.52811138479592e-14,-3.108624468950438e-14,7.105427357601002e-15,5.5289106626332796e-14,1.0080825063596421e-13,1.6564527527407336e-13,2.3026025530725747e-13,2.851052727237402e-13,3.2174263253637037e-13,3.714806240395774e-13
716,-9.0048807040657186e-01,1.8826890182328802e+11,9.0995119295934279e-01,-2.0814833491504432e-06,-1.7713391718216863e-06,-1.4674704979381872e-06,-1.1760163235499506e-06,-9.0316298970032238e-07,-6.5496084447449687e-07,-4.3742180219289209e-07,-2.5666322213826363e-07,-1.1850098745166811e-07,-2.9153565550554321e-08,-2.1262987264845347e-06,-1.7374711488500791e-06,-1.4308984461155777e-06,-1.2227577478775949e-06,-9.1513342972093363e-07,-6.5239050932015725e-07,-4.5510281076890980e-07,-2.7108240207274170e-07,-8.6262056404119498e-08,-4.6513105589059446e-08,ok,1,4.951594689828198e-13,3.2573943542502093e-13,3.310685059432217e-13,3.3306690738754696e-13,3.4416913763379853e-13,3.5349501104064984e-13,3.888001032237298e-13,4.285460875053104e-13,4.614086890342151e-13,4.75397499144492e-13,4.951594689828198e-13
717,1.0660244235274443e+00,2.2895604532278284e+11,1.1066024423527445e+00,-1.7115887189435420e-06,-1.4565594027693495e-06,-1.2066903877366245e-06,-9.6702972594201367e-07,-7.4266440092811849e-07,-5.3856957021062550e-07,-3.5968878749814432e-07,-2.1105231312995317e-07,-9.7442505792225745e-08,-2.3972766312877418e-08,-1.6916713958437261e-06,-1.4183461873938923e-06,-1.2729521657512066e-06,-9.3262883382089897e-07,-7.3464126444772256e-07,-5.5853971500790228e-07,-3.3830564983461117e-07,-2.0815630380450346e-07,-1.3180016687718562e-07,-8.0732890110704278e-08,ok,1,1.8689494396539885e-12,1.3156142841808105e-12,1.3604672943756668e-12,1.4075407506197735e-12,1.4648282586904315e-12,1.5201173653167643e-12,1.595612530991275e-12,1.6746604103445861e-12,1.7483792191796965e-12,1.801003790546929e-12,1.8689494396539885e-12
718,-1.2972539071370339e+00,1.8005981666133478e+11,8.7027460928629663e-01,-2.1763800029047554e-06,-1.8520960801767218e-06,-1.5343737666068830e-06,-1.2296319404661462e-06,-9.4433898351859419e-07,-6.8482108453177716e-07,-4.5736424627938192e-07,-2.6836472382586203e-07,-1.2390355153192955e-07,-3.0482702205380198e-08,-2.1665343548717246e-06,-1.8495038542282799e-06,-1.5238429022159128e-06,-1.2208568549644165e-06,-1.0098803856524845e-06,-6.5696188969270180e-07,-4.9722161598823126e-07,-2.5573581498605106e-07,-1.6092980057640223e-07,-5.1605866844089477e-08,ok,1,1.7195134205394424e-12,1.3771206397450442e-12,1.3984369218178472e-12,1.4221956945448255e-12,1.454392162258955e-12,1.482813871689359e-12,1.5354384430565915e-12,1.5911716388927744e-12,1.6395773627664312e-12,1.6717738304805607e-12,1.7195134205394424e-12
719,-7.3996537815721564e-01,1.9159011632592722e+11,9.2600346218427843e-01,-2.0454008370778689e-06,-1.7406330087971817e-06,-1.4420318981148983e-06,-1.1556300815897585e-06,-8.8750666004842836e-07,-6.4360709879723565e-07,-4.2983909562701788e-07,-2.5221396540261471e-07,-1.1644677293582143e-07,-2.8648188516737988e-08,-2.0334525703958725e-06,-1.7383913817665675e-06,-1.4671289954447261e-06,-1.1773203815841347e-06,-9.4662024866583538e-07,-5.8032200511536532e-07,-3.8001680446238876e-07,-2.9130252058017692e-07,-4.2397556387438347e-08,1.2306998908592938e-08,ok,1,2.830846668189224e-12,2.582378755278114e-12,2.6079138848444927e-12,2.630784479151771e-12,2.660094367001875e-12,2.6838531397288534e-12,2.7249313916399842e-12,2.764677375921565e-12,2.7959856652159942e-12,2.809308341511496e-12,2.830846668189224e-12
720,-3.1219540694386927e-01,2.0044067703033136e+11,9.6878045930561318e-01,-1.9550851160247333e-06,-1.6637744672200112e-06,-1.3783582414412519e-06,-1.1046026437410229e-06,-8.4831834913694845e-07,-6.1518829787111860e-07,-4.1085933031410916e-07,-2.4107732864555232e-07,-1.1130500606478801e-07,-2.7383213087047223e-08,-1.9965651341957531e-06,-1.6084379440549577e-06,-1.3945896894025242e-06,-1.1091661687618197e-06,-8.6818302244329325e-07,-6.0010353933603566e-07,-3.9258706444593928e-07,-2.7977932137453405e-07,-7.4670873456418578e-08,2.6325474117758955e-08,ok,1,9.08162434143378e-14,9.08162434143378e-14,8.08242361927114e-14,6.283862319378386e-14,4.951594689828198e-14,3.419486915845482e-14,4.263256414560601e-14,5.5289106626332796e-14,6.17284001691587e-14,4.773959005888173e-14,3.4638958368304884e-14
721,-8.2385333083339019e-01,1.8985447458505716e+11,9.1761466691666105e-01,-2.0640998067798740e-06,-1.7565458036409531e-06,-1.4552148939772202e-06,-1.1661948039123625e-06,-8.9562020916091645e-07,-6.4949092822668625e-07,-4.3376866682892156e-07,-2.5451969502387419e-07,-1.1751132450904301e-07,-2.8910089069123309e-08,-2.0388009285074319e-06,-1.7915079187201011e-06,-1.4389481949379823e-06,-1.1657294400492185e-06,-8.7626603011680859e-07,-6.1088806948891416e-07,-4.2204811541265205e-07,-2.3111262598129453e-07,-1.0249972469452120e-07,-4.2499345675331067e-08,ok,1,-1.4841461393189093e-12,-1.4669376824372193e-12,-1.47182266374557e-12,-1.4814816040598089e-12,-1.482591827084434e-12,-1.4841461393189093e-12,-1.4622747457337937e-12,-1.4378498391920402e-12,-1.4196421815881877e-12,-1.4196421815881877e-12,-1.4166445794216997e-12
722,-1.1787894801861196e+00,1.8251084565494919e+11,8.8212105198138802e-01,-2.1471523125141356e-06,-1.8272233600023415e-06,-1.5137678975332169e-06,-1.2131186010662883e-06,-9.3165698524718395e-07,-6.7562428130551295e-07,-4.5122207415473105e-07,-2.6476072036616675e-07,-1.2223958906314435e-07,-3.0073334824137635e-08,-2.1718707193928163e-06,-1.8333249092518055e-06,-1.4764394847008751e-06,-1.2322420105747252e-06,-9.4797280954522686e-07,-6.8213303197925867e-07,-5.3250218277705528e-07,-2.4051354481305604e-07,-1.1036058197715562e-07,-2.6209544332930742e-08,ok,1,-2.8410607200157756e-12,-2.4273916210404423e-12,-2.4769075679387242e-12,-2.541855614879296e-12,-2.6033619704435296e-12,-2.6647573037053007e-12,-2.696287637604655e-12,-2.7184920980971583e-12,-2.7443602945709245e-12,-2.7893243270682433e-12,-2.8410607200157756e-12
723,-8.6554635821879486e-02,2.0510918458484531e+11,9.9134453641781206e-01,-1.9105852578060520e-06,-1.6259051553970466e-06,-1.3469853125513556e-06,-1.0794606892390717e-06,-8.2900970321069803e-07,-6.0118594482327272e-07,-4.0150772623455323e-07,-2.3559014711232780e-07,-1.0877158337727878e-07,-2.6759941450447754e-08,-1.9076855578403316e-06,-1.5913812122719680e-06,-1.4315315749741232e-06,-1.1286200798698376e-06,-7.8744702101324629e-07,-6.4532137215152298e-07,-3.7598065059671220e-07,-2.1981437355923899e-07,-7.3441576053881752e-08,5.2540567567059605e-08,ok,1,1.3777867735598193e-12,1.3777867735598193e-12,1.3598011605608917e-12,1.3298251388960125e-12,1.298516849601583e-12,1.2569945084806022e-12,1.2356782264077992e-12,1.220135104063047e-12,1.2019274464591945e-12,1.1646239528317892e-12,1.1215472994763331e-12
724,-1.0973281874493155e+00,1.8419627980167368e+11,8.9026718125506854e-01,-2.1275054237272323e-06,-1.8105038874556530e-06,-1.4999166074508087e-06,-1.2020183143743604e-06,-9.2313213068997280e-07,-6.6944217906763358e-07,-4.4709329863319971e-07,-2.6233810488717856e-07,-1.2112107148168729e-07,-2.9798157575984754e-08,-2.1196681430857464e-06,-1.8134428197181716e-06,-1.4841499854590498e-06,-1.1889542633126705e-06,-9.3717483775169843e-07,-6.6728761434317467e-07,-4.2367705080224935e-07,-3.2278714708606699e-07,-1.4165334233749806e-07,5.1958922468005070e-09,ok,1,1.4130918657428992e-12,1.4130918657428992e-12,1.404654170755748e-12,1.383337888682945e-12,1.3651302310790925e-12,1.3424816813767393e-12,1.3387069230930138e-12,1.3364864770437634e-12,1.3313794511304877e-12,1.3091749906379846e-12,1.2869705301454815e-12
725,1.9590936724264540e-01,2.1095336480825034e+11,1.0195909367242646e+00,-1.8576550540664944e-06,-1.5808616323275376e-06,-1.3096688898813759e-06,-1.0495556776848686e-06,-8.0604310053572468e-07,-5.8453089401382169e-07,-3.9038449283498652e-07,-2.2906343785684512e-07,-1.0575821245042966e-07,-2.6018593139914866e-08,-1.8683048249551085e-06,-1.5603895862381008e-06,-1.3414491417832448e-06,-1.0090028048851816e-06,-8.4314294408007146e-07,-5.8796158236203956e-07,-3.5381814851155722e-07,-2.2696626958117291e-07,-1.6947900111681054e-07,-5.1362776292991637e-08,ok,1,1.5514256546111937e-12,1.2589929099249275e-12,1.2778667013435552e-12,1.2958523143424827e-12,1.3229417561433365e-12,1.3453682612407647e-12,1.3911094498553211e-12,1.4410694859634532e-12,1.4859224961583095e-12,1.5125678487493133e-12,1.5514256546111937e-12
726,-1.5916893048632359e+00,1.7396794828237964e+11,8.4083106951367637e-01,-2.2525907109717850e-06,-1.9169512771046143e-06,-1.5881032214981589e-06,-1.2726901934915188e-06,-9.7740707939010029e-07,-7.0880159330385788e-07,-4.7337985614837156e-07,-2.7776210185519132e-07,-1.2824230550942852e-07,-3.1550120724082694e-08,-2.2507824743288011e-06,-1.9287903382717053e-06,-1.5636921882644672e-06,-1.3289524272251769e-06,-9.8576245887893256e-07,-7.2416184810742027e-07,-4.5479734075622419e-07,-2.8737229979782064e-07,-1.2714884992655677e-07,-3.5167795650172549e-08,ok,1,-6.074030167724231e-13,-4.530820163495264e-13,-4.612976667317525e-13,-4.775069228912798e-13,-4.937161790508071e-13,-5.202505093393484e-13,-5.278000259067994e-13,-5.32018873400375e-13,-5.430100813441641e-13,-5.734301922188934e-13,-6.074030167724231e-13
727,-1.6513626949456457e+00,1.7273330584157458e+11,8.3486373050543539e-01,-2.2686915091313909e-06,-1.9306530319081010e-06,-1.5994544755458719e-06,-1.2817869760650457e-06,-9.8439327267772419e-07,-7.1386788046075481e-07,-4.7676342400175084e-07,-2.7974745654765025e-07,-1.2915894050503486e-07,-3.1775630899186348e-08,-2.2534059656790623e-06,-1.9609625822866279e-06,-1.5762985628372653e-06,-1.2776548739244327e-06,-9.8456512778144135e-07,-7.3142763877432733e-07,-4.5229144712620160e-07,-2.9755235082962850e-07,-5.9183811959558957e-08,-5.1023213498342906e-08,ok,1,-2.7771118737973666e-12,-2.322031456003515e-12,-2.3560042805570447e-12,-2.4025226252888388e-12,-2.4525936836994333e-12,-2.512989816239042e-12,-2.5525137559156974e-12,-2.5901503164504902e-12,-2.6356694604601216e-12,-2.7010615966105433e-12,-2.7771118737973666e-12
728,-1.2221840408512523e+00,1.8161301219478760e+11,8.7778159591487481e-01,-2.1577671091488863e-06,-1.8362565358323688e-06,-1.5212514553092800e-06,-1.2191158501525824e-06,-9.3626278306334200e-07,-6.7896433981273129e-07,-4.5345276385776029e-07,-2.6606960804368817e-07,-1.2284390035074249e-07,-3.0222007245480117e-08,-2.1501370402570487e-06,-1.8403536481845782e-06,-1.4757597313099495e-06,-1.2021783109474080e-06,-9.7581921237839361e-07,-7.0393198345485852e-07,-4.1260966391768135e-07,-2.2910132084782720e-07,-4.5548291063166081e-08,-7.7180755659732594e-08,ok,1,-1.6481260800560449e-12,-1.3208323323965487e-12,-1.3450351943333771e-12,-1.3807843757263072e-12,-1.4171996909340123e-12,-1.4623857680362562e-12,-1.4874768083927847e-12,-1.5114576257246881e-12,-1.54243284811173e-12,-1.591948795010012e-12,-1.6481260800560449e-12
729,2.6700163493207612e+00,2.6214263826744653e+11,1.2670016349320761e+00,-1.4949059294598342e-06,-1.2721626776989257e-06,-1.0539264460467505e-06,-8.4460621601151650e-07,-6.4864497192510323e-07,-4.7038802898379008e-07,-3.1415309953857924e-07,-1.8433362573167805e-07,-8.5106531772536679e-08,-2.0937874917060898e-08,-1.5322643095702460e-06,-1.3072500172574349e-06,-1.0576046422093611e-06,-8.1807217399374669e-07,-6.6337102990619896e-07,-4.9224108922813742e-07,-3.2155869504965117e-07,-1.5433973153882309e-07,-1.3823976737565530e-08,6.1917957289788429e-09,ok,1,7.0601302581962955e-12,6.033396005022951e-12,6.1313176757948895e-12,6.24256202286233e-12,6.369349492274523e-12,6.48792131130449e-12,6.616929226765933e-12,6.73772149184515e-12,6.848521749702741e-12,6.940670260746629e-12,7.0601302581962955e-12
730,5.4645432753468226e-01,2.1820614003669257e+11,1.0546454327534682e+00,-1.7959099787193847e-06,-1.5283166668950658e-06,-1.2661378779701933e-06,-1.0146703558605987e-06,-7.7925169388215061e-07,-5.6510215022493824e-07,-3.7740882231334015e-07,-2.2144978579653303e-07,-1.0224300181859795e-07,-2.5153782425819038e-08,-1.8301280548405436e-06,-1.6081881337465223e-06,-1.2646624660763670e-06,-9.8657521469117601e-07,-7.8031715479283029e-07,-5.4518075371704838e-07,-3.9940374069647353e-07,-1.8048207936076916e-07,-3.1596556108794836e-08,3.7820748434663226e-08,ok,1,4.988232049640828e-12,4.7202242114963155e-12,4.75264272381537e-12,4.780176254826074e-12,4.809708187281103e-12,4.830136290934206e-12,4.866107516932061e-12,4.9045212335840915e-12,4.938494058137621e-12,4.958033983371024e-12,4.988232049640828e-12
731,-6.6606089753945996e-01,1.9311920002990857e+11,9.3339391024605400e-01,-2.0292057146442467e-06,-1.7268509841795604e-06,-1.4306141443329142e-06,-1.1464800067877271e-06,-8.8047953912441482e-07,-6.3851113150549650e-07,-4.2643570561450756e-07,-2.5021697978729995e-07,-1.1552476796226061e-07,-2.8421357221803748e-08,-2.0427675548817795e-06,-1.7787214860307029e-06,-1.3693567124621076e-06,-1.1234203616226219e-06,-8.1849593985117458e-07,-6.4083953202621758e-07,-4.6174816903454565e-07,-2.7693508742705136e-07,-2.0733402732021066e-07,4.7858661504699817e-08,ok,1,1.0236256287043943e-12,8.419931418757187e-13,8.575362642204709e-13,8.701928067011977e-13,8.870681966755001e-13,8.963940700823514e-13,9.272582701669307e-13,9.625633623500107e-13,9.920952948050399e-13,1.0038636588660665e-12,1.0236256287043943e-12
732,-4.5766993713306359e-01,1.9743080900071692e+11,9.5423300628669361e-01,-1.9848907386444687e-06,-1.6891390068443621e-06,-1.3993715596045316e-06,-1.1214425088059148e-06,-8.6125111424709182e-07,-6.2456695361158828e-07,-4.1712295436240753e-07,-2.4475259568171780e-07,-1.1300187080959285e-07,-2.7800675073077580e-08,-2.0035342880360669e-06,-1.6632260200847664e-06,-1.4080788508706284e-06,-1.1326033160349551e-06,-8.2166899168910182e-07,-6.5912432405224267e-07,-4.3478224391295277e-07,-3.1929341236093094e-07,-9.4879513260270163e-08,-6.0194777720572850e-08,ok,1,1.8973711490843925e-12,1.842748176272835e-12,1.8560708525683367e-12,1.858513343222512e-12,1.8596235662471372e-12,1.8527401834944612e-12,1.8667289936047382e-12,1.8847146066036657e-12,1.8973711490843925e-12,1.892708212380967e-12,1.892264123171117e-12
733,-6.4606199401525299e-01,1.9353297734382440e+11,9.3539380059847466e-01,-2.0248672329048951e-06,-1.7231589428023251e-06,-1.4275554631472842e-06,-1.1440288099780742e-06,-8.7859705654777733e-07,-6.3714598214469773e-07,-4.2552397768650373e-07,-2.4968201096192437e-07,-1.1527777373560767e-07,-2.8360591800923303e-08,-2.0734587851802156e-06,-1.6921203225561251e-06,-1.4061324777437302e-06,-1.1406065067322009e-06,-8.4819848790191645e-07,-6.6225022857692173e-07,-4.3574804141759424e-07,-2.1994428311820045e-07,-1.6019793276349878e-07,-6.7629566030474278e-08,ok,1,5.858646900946951e-12,5.4853899200679734e-12,5.516920253967328e-12,5.545119918792807e-12,5.579980921766037e-12,5.6141757909244916e-12,5.6736837450444e-12,5.733191699164308e-12,5.782041512247815e-12,5.81312775693732e-12,5.858646900946951e-12
734,-2.4395028188445661e-01,2.0185266866781061e+11,9.7560497181155437e-01,-1.9414089835657268e-06,-1.6521360992487304e-06,-1.3687164055277471e-06,-1.0968757719305804e-06,-8.4238422687559271e-07,-6.1088495753077150e-07,-4.0798530371695764e-07,-2.3939095425078326e-07,-1.1052640978080403e-07,-2.7191663140582467e-08,-1.9064699651947279e-06,-1.6250355000142265e-06,-1.3588942737667140e-06,-1.1202012983378572e-06,-8.3924555330328779e-07,-5.2302464365980694e-07,-3.7102801435526235e-07,-2.4523827713273174e-07,-1.1626857519417432e-07,1.9756951984425937e-08,ok,1,1.6990853168863396e-12,1.3211653993039363e-12,1.3555823130673161e-12,1.3931078512996464e-12,1.439959262938828e-12,1.4799272918253337e-12,1.5365486660812167e-12,1.5918377727075494e-12,1.6375789613221059e-12,1.6635581800983346e-12,1.6990853168863396e-12
735,-1.1595781678943740e-01,2.0450083277062653e+11,9.8840421832105618e-01,-1.9162688924042278e-06,-1.6307419198162205e-06,-1.3509923424887601e-06,-1.0826718833462700e-06,-8.3147585237237746e-07,-6.0297436081905306e-07,-4.0270213679293093e-07,-2.3629098383546110e-07,-1.0909515853948349e-07,-2.6839547282474660e-08,-1.7920164970024291e-06,-1.5924259667142232e-06,-1.2871339898547465e-06,-1.1282413150997984e-06,-8.1079866394507230e-07,-5.9151709034247969e-07,-4.6535716823035715e-07,-2.2407704559074694e-07,-1.2662920273557189e-07,-4.8265578888361612e-08,ok,1,3.5142999621484705e-12,3.1254998589247407e-12,3.1676883338604966e-12,3.2096547641913276e-12,3.2576163988551343e-12,3.296474204717015e-12,3.354871935812298e-12,3.4134917115125063e-12,3.460565167756613e-12,3.483657806668816e-12,3.5142999621484705e-12
736,-3.6539689491063498e-01,1.9933993824429895e+11,9.6346031050893643e-01,-1.9658809356566209e-06,-1.6729616933459712e-06,-1.3859694225816867e-06,-1.1107021689276163e-06,-8.5300269347216311e-07,-6.1858531718725653e-07,-4.1312806183279152e-07,-2.4240853787846491e-07,-1.1191962317779723e-07,-2.7534420943438328e-08,-1.9140921344107115e-06,-1.6365353070382010e-06,-1.3166676604045893e-06,-1.1075895917457461e-06,-8.2330759657662641e-07,-6.0077047589608079e-07,-4.1887521211084829e-07,-2.3947345632872878e-07,-1.1034907769878145e-07,-2.7267010558099747e-08,ok,1,4.398481578959945e-12,3.9541703245049575e-12,3.9961367548357885e-12,4.0392134081912445e-12,4.093614336397877e-12,4.143130283296159e-12,4.207967307934268e-12,4.268807529683727e-12,4.320321878026334e-12,4.353406524160164e-12,4.398481578959945e-12
737,1.3251177836734043e+00,2.3431668694420273e+11,1.1325117783673404e+00,-1.6724313979427033e-06,-1.4232365820123016e-06,-1.1790840110770499e-06,-9.4490624909431326e-07,-7.2567390080301865e-07,-5.2624830324451017e-07,-3.5145991267745398e-07,-2.0622390833744156e-07,-9.5213239242215623e-08,-2.3424323047608356e-08,-1.6588143431802475e-06,-1.4138076636506281e-06,-1.0975418308016030e-06,-1.0067060134255882e-06,-7.0800555873073689e-07,-5.0173181969181502e-07,-3.3736089451640773e-07,-2.1908473460220974e-07,-3.3304823143790870e-08,-2.8217807899592317e-09,ok,1,-1.2874146193553315e-12,-1.2506662372402388e-12,-1.2516654379624015e-12,-1.2602141552520152e-12,-1.2672085603071537e-12,-1.2809753258125056e-12,-1.2745360322696797e-12,-1.265543225770216e-12,-1.261879489788953e-12,-1.2759793222016924e-12,-1.2874146193553315e-12
738,1.4792907789231042e+00,2.3750652621591904e+11,1.1479290778923106e+00,-1.6499697526268243e-06,-1.4041217559303292e-06,-1.1632482841904725e-06,-9.3221565440091274e-07,-7.1592771342889349e-07,-5.1918050796751974e-07,-3.4673961867259650e-07,-2.0345421130210371e-07,-9.3934474677137314e-08,-2.3109721900618664e-08,-1.6535551044062649e-06,-1.4272222411521968e-06,-1.1309715929643546e-06,-9.5969486422990370e-07,-6.9513864991820207e-07,-5.0734349057295998e-07,-3.5846082407824061e-07,-2.2032044626132584e-07,-9.6145406131651626e-08,-6.0932543942357721e-08,ok,1,-3.815836535636663e-13,-3.815836535636663e-13,-3.6559644200906405e-13,-3.504974088741619e-13,-3.3006930522105904e-13,-3.2152058793144533e-13,-3.000932835561798e-13,-2.8188562595232725e-13,-2.688960165642129e-13,-2.728928194528635e-13,-2.7344793096517606e-13
739,1.2894286731175746e+00,2.3357827924680261e+11,1.1289428673117574e+00,-1.6777184315735617e-06,-1.4277358396099461e-06,-1.1828114326189961e-06,-9.4789336780247693e-07,-7.2796796340149044e-07,-5.2791192453314161e-07,-3.5257097790887698e-07,-2.0687584105061010e-07,-9.5514235503459704e-08,-2.3498374027446984e-08,-1.6776725034642869e-06,-1.4163239523456165e-06,-1.2135985991221830e-06,-8.9379850597036073e-07,-7.4224380442172494e-07,-5.3199200999025571e-07,-3.2185402488217880e-07,-2.1040988740458937e-07,-1.0312658497624843e-07,-3.2250190010069947e-08,ok,1,-8.308909116294672e-13,-7.368550214437164e-13,-7.521760991835436e-13,-7.732703366514215e-13,-7.879252805764736e-13,-8.095746295566641e-13,-8.092415626492766e-13,-8.025802245015257e-13,-8.002487561498128e-13,-8.160139230994901e-13,-8.308909116294672e-13
740,6.9906811523589485e-01,2.2136371930423065e+11,1.0699068115235895e+00,-1.7702927360392982e-06,-1.5065164322440935e-06,-1.2480774174397902e-06,-1.0001968816581808e-06,-7.6813628164652723e-07,-5.5704141271954316e-07,-3.7202538243845830e-07,-2.1829097885651647e-07,-1.0078458585060445e-07,-2.4794983512514685e-08,-1.7767476536947949e-06,-1.5489596528403413e-06,-1.2050882068437921e-06,-9.7104796415060778e-07,-8.0486748831732620e-07,-5.7798881298774067e-07,-4.2554719483950704e-07,-1.9453005685731511e-07,-2.3243775855621567e-08,-4.1943557603580381e-08,ok,1,-2.9256597144922125e-12,-2.4603652448718094e-12,-2.5142110615661295e-12,-2.5818236437658015e-12,-2.6433299993300352e-12,-2.7042812433819563e-12,-2.739919402472424e-12,-2.769673379532378e-12,-2.8055335832277706e-12,-2.861599845971341e-12,-2.9256597144922125e-12
741,5.2814850510474143e-01,2.1782739257061710e+11,1.0528148505104742e+00,-1.7990326179096161e-06,-1.5309740281078896e-06,-1.2683393757094608e-06,-1.0164346143457429e-06,-7.8060661807510034e-07,-5.6608472181362589e-07,-3.7806504205340973e-07,-2.2183483169976901e-07,-1.0242077687872688e-07,-2.5197518575030018e-08,-1.7741844619971828e-06,-1.5580805842905518e-06,-1.3540077751258858e-06,-1.0285540590382011e-06,-7.9644035340179226e-07,-6.0655444030523420e-07,-4.0397775058441847e-07,-2.4150419290096761e-07,-1.2529204663185544e-07,-3.8339639030612861e-08,ok,1,2.7502444766014378e-12,2.1871393585115584e-12,2.23487894857044e-12,2.2875035199376725e-12,2.3501200985265314e-12,2.4082957850168896e-12,2.4844570845061753e-12,2.561062473205311e-12,2.631006523756696e-12,2.682298827494378e-12,2.7502444766014378e-12
742,-4.6882775332562204e-01,1.9719995378369287e+11,9.5311722466743776e-01,-1.9872143820980149e-06,-1.6911164238975713e-06,-1.4010097558539320e-06,-1.1227553430558546e-06,-8.6225935136286047e-07,-6.2529811270502025e-07,-4.1761126588672928e-07,-2.4503911914399222e-07,-1.1313415822079404e-07,-2.7833220369086063e-08,-1.9514922045840423e-06,-1.7367552095245600e-06,-1.4201511300505735e-06,-1.1063214032401192e-06,-8.8505839494162732e-07,-6.1415193537660028e-07,-3.8484580343988150e-07,-2.5920859760684945e-07,-7.3347876649531628e-08,1.2565183552518773e-08,ok,1,3.488320743372242e-13,3.381739333008227e-13,3.419486915845482e-13,3.40394379350073e-13,3.3928415632544784e-13,3.2884805989397137e-13,3.3639757646142243e-13,3.455014052633487e-13,3.488320743372242e-13,3.3173463975799677e-13,3.1441516057384433e-13
743,-1.1789412614732324e+00,1.8250770530011884e+11,8.8210587385267680e-01,-2.1471892579117148e-06,-1.8272548004796364e-06,-1.5137939444776083e-06,-1.2131394748295778e-06,-9.3167301598595308e-07,-6.7563590656731594e-07,-4.5122983819591506e-07,-2.6476527602346998e-07,-1.2224169240262828e-07,-3.0073852286876819e-08,-2.1861597596697847e-06,-1.8434836849489944e-06,-1.4741775964330662e-06,-1.2058380934903348e-06,-9.4552570423559264e-07,-6.7016688353347193e-07,-4.4492882004073816e-07,-3.2354681274641696e-07,-1.4768480799723386e-07,-2.6579598492258235e-08,ok,1,-3.783529045620071e-12,-3.454569963423637e-12,-3.4966474160569305e-12,-3.548383809004463e-12,-3.595568287551032e-12,-3.645972412869014e-12,-3.6703973194107675e-12,-3.68727270938507e-12,-3.707478768433248e-12,-3.743894083640953e-12,-3.783529045620071e-12
744,-5.2024798893707791e-01,1.9613606910889185e+11,9.4797520110629219e-01,-1.9979934648928983e-06,-1.7002894070006351e-06,-1.4086091373253686e-06,-1.1288454121045676e-06,-8.6693643352526867e-07,-6.2868986559761117e-07,-4.1987648017457467e-07,-2.4636826459362923e-07,-1.1374782248845956e-07,-2.7984193806846614e-08,-2.0447646359721482e-06,-1.6787887738502548e-06,-1.4166051599528851e-06,-1.1055573817947680e-06,-9.6785606962122505e-07,-6.4915354980694968e-07,-3.5930803764526735e-07,-2.4210413687283616e-07,-1.2094159359716003e-07,2.8804289056461986e-14,ok,1,4.1731063049610384e-12,3.730571407345451e-12,3.785194380157009e-12,3.8398173529685664e-12,3.8995473516934e-12,3.9472869417522816e-12,4.00679489587219e-12,4.063194225523148e-12,4.1096015479524795e-12,4.136468945148408e-12,4.1731063049610384e-12
745,-3.3052757020004075e-01,2.0006138457256116e+11,9.6694724297999590e-01,-1.9587917235794099e-06,-1.6669287846249213e-06,-1.3809714438174756e-06,-1.1066968382447884e-06,-8.4992665926936743e-07,-6.1635462130833700e-07,-4.1163827046626498e-07,-2.4153438242820240e-07,-1.1151602704438721e-07,-2.7435128384072196e-08,-1.9227869620095896e-06,-1.7393323351479331e-06,-1.4189863940550396e-06,-1.0810213560623512e-06,-8.5217112005711599e-07,-6.3481880565296761e-07,-3.6767522401731278e-07,-2.2390172528498238e-07,-7.2079475283128951e-08,-6.7966627432500938e-08,ok,1,1.850741782050136e-12,1.7463808177353712e-12,1.7612578062653483e-12,1.7694734566475745e-12,1.7816859099184512e-12,1.787237025041577e-12,1.8132162438178057e-12,1.837863194964484e-12,1.850741782050136e-12,1.8420820424580597e-12,1.8347545704955337e-12
746,-1.0215842932671877e+00,1.8576342097230188e+11,8.9784157067328119e-01,-2.1095573189619682e-06,-1.7952300775336557e-06,-1.4872629802921977e-06,-1.1918778228881151e-06,-9.1534438453002537e-07,-6.6379461726578132e-07,-4.4332152100373540e-07,-2.6012496280163291e-07,-1.2009926742139599e-07,-2.9546773749637132e-08,-2.1833381826875652e-06,-1.8028809347404932e-06,-1.4654236050961058e-06,-1.2344225365029451e-06,-9.5729255742958729e-07,-6.5653380425986589e-07,-4.3939274699094959e-07,-2.3373678377272333e-07,-8.8563175942342494e-08,-8.7257669505315163e-08,ok,1,-1.1268763699945339e-12,-9.015010959956271e-13,-9.245937349078304e-13,-9.566791803194974e-13,-9.846568005400513e-13,-1.0204059819329814e-12,-1.0345058143457209e-12,-1.0438316877525722e-12,-1.0580425424677742e-12,-1.0910161662991413e-12,-1.1268763699945339e-12
747,1.9883846018195315e+00,2.4803967741164612e+11,1.1988384601819533e+00,-1.5799028139273794e-06,-1.3444948974120168e-06,-1.1138502597170292e-06,-8.9262856681478683e-07,-6.8552542082302690e-07,-4.9713320148331565e-07,-3.3201511625815986e-07,-1.9481440822157912e-07,-8.9945491807283925e-08,-2.2128353929960644e-08,-1.6030834550849766e-06,-1.2410721575099886e-06,-1.1539038732925515e-06,-9.1697164928023888e-07,-6.5307969921832210e-07,-5.8461700636086647e-07,-3.0906219247266853e-07,-1.8912522199148987e-07,-1.2905321378124540e-07,-5.9296045703675322e-09,ok,1,1.0547118733938987e-12,1.0547118733938987e-12,1.049382802875698e-12,1.035393992765421e-12,1.021405182655144e-12,9.960920976936904e-13,9.85878045867139e-13,9.729994587814872e-13,9.519052213136092e-13,9.134915046615788e-13,8.717471189356729e-13
748,-1.0126894976429932e+00,1.8594745429376648e+11,8.9873105023570077e-01,-2.1074694773160990e-06,-1.7934533274611007e-06,-1.4857910271197378e-06,-1.1906982141937041e-06,-9.1443846265318528e-07,-6.6313765571598441e-07,-4.4288276301158166e-07,-2.5986751555178854e-07,-1.1998040444965120e-07,-2.9517531128858278e-08,-2.0905486486522404e-06,-1.7850498528529487e-06,-1.4541375049778598e-06,-1.1540281436450467e-06,-8.6925585057332761e-07,-7.2572303246550750e-07,-4.6932555620292200e-07,-3.2555589721552706e-07,-8.4023518711754583e-08,-3.7369431038062296e-08,ok,1,2.6998403512834557e-12,2.1880275369312585e-12,2.23532303778029e-12,2.2863932969130474e-12,2.346789429452656e-12,2.4000801346346634e-12,2.4700241851860483e-12,2.538635968107883e-12,2.5999202790671916e-12,2.6423307986078726e-12,2.6998403512834557e-12
749,-2.6265741798424780e+00,1.5255618021905914e+11,7.3734258201575231e-01,-2.5687493207104546e-06,-2.1860017742740636e-06,-1.8109987986595820e-06,-1.4513165015210595e-06,-1.1145894187577483e-06,-8.0828425796558698e-07,-5.3982029580275974e-07,-3.1674693808533077e-07,-1.4624154026705026e-07,-3.5978285262207897e-08,-2.5998456351002206e-06,-2.1578669532358974e-06,-1.9311171476323716e-06,-1.5249939631640434e-06,-1.1623880401626016e-06,-7.6344922884185453e-07,-5.8059588333415015e-07,-3.1439159706987611e-07,-2.0188910842833390e-07,-3.1784775532638518e-08,ok,1,1.3167245072054357e-13,1.021405182655144e-14,1.84297022087776e-14,2.4202861936828413e-14,3.419486915845482e-14,3.68594044175552e-14,6.217248937900877e-14,9.237055564881302e-14,1.1723955140041653e-13,1.2256862191861728e-13,1.3167245072054357e-13
750,-1.1544068015307327e+00,1.8301532327632913e+11,8.8455931984692671e-01,-2.1412337354747891e-06,-1.8221866599224012e-06,-1.5095952303830158e-06,-1.2097746669373453e-06,-9.2908889372947787e-07,-6.7376193817556580e-07,-4.4997829065979208e-07,-2.6403091339758926e-07,-1.2190263838628603e-07,-2.9990438353347410e-08,-2.1065047657319325e-06,-1.8242493864246585e-06,-1.4869141080309839e-06,-1.2114119407010380e-06,-9.7304396732735407e-07,-6.4446396792189656e-07,-4.9401373078518916e-07,-3.3279986613105136e-07,-1.6603651121815238e-07,-6.9318580481280943e-09,ok,1,6.03073146976385e-13,5.473399511402022e-13,5.448974604860268e-13,5.357936316841005e-13,5.333511410299252e-13,5.306866057708248e-13,5.542233338928781e-13,5.806466418789569e-13,6.008527009271347e-13,6.006306563222097e-13,6.03073146976385e-13
751,-1.3798819937547053e+00,1.7835024154921515e+11,8.6201180062452942e-01,-2.1972416796412548e-06,-1.8698493354251773e-06,-1.5490814966303534e-06,-1.2414185696447331e-06,-9.5339093886485749e-07,-6.9138543270065544e-07,-4.6174830836558362e-07,-2.7093713218648970e-07,-1.2509122824041593e-07,-3.0774893954307021e-08,-2.1785958353640937e-06,-1.8761728022670957e-06,-1.4810234468048855e-06,-1.1775227816909876e-06,-9.9162824764075167e-07,-6.5547804895118952e-07,-4.8762685251143531e-07,-2.6100038311251084e-07,-1.1969485392806079e-07,-5.7549396782535943e-08,ok,1,-5.69311264797534e-12,-4.758859972753271e-12,-4.831357536261294e-12,-4.9258375156568945e-12,-5.032751992928297e-12,-5.1566528824764646e-12,-5.2582382892296664e-12,-5.3514970232981796e-12,-5.445865980391318e-12,-5.558109528180921e-12,-5.69311264797534e-12
752,-7.9366021686712064e-03,2.0673579170113019e+11,9.9920633978313289e-01,-1.8955526814324513e-06,-1.6131124557125523e-06,-1.3363871675576712e-06,-1.0709674408027961e-06,-8.2248701513542074e-07,-5.9645578499748870e-07,-3.9834864420223560e-07,-2.3373651254416478e-07,-1.0791576334637733e-07,-2.6549392948643087e-08,-1.8965127688093939e-06,-1.6138203259564817e-06,-1.4085147517999303e-06,-1.0870575378799046e-06,-7.5277995975017966e-07,-5.7910591596792949e-07,-4.0625152789528408e-07,-2.7075857448712805e-07,-1.1447158187128775e-07,-4.8469407723685696e-08,ok,1,-2.050359881877739e-12,-1.908251334725719e-12,-1.9255708139098715e-12,-1.9473311851925246e-12,-1.961431017605264e-12,-1.9789725413943415e-12,-1.9787504967894165e-12,-1.9796386752091166e-12,-1.990296816245518e-12,-2.0198287487005473e-12,-2.050359881877739e-12
753,2.1825751349769957e+00,2.5205747954267404e+11,1.2182575134976996e+00,-1.5547191260468594e-06,-1.3230636172377862e-06,-1.0960954604730556e-06,-8.7840004654023040e-07,-6.7459812954924238e-07,-4.8920888660095225e-07,-3.2672278752397358e-07,-1.9170906198890794e-07,-8.8511758559940197e-08,-2.1775627449724549e-08,-1.5060829832166163e-06,-1.3586019981935956e-06,-1.0480024336668241e-06,-8.9490448001861297e-07,-7.0607112049379719e-07,-5.3254523831718416e-07,-3.6916594637344076e-07,-1.4079019377800023e-07,-6.7944894080712238e-08,-5.1333525948031395e-08,ok,1,8.109068971862143e-13,7.003286839335487e-13,7.156497616733759e-13,7.274181257344026e-13,7.429612480791548e-13,7.478462293875054e-13,7.700506898800086e-13,7.938094626069869e-13,8.106848525812893e-13,8.089084957418891e-13,8.109068971862143e-13
754,1.1429089606029392e+00,2.3054678639487482e+11,1.1142908960602940e+00,-1.6997789925225709e-06,-1.4465093435042960e-06,-1.1983643902603701e-06,-9.6035735402325893e-07,-7.3754011884976376e-07,-5.3485351435394742e-07,-3.5720698440470369e-07,-2.0959608123778406e-07,-9.6770165923096534e-08,-2.3807357527105149e-08,-1.7485385781341349e-06,-1.4194892062947649e-06,-1.2379003833427532e-06,-9.1672158763692156e-07,-6.9344118719234510e-07,-4.7755348079113037e-07,-3.3225122241705273e-07,-1.8263490463963486e-07,-1.2636581227961372e-07,-2.6904841402601808e-10,ok,1,-9.946488077616777e-13,-7.379652444683416e-13,-7.659428646888955e-13,-8.041345367360009e-13,-8.40771896548631e-13,-8.826273045769994e-13,-9.025002967177898e-13,-9.158229730132916e-13,-9.311440507531188e-13,-9.61564161627848e-13,-9.946488077616777e-13
755,-3.6715128661100677e-01,1.9930363988001828e+11,9.6328487133889940e-01,-1.9662389735681098e-06,-1.6732663830652629e-06,-1.3862218435640656e-06,-1.1109044566028642e-06,-8.5315804738842062e-07,-6.1869797761874451e-07,-4.1320330316876691e-07,-2.4245268676089923e-07,-1.1194000664418161e-07,-2.7539435675684646e-08,-2.0573277657664534e-06,-1.7224460125218238e-06,-1.4128888004068095e-06,-1.1273735201613700e-06,-8.3020213954223750e-07,-6.3153517198237167e-07,-3.6453963629023627e-07,-2.6477896390152720e-07,-1.5609021175136901e-07,-2.6553198223341515e-08,ok,1,-5.065947661364589e-12,-4.6200820946751264e-12,-4.651168339364631e-12,-4.692912725090537e-12,-4.737765735285393e-12,-4.797828800917614e-12,-4.84179363269277e-12,-4.8825388176965134e-12,-4.927169783286445e-12,-4.991451696412241e-12,-5.065947661364589e-12
756,-8.2285645599272372e-02,2.0519750999255106e+11,9.9177143544007274e-01,-1.9097628636993798e-06,-1.6252052992600963e-06,-1.3464055149326187e-06,-1.0789960451695897e-06,-8.2865286349806046e-07,-6.0092716978243972e-07,-4.0133490087303405e-07,-2.3548873946887348e-07,-1.0872476363511001e-07,-2.6748422876199876e-08,-1.9915667650615740e-06,-1.6227303738363266e-06,-1.3207304649098242e-06,-1.0874404488654766e-06,-8.5961919280007455e-07,-5.8180597484620376e-07,-3.5258977814903296e-07,-2.9082732497400398e-07,-1.3079397419115957e-07,-5.5093248368163839e-10,ok,1,-1.709077324107966e-12,-1.3511414209688155e-12,-1.3807843757263072e-12,-1.4197532038906502e-12,-1.4617196342214811e-12,-1.5164536293355013e-12,-1.5514256546111937e-12,-1.5802914532514478e-12,-1.610267474916327e-12,-1.656119685833346e-12,-1.709077324107966e-12
757,-4.0548850987254714e-01,1.9851044273073700e+11,9.5945114901274531e-01,-1.9740955635252150e-06,-1.6799523291977629e-06,-1.3917608328533249e-06,-1.1153433477624321e-06,-8.5656704956841606e-07,-6.2117013709840243e-07,-4.1485435828762324e-07,-2.4342146592237929e-07,-1.1238729038940928e-07,-2.7649476243842923e-08,-1.9754626557514412e-06,-1.7994027261244107e-06,-1.3778890070866456e-06,-1.1729622228293276e-06,-8.9352221609498735e-07,-6.3558131013191105e-07,-4.6549348085539755e-07,-3.1293873048007238e-07,-6.9746509874141881e-08,-2.9337186912548322e-08,ok,1,8.86846152070575e-13,7.358558207215538e-13,7.489564524121306e-13,7.551737013500315e-13,7.640554855470327e-13,7.66053886991358e-13,7.911449273478866e-13,8.240075288767912e-13,8.546496843564455e-13,8.675282714420973e-13,8.86846152070575e-13
758,-4.1955456420692439e-01,1.9821941606655875e+11,9.5804454357930757e-01,-1.9769939397655717e-06,-1.6824188429804420e-06,-1.3938042225475883e-06,-1.1169809000260986e-06,-8.5782466527373095e-07,-6.2208214196767358e-07,-4.1546344937585653e-07,-2.4377885844486410e-07,-1.1255229792912530e-07,-2.7690071332784096e-08,-2.0198305313108501e-06,-1.6535578791644857e-06,-1.3399245346551769e-06,-1.1724527153134055e-06,-8.5471867888044484e-07,-6.0113452096058949e-07,-4.0370710191445007e-07,-2.9064615065409005e-07,-1.1899820289757885e-07,-4.0464492051518114e-08,ok,1,-1.3782308627696693e-12,-1.0943468353730168e-12,-1.11655129586552e-12,-1.148414696672262e-12,-1.1793899190593038e-12,-1.2174705688039467e-12,-1.2372325386422744e-12,-1.2563283746658271e-12,-1.2827516826519059e-12,-1.3277157151492247e-12,-1.3782308627696693e-12
759,3.3577722202210586e-01,2.1384723072363736e+11,1.0335777222022104e+00,-1.8325165258488521e-06,-1.5594687829578504e-06,-1.2919459287363431e-06,-1.0353526721474514e-06,-7.9513540419934276e-07,-5.7662078909895742e-07,-3.8510165436214168e-07,-2.2596366016474117e-07,-1.0432705018910095e-07,-2.5666499172628779e-08,-1.7999773742564441e-06,-1.5596882108128697e-06,-1.2470181933125394e-06,-1.0123816089798363e-06,-8.0559766440476291e-07,-5.1560735411423762e-07,-4.1168500499224651e-07,-2.3733399129435919e-07,-7.1652507170366911e-08,-7.6647294373531411e-08,ok,1,6.936673457857978e-13,4.898303984646191e-13,4.989342272665453e-13,5.087041898832467e-13,5.280220705117245e-13,5.428990590417015e-13,5.810907310888069e-13,6.232792060245629e-13,6.572520305780927e-13,6.714628852932947e-13,6.936673457857978e-13
760,-4.2311960378105135e-01,1.9814565539777005e+11,9.5768803962189486e-01,-1.9777298852406154e-06,-1.6830451314632744e-06,-1.3943230728540694e-06,-1.1173967015233502e-06,-8.5814399461981468e-07,-6.2231371502887794e-07,-4.1561810763776782e-07,-2.4386960629431851e-07,-1.1259419606196098e-07,-2.7700379094678274e-08,-1.9507554023013949e-06,-1.6809458343370864e-06,-1.4216316179138282e-06,-1.1404025498801913e-06,-9.4051122649591502e-07,-6.1502525277772930e-07,-4.2544999083470068e-07,-2.5013985518179767e-07,-9.3220310570726495e-08,-7.1033140971499525e-09,ok,1,8.805178808302117e-12,7.329914453180209e-12,7.453371253518526e-12,7.59436957764592e-12,7.755129871611643e-12,7.918776745441392e-12,8.103295812134093e-12,8.286482611197243e-12,8.457234912384592e-12,8.610223645177939e-12,8.805178808302117e-12
761,-1.3013992377143009e+00,1.7997404977169110e+11,8.6986007622856987e-01,-2.1774171598923155e-06,-1.8529786991993405e-06,-1.5351049746087473e-06,-1.2302179233170349e-06,-9.4478900960482905e-07,-6.8514743699393994e-07,-4.5758220386162160e-07,-2.6849261341677149e-07,-1.2396259794566425e-07,-3.0497228780474407e-08,-2.1303723622370043e-06,-1.8235909547363611e-06,-1.5540248888596100e-06,-1.2537261184157628e-06,-8.9033637297037364e-07,-6.7353048711353433e-07,-4.2585586872237603e-07,-3.0440947496898352e-07,-1.2963281140914249e-07,1.0287368465103743e-08,ok,1,7.860379014346108e-13,7.860379014346108e-13,7.633893517322576e-13,7.280842595491777e-13,6.905587213168474e-13,6.414868636284154e-13,6.084022174945858e-13,5.775380174100064e-13,5.426770144367765e-13,4.898303984646191e-13,4.3098857815948577e-13
762,1.9865118442891450e-01,2.1101009300583423e+11,1.0198651184428913e+00,-1.8571556399272765e-06,-1.5804366316527413e-06,-1.3093167969779040e-06,-1.0492735139189914e-06,-8.0582640297350199e-07,-5.8437374805012850e-07,-3.9027954141499633e-07,-2.2900185617642744e-07,-1.0572978028987397e-07,-2.6011598271140903e-08,-1.9063677510963823e-06,-1.5380837166680985e-06,-1.3268060340616195e-06,-1.0338975497371053e-06,-7.9034120051347585e-07,-6.0809916599188616e-07,-3.2857337628771115e-07,-2.7428609163201243e-07,-8.8105267236698483e-08,-5.7751553245357406e-10,ok,1,-1.7394974349826953e-12,-1.3312684288280252e-12,-1.375344282905644e-12,-1.432187701766452e-12,-1.4849232954361469e-12,-1.5388801344329295e-12,-1.5681900222830336e-12,-1.5947243525715749e-12,-1.6266987756807794e-12,-1.6791013024430868e-12,-1.7394974349826953e-12
763,-4.8907200838290421e-02,2.0588811001465576e+11,9.9510927991617093e-01,-1.9033570431961550e-06,-1.6197539557316062e-06,-1.3418893353496984e-06,-1.0753768235790607e-06,-8.2587335531723948e-07,-5.9891151032109053e-07,-3.9998872361430593e-07,-2.3469885155962362e-07,-1.0836007368677013e-07,-2.6658702000929498e-08,-1.8956785224862322e-06,-1.5451648002190495e-06,-1.3040392813713780e-06,-1.0280022515528946e-06,-8.8539191033747244e-07,-5.7754294533466368e-07,-3.6301476449422683e-07,-1.6570336205942495e-07,-1.2622198754603715e-07,-1.6561035717607348e-08,ok,1,-3.2958080709022397e-12,-2.9243274468626623e-12,-2.963185252724543e-12,-3.011924043505587e-12,-3.057110120607831e-12,-3.1079583351356632e-12,-3.135047776936517e-12,-3.1580293935462578e-12,-3.188449504420987e-12,-3.238409540529119e-12,-3.2958080709022397e-12
764,-1.4825538989858764e+00,1.7622595982998221e+11,8.5174461010141234e-01,-2.2237279041383069e-06,-1.8923890722838183e-06,-1.5677545996688329e-06,-1.2563830094856572e-06,-9.6488340538541006e-07,-6.9971960456475161e-07,-4.6731436396625047e-07,-2.7420309140003534e-07,-1.2659911623683523e-07,-3.1145863956264158e-08,-2.1672873252352008e-06,-1.8753660840637931e-06,-1.5746840012375464e-06,-1.2964132791967850e-06,-1.0128334195229226e-06,-7.6106607418170050e-07,-4.5654349718595710e-07,-3.0469557917722367e-07,-1.4962996195790089e-08,1.0719287730807864e-08,ok,1,-1.2184697695261093e-12,-1.0157430452295557e-12,-1.036060126580196e-12,-1.0661471705475378e-12,-1.0931255900459291e-12,-1.1258771692723712e-12,-1.1349809980742975e-12,-1.1400880239875733e-12,-1.1518563880486e-12,-1.183719788855342e-12,-1.2184697695261093e-12
765,1.9891091861744454e+00,2.4805466906194928e+11,1.1989109186174445e+00,-1.5798073295318146e-06,-1.3444136403363114e-06,-1.1137829420834685e-06,-8.9257461912998354e-07,-6.8548398980605443e-07,-4.9710315630414845e-07,-3.3199505030075472e-07,-1.9480263424677373e-07,-8.9940055782489180e-08,-2.2127016561315650e-08,-1.6625092625592877e-06,-1.3720845429911353e-06,-1.1047614326127786e-06,-8.7302330422379890e-07,-7.2587083810610983e-07,-4.7234083204834632e-07,-3.2194010400028099e-07,-1.4822206235324382e-07,-1.2346541530695087e-07,-1.0450111679670032e-08,ok,1,2.1933566074494593e-12,1.965538842796377e-12,1.9888535263135054e-12,2.008171406941983e-12,2.0319301796689615e-12,2.0481394358284888e-12,2.084776795641119e-12,2.1236346015029994e-12,2.155831069217129e-12,2.170486013142181e-12,2.1933566074494593e-12
766,-8.2469475185281382e-01,1.8983706558416528e+11,9.1753052481471864e-01,-2.0642890949692724e-06,-1.7567068876028322e-06,-1.4553483444001321e-06,-1.1663017497595434e-06,-8.9570234197579919e-07,-6.4955048976581643e-07,-4.3380844556682202e-07,-2.5454303574210849e-07,-1.1752210088024833e-07,-2.8912740267655899e-08,-2.0736787367468235e-06,-1.7450946308497202e-06,-1.4133876800518571e-06,-1.1503611288783207e-06,-8.5720988510535840e-07,-6.2024531897412375e-07,-4.7057191468891246e-07,-2.9078389020698678e-07,-1.3057166055107074e-07,3.0504671071194468e-08,ok,1,-4.455769087030603e-12,-3.896327704921987e-12,-3.9498404547089194e-12,-4.0172309923036664e-12,-4.084954596805801e-12,-4.157563182616286e-12,-4.208411397144118e-12,-4.2552628087833e-12,-4.3055559117988196e-12,-4.374389739325579e-12,-4.455769087030603e-12
767,1.9399575998490570e+00,2.4703772274087698e+11,1.1939957599849056e+00,-1.5863107057561689e-06,-1.3499480036355040e-06,-1.1183678996092448e-06,-8.9624895868281001e-07,-6.8830582775958135e-07,-4.9914951270949210e-07,-3.3336172880424077e-07,-1.9560455154165589e-07,-9.0310299678391935e-08,-2.2218103816546181e-08,-1.6112193354992144e-06,-1.3560569392014187e-06,-1.1208872756096958e-06,-8.2457080552318259e-07,-6.9653713512619674e-07,-4.7621203339150494e-07,-3.3062403452291373e-07,-1.4896039806190934e-07,-1.5305399746109427e-07,-3.4524770217551465e-08,ok,1,4.8407944319706075e-12,4.061195824078823e-12,4.129141473185882e-12,4.203748460440693e-12,4.291234034781155e-12,4.376277118467442e-12,4.480193993572357e-12,4.583000645652646e-12,4.675593245906384e-12,4.747313653297169e-12,4.8407944319706075e-12
768,-5.2928726905846608e-02,2.0580490464031802e+11,9.9470712730941524e-01,-1.9041265561280209e-06,-1.6204088100690495e-06,-1.3424318511117798e-06,-1.0758115903378667e-06,-8.2620724970107388e-07,-5.9915364573862967e-07,-4.0015043604584448e-07,-2.3479373853949948e-07,-1.0840388284929407e-07,-2.6669479913577817e-08,-1.9489416071820307e-06,-1.6176626266941413e-06,-1.3503760682213973e-06,-1.1088420046735047e-06,-8.1936586409289303e-07,-6.5508289994653877e-07,-4.5756116405343970e-07,-2.1463956828867864e-07,-1.6872295564206600e-07,3.7176330190590176e-08,ok,1,-2.3003821070233244e-12,-2.1981305664553474e-12,-2.2162272017567375e-12,-2.2393198406689407e-12,-2.2586377212974185e-12,-2.283284672444097e-12,-2.2816193379071592e-12,-2.2747359551544832e-12,-2.2717383529879953e-12,-2.2866153415179724e-12,-2.3003821070233244e-12
769,9.8682542745542767e-01,2.2731741809405280e+11,1.0986825427455427e+00,-1.7239267786588799e-06,-1.4670590728660731e-06,-1.2153888664639097e-06,-9.7400060064621411e-07,-7.4801792869174470e-07,-5.4245187174969415e-07,-3.6228161934478644e-07,-2.1257369266082827e-07,-9.8144924218962846e-08,-2.4145575013361005e-08,-1.7107287977771173e-06,-1.4787183276468839e-06,-1.1959360082338518e-06,-1.0037264877798445e-06,-7.6057821516718052e-07,-6.2347441242274099e-07,-3.5064909497056887e-07,-2.1553563286184519e-07,-1.0912287872482295e-07,-1.0960670162701740e-08,ok,1,1.2323475573339238e-13,1.2323475573339238e-13,1.1879386363489175e-13,1.0613732115416497e-13,9.192646643896296e-14,6.772360450213455e-14,6.350475700855895e-14,6.394884621840902e-14,6.106226635438361e-14,4.1300296516055823e-14,2.042810365310288e-14
770,-1.3196044518245500e+00,1.7959738389175006e+11,8.6803955481754502e-01,-2.1819838118813169e-06,-1.8568649131129206e-06,-1.5383245185321994e-06,-1.2327980339317382e-06,-9.4677049606038381e-07,-6.8658438254762132e-07,-4.5854188155697231e-07,-2.6905571742365462e-07,-1.2422258213934984e-07,-3.0561189987854136e-08,-2.1338956580712932e-06,-1.8631147795889485e-06,-1.5944799408502004e-06,-1.2801419208222594e-06,-9.5693773191975164e-07,-6.4521299967653487e-07,-4.8108306085841453e-07,-2.7518117092010819e-07,-1.1661574132819279e-07,-3.3144929054784957e-09,ok,1,7.218670106112768e-13,3.7547742692822794e-13,3.9390712913700554e-13,4.1588954502458364e-13,4.4941828036826337e-13,4.836131495267182e-13,5.38680211548126e-13,5.939693181744587e-13,6.437073096776658e-13,6.761258219967203e-13,7.218670106112768e-13
771,2.3924750728504605e+00,2.5640030925727603e+11,1.2392475072850460e+00,-1.5283857708345637e-06,-1.3006539719085272e-06,-1.0775301320970811e-06,-8.6352197624649078e-07,-6.6317199355228465e-07,-4.8092281668110226e-07,-3.2118885726229663e-07,-1.8846195275718914e-07,-8.7012573569126797e-08,-2.1406798557728152e-08,-1.6209031567497923e-06,-1.3427799514417352e-06,-1.0231355294709342e-06,-8.3986847051144312e-07,-5.9862444114556093e-07,-4.8661634549824662e-07,-3.6111122189520987e-07,-2.1220994725051382e-07,-1.7650792993992985e-07,-1.0450242350077491e-07,ok,1,-4.313882584483508e-12,-3.785749491669321e-12,-3.838818152246404e-12,-3.905653578328838e-12,-3.9711567367817224e-12,-4.041100787333107e-12,-4.087619132064901e-12,-4.129696584698195e-12,-4.175992884825064e-12,-4.23983070874101e-12,-4.313882584483508e-12
772,1.3213597878699805e+00,2.3423893401102991e+11,1.1321359787869980e+00,-1.6729865424069614e-06,-1.4237090091090527e-06,-1.1794753945218242e-06,-9.4521989991079965e-07,-7.2591477995025931e-07,-5.2642298534674628e-07,-3.5157657577360630e-07,-2.0629236200393507e-07,-9.5244844187430676e-08,-2.3432098483593218e-08,-1.6561354740521159e-06,-1.4566886457819202e-06,-1.1581797750225973e-06,-1.0008109910805104e-06,-7.4383202549813182e-07,-5.1598342372534102e-07,-2.9507652693624168e-07,-2.4826823934718579e-07,-4.3493180533293448e-08,-4.8449474587785555e-08,ok,1,9.108269694024784e-13,8.151257446797899e-13,8.191225475684405e-13,8.211209490127658e-13,8.331113576787175e-13,8.404388296412435e-13,8.673062268371723e-13,8.93507490218326e-13,9.108269694024784e-13,9.061640326990528e-13,9.034994974399524e-13
773,-1.0729532138920461e+00,1.8470059800457358e+11,8.9270467861079550e-01,-2.1216963482555963e-06,-1.8055603730435587e-06,-1.4958211402069684e-06,-1.1987362474857134e-06,-9.2061155228964906e-07,-6.6761429176879573e-07,-4.4587252679131571e-07,-2.6162180032058773e-07,-1.2079035484160550e-07,-2.9716794800426837e-08,-2.1325541639715624e-06,-1.8308020430096562e-06,-1.4764532333485134e-06,-1.2043977398137018e-06,-8.6932533644789057e-07,-7.5458771458397284e-07,-3.4623013037912972e-07,-2.8579736167929675e-07,-1.8252681107176927e-07,-2.1544876991664106e-08,ok,1,-2.7959856652159942e-12,-2.442601676477807e-12,-2.473021787352536e-12,-2.511768570911954e-12,-2.5465185515827216e-12,-2.5889290711234025e-12,-2.6151303345045562e-12,-2.6442181777497353e-12,-2.6806334929574405e-12,-2.7344793096517606e-12,-2.7959856652159942e-12
774,-6.7345617517270903e-02,2.0550661917356766e+11,9.9326543824827285e-01,-1.9068903273482373e-06,-1.6227607751839468e-06,-1.3443803426673665e-06,-1.0773730921731283e-06,-8.2740645981214931e-07,-6.0002329570881759e-07,-4.0073124001367330e-07,-2.3513453320741218e-07,-1.0856122718686659e-07,-2.6708189704594524e-08,-1.9399583166354166e-06,-1.5971634615295949e-06,-1.3772439888187186e-06,-1.0613169502468826e-06,-8.1030825841199777e-07,-5.8784547817611215e-07,-3.9105011440930764e-07,-1.9961744879115791e-07,-9.2419305317679915e-08,-4.8010694059722117e-08,ok,1,7.507328092515309e-13,5.819789095085071e-13,5.992983886926595e-13,6.106226635438361e-13,6.254996520738132e-13,6.352696146905146e-13,6.652456363553938e-13,6.976641486744484e-13,7.249756350802272e-13,7.336353746723034e-13,7.507328092515309e-13
775,-6.2576994847006229e-01,1.9395281976615442e+11,9.3742300515299382e-01,-2.0204840784389329e-06,-1.7194288850023212e-06,-1.4244652871581252e-06,-1.1415523735446112e-06,-8.7669519031648500e-07,-6.3576677603547743e-07,-4.2460286182588003e-07,-2.4914153363870739e-07,-1.1502823624454410e-07,-2.8299200687143665e-08,-2.0563195286271938e-06,-1.7793000811735205e-06,-1.4781568903084710e-06,-1.1811784410514499e-06,-9.2583262102970942e-07,-6.0969092296342646e-07,-3.7144159290293792e-07,-2.4881208961895220e-07,-1.2363867020157678e-07,-5.8023791798474521e-08,ok,1,-6.117439887987075e-12,-5.19262410847432e-12,-5.2653437165872674e-12,-5.360045740587793e-12,-5.4642956826000955e-12,-5.58408874695715e-12,-5.6841198414758765e-12,-5.777045508637002e-12,-5.87141446573014e-12,-5.983546991217281e-12,-6.117439887987075e-12
776,4.8508933003972354e-02,2.0790364982385217e+11,1.0048508933003972e+00,-1.8849047847025818e-06,-1.6040511117520139e-06,-1.3288802738215544e-06,-1.0649514905093821e-06,-8.1786685507132809e-07,-5.9310531119415327e-07,-3.9611099854510274e-07,-2.3242354336550377e-07,-1.0730956763642698e-07,-2.6400256922470010e-08,-1.8887447794316619e-06,-1.6295665357461139e-06,-1.3672258549141806e-06,-1.1057268759135551e-06,-7.7676726517796635e-07,-6.0653653660124200e-07,-3.6863578575276660e-07,-3.0170879893719362e-07,-1.5834549186335428e-07,-8.0660903354792570e-09,ok,1,6.476597036453313e-12,5.67323965583455e-12,5.758726828730687e-12,5.85331783042875e-12,5.95479221487949e-12,6.042721878429802e-12,6.140865593806666e-12,6.234568417085029e-12,6.320055589981166e-12,6.387779194483301e-12,6.476597036453313e-12
777,-5.0707715100278394e-01,1.9640857374575241e+11,9.4929228489972162e-01,-1.9952213736662536e-06,-1.6979303615728973e-06,-1.4066547800663780e-06,-1.1272792095526975e-06,-8.6573361333399514e-07,-6.2781759764906889e-07,-4.1929392776512671e-07,-2.4602644400370535e-07,-1.1359000448438761e-07,-2.7945367484588917e-08,-1.9859408037469325e-06,-1.6601496361318401e-06,-1.4619143692657240e-06,-1.1038181745512533e-06,-8.6683805300155015e-07,-5.8476662026703289e-07,-4.9919461559718763e-07,-2.0089325599291642e-07,-1.3875914837137727e-07,-5.5087277564884183e-08,ok,1,2.851052727237402e-12,2.4087398742267396e-12,2.433164780768493e-12,2.454925152051146e-12,2.488009798184976e-12,2.525979425627156e-12,2.589928271845565e-12,2.65987232239695e-12,2.7267077484793845e-12,2.779332319846617e-12,2.851052727237402e-12
778,-3.7095192026051071e-01,1.9922500476981003e+11,9.6290480797394895e-01,-1.9670150579787015e-06,-1.6739268297211323e-06,-1.3867689922967489e-06,-1.1113429361784412e-06,-8.5349479316016030e-07,-6.1894218082190871e-07,-4.1336639659052697e-07,-2.4254838405567074e-07,-1.1198418992776202e-07,-2.7550305629446303e-08,-1.9103279944376067e-06,-1.6361520521017607e-06,-1.3667837651417445e-06,-1.1875378035304153e-06,-8.4189347234751239e-07,-5.8639762800743979e-07,-4.5663307610566960e-07,-2.5057776011156794e-07,-1.3496673877078365e-07,-7.6215059081300764e-08,ok,1,5.335731856348502e-13,5.335731856348502e-13,5.235811784132238e-13,5.080380560684716e-13,5.013767179207207e-13,4.927169783286445e-13,5.067057884389214e-13,5.209166431541234e-13,5.275779813018744e-13,5.162537064506978e-13,5.060396546241464e-13
779,-5.3786253387130889e-01,1.9577162417420261e+11,9.4621374661286906e-01,-2.0017128935821995e-06,-1.7034546351714608e-06,-1.4112313787535288e-06,-1.1309468504148841e-06,-8.6855030679292721e-07,-6.2986022334062987e-07,-4.2065811467601932e-07,-2.4682689932253370e-07,-1.1395957338833304e-07,-2.8036288678562382e-08,-2.0349494637740430e-06,-1.7552650791299101e-06,-1.4555498604337981e-06,-1.1449270480935229e-06,-8.7440029170105184e-07,-7.2473417802658140e-07,-4.0523456978478925e-07,-2.6417348351963946e-07,-1.1968964127581066e-07,2.9969925487624264e-08,ok,1,-2.6272317654729704e-12,-2.184030734042608e-12,-2.220001960040463e-12,-2.2677415500993447e-12,-2.316036251670539e-12,-2.374989094278135e-12,-2.415068145467103e-12,-2.449929148440333e-12,-2.491895578771164e-12,-2.55440113505756e-12,-2.6272317654729704e-12
780,-6.1314610575451345e-01,1.9421400707193912e+11,9.3868538942454871e-01,-2.0177668450167652e-06,-1.7171165234830603e-06,-1.4225496053034193e-06,-1.1400171650787836e-06,-8.7551617312089959e-07,-6.3491176967799235e-07,-4.2403183773349629e-07,-2.4880647744642432e-07,-1.1487354135173824e-07,-2.8261142711471653e-08,-2.0456249601176777e-06,-1.7556304820354809e-06,-1.4362105820341930e-06,-1.1632228207713572e-06,-8.4951687383451866e-07,-6.3661789809946125e-07,-3.6796155907338012e-07,-1.9762681969013969e-07,-1.7441124699440477e-07,5.0418596683644672e-09,ok,1,-1.1932677068671182e-12,-7.031042414951116e-13,-7.44737604918555e-13,-8.022471575941381e-13,-8.61422044806659e-13,-9.273692924693933e-13,-9.724443472691746e-13,-1.0130785099704553e-12,-1.0578204978628492e-12,-1.1205480987541705e-12,-1.1932677068671182e-12
781,-7.8022679337099976e-01,1.9075710764515402e+11,9.2197732066290006e-01,-2.0543328064880627e-06,-1.7482341012123060e-06,-1.4483290426981964e-06,-1.1606765508931804e-06,-8.9138227317736311e-07,-6.4641763784352919e-07,-4.3171614074369178e-07,-2.5331534728462880e-07,-1.1695527913896856e-07,-2.8773291009507848e-08,-2.0830136876816692e-06,-1.8110979953470700e-06,-1.4375626749357589e-06,-1.1356546129095415e-06,-8.6795411946532485e-07,-6.0419804117063930e-07,-4.1759528707827864e-07,-2.5344394355730970e-07,-1.7497654809703664e-07,2.1960157949882808e-08,ok,1,-4.98390217984479e-12,-4.264366637585226e-12,-4.336087044976011e-12,-4.420908084057373e-12,-4.5033976547870225e-12,-4.5921044744545725e-12,-4.660050123561632e-12,-4.725442259712054e-12,-4.795275287960976e-12,-4.882205750789126e-12,-4.98390217984479e-12
782,7.7760466276653872e-01,2.2298864047263968e+11,1.0777604662766538e+00,-1.7573925894922172e-06,-1.4955384271064120e-06,-1.2389826608161297e-06,-9.9290843377243967e-07,-7.6253886241780265e-07,-5.5298224458852178e-07,-3.6931442856350665e-07,-2.1670028961075217e-07,-1.0005016724251249e-07,-2.4614302140207936e-08,-1.8051969624644039e-06,-1.4325663330990686e-06,-1.2006724950597519e-06,-1.0117449786355761e-06,-7.7664127798329792e-07,-5.3929849223570492e-07,-4.0279135622154064e-07,-2.9373036488328984e-07,-7.1566352804610798e-08,4.3007471135154533e-10,ok,1,-1.0264011862659572e-12,-8.283373986728293e-13,-8.463230116717568e-13,-8.748557434046234e-13,-9.001688283660769e-13,-9.299228054260311e-13,-9.385825450181073e-13,-9.456879723757083e-13,-9.584555371588976e-13,-9.904299602681021e-13,-1.0264011862659572e-12
783,-1.1311709031068891e+00,1.8349607401471848e+11,8.8688290968931116e-01,-2.1356238078199940e-06,-1.8174126200002613e-06,-1.5056401647167470e-06,-1.2066051164824449e-06,-9.2665472627145441e-07,-6.7199671485252926e-07,-4.4879936954754453e-07,-2.6333916531872406e-07,-1.2158325943619126e-07,-2.9911864871746622e-08,-2.0824442138160217e-06,-1.8167064686032944e-06,-1.5060066549189620e-06,-1.2316540134836346e-06,-8.9422932716704774e-07,-6.5977901575085407e-07,-4.8218176118717261e-07,-2.4936410919994311e-07,-1.3032892077969957e-07,-1.3239211346259450e-08,ok,1,-1.659783421814609e-12,-1.4120926650207366e-12,-1.4381829060994278e-12,-1.4730439090726577e-12,-1.503464019947387e-12,-1.5388801344329295e-12,-1.553202011450594e-12,-1.5640821970919205e-12,-1.5821788323933106e-12,-1.6187051699034782e-12,-1.659783421814609e-12
784,6.4040035608894652e-01,2.2014988336748032e+11,1.0640400356088948e+00,-1.7800535631174457e-06,-1.5148228812772464e-06,-1.2549589165297589e-06,-1.0057116468761220e-06,-7.7237153905072859e-07,-5.6011276063534487e-07,-3.7407661122844745e-07,-2.1949456539003094e-07,-1.0134027977323859e-07,-2.4931695109169507e-08,-1.7434904617460773e-06,-1.5196538682711983e-06,-1.1675655977990975e-06,-9.8970423943179670e-07,-7.5979401347035115e-07,-5.7572081017471214e-07,-2.8653256950882170e-07,-2.6560728233711773e-07,-5.9523898472032838e-08,-2.8880977490782813e-08,ok,1,7.422951142643797e-13,7.338574192772285e-13,7.356337761166287e-13,7.30304705598428e-13,7.283063041541027e-13,7.176481631177012e-13,7.274181257344026e-13,7.402967128200544e-13,7.422951142643797e-13,7.225331444260519e-13,7.034373084024992e-13
785,1.9544591892450491e+00,2.4733776062548007e+11,1.1954459189245050e+00,-1.5843864006745936e-06,-1.3483104229307950e-06,-1.1170112416576974e-06,-8.9516174643637577e-07,-6.8747086497601982e-07,-4.9854400967613563e-07,-3.3295733786951179e-07,-1.9536726963252458e-07,-9.0200747011264079e-08,-2.2191151713180872e-08,-1.6064328723278867e-06,-1.2985855486900166e-06,-1.1525817849515578e-06,-8.9685562170200036e-07,-6.8291731708307158e-07,-4.5789456908000722e-07,-2.9828983305603979e-07,-1.7357323592205449e-07,-1.0852310971424630e-07,1.9100034106187064e-08,ok,1,1.1042278202921807e-12,1.1042278202921807e-12,1.0969003483296547e-12,1.077804512306102e-12,1.0542677841840487e-12,1.0196288258157438e-12,1.006750238730092e-12,1.000088900582341e-12,9.883205365213144e-13,9.565681580170349e-13,9.212630658339549e-13
786,5.3077399023036542e-01,2.1788171385786627e+11,1.0530773990230367e+00,-1.7985840912065763e-06,-1.5305923325641597e-06,-1.2680231590534093e-06,-1.0161812014492989e-06,-7.8041200075166359e-07,-5.6594358812239149e-07,-3.7797078458122985e-07,-2.2177952483943002e-07,-1.0239524179228512e-07,-2.5191236443272967e-08,-1.8170882423452365e-06,-1.5339404085289616e-06,-1.3117927979976967e-06,-1.0102989078412912e-06,-7.5788135500900989e-07,-5.1528488462206510e-07,-3.1534815486724998e-07,-1.7854338124410652e-07,-1.0908304355335708e-07,-4.8149136576931988e-08,ok,1,4.676481424326084e-12,4.327427305383935e-12,4.370059869529541e-12,4.410249943020972e-12,4.4502179719074775e-12,4.479749904362507e-12,4.526379271396763e-12,4.57434090606057e-12,4.615197113366776e-12,4.639844064513454e-12,4.676481424326084e-12
787,-4.9093054395187896e-01,1.9674264704563562e+11,9.5090694560481204e-01,-1.9918334443217454e-06,-1.6950472388413700e-06,-1.4042662496156783e-06,-1.1253650649049799e-06,-8.6426357880458891e-07,-6.2675154969562113e-07,-4.1858195754436657e-07,-2.4560868574379613e-07,-1.1339712618299328e-07,-2.7897915642000343e-08,-1.9690765888678417e-06,-1.7104381369011099e-06,-1.4862818902781879e-06,-1.0713423951749093e-06,-8.7591402908583050e-07,-6.1924521974820925e-07,-4.4286749928006020e-07,-2.3853653417120753e-07,-7.8155828098326470e-08,-2.1299677638438645e-08,ok,1,5.3936854982339355e-12,5.1034731995969196e-12,5.1452175853228255e-12,5.182076989740381e-12,5.219824572577636e-12,5.24558174674894e-12,5.28621590945022e-12,5.324851670707176e-12,5.3577142722360804e-12,5.3728133053709826e-12,5.3936854982339355e-12
788,-3.2976976431594657e-01,2.0007706357630307e+11,9.6702302356840542e-01,-1.9586382231897977e-06,-1.6667981560260238e-06,-1.3808632242181332e-06,-1.1066101121294668e-06,-8.4986005490665353e-07,-6.1630632077981801e-07,-4.1160601250084476e-07,-2.4151545462598168e-07,-1.1150728810922349e-07,-2.7432978434733087e-08,-1.9494585571501731e-06,-1.6461259494136956e-06,-1.2806939671461124e-06,-1.0599252374663509e-06,-8.3788291572333990e-07,-6.4026777504790896e-07,-3.7015039538016513e-07,-2.7690564546324204e-07,-1.1482472418310667e-07,-7.0906348824762391e-08,ok,1,-1.092104184863274e-11,-9.603540185310067e-12,-9.737988193592173e-12,-9.895195773879095e-12,-1.005562300093743e-11,-1.0222600543841054e-11,-1.0362821711851211e-11,-1.0490386337380642e-11,-1.0615286427650972e-11,-1.0754508394938966e-11,-1.092104184863274e-11
789,1.1476437107146117e-01,2.0927447483746854e+11,1.0114764371071461e+00,-1.8725579629976060e-06,-1.5935439852151954e-06,-1.3201756177870656e-06,-1.0579756653721897e-06,-8.1250952544889230e-07,-5.8922025260152192e-07,-3.9351632537407458e-07,-2.3090108341234209e-07,-1.0660665038048339e-07,-2.6227325500220199e-08,-1.8457560528345545e-06,-1.6213024167263139e-06,-1.3176920195451483e-06,-1.0393183722388865e-06,-7.3690746192689476e-07,-5.8059076710834331e-07,-3.3714468483953905e-07,-2.4865413541767625e-07,-1.2495583480135135e-07,9.4459010077918186e-09,ok,1,3.014033467252375e-12,2.9549696023423166e-12,2.9558577807620168e-12,2.9483082641945657e-12,2.9480862195896407e-12,2.94364532749114e-12,2.9611868512802175e-12,2.984945624007196e-12,3.0044855492405986e-12,3.007150084499699e-12,3.014033467252375e-12
790,4.2810952467801350e-01,2.1575758606558810e+11,1.0428109524678013e+00,-1.8162911045361765e-06,-1.5456609740401371e-06,-1.2805068138845589e-06,-1.0261854787956416e-06,-7.8809513648452239e-07,-5.7151528794311277e-07,-3.8169189706820418e-07,-2.2396293846000402e-07,-1.0340332026919857e-07,-2.5439243507084905e-08,-1.8738329069029936e-06,-1.5692709047612493e-06,-1.2518118475103777e-06,-1.0021270438551508e-06,-7.8553427661120295e-07,-5.6559837662022534e-07,-4.1272352827912588e-07,-2.1386878244101657e-07,-1.2127484085906151e-07,-2.3443447756492934e-09,ok,1,-1.9386714456004484e-12,-1.9386714456004484e-12,-1.935340776526573e-12,-1.9343415758044102e-12,-1.925015702397559e-12,-1.919686631879358e-12,-1.892708212380967e-12,-1.8623991238087e-12,-1.839750574106347e-12,-1.837863194964484e-12,-1.833089235958596e-12
791,8.2679012544034891e-01,2.2400628769536081e+11,1.0826790125440349e+00,-1.7494088596341528e-06,-1.4887442851112077e-06,-1.2333540363859087e-06,-9.8839770989870872e-07,-7.5907469378517779e-07,-5.5047007918881841e-07,-3.6763665511214459e-07,-2.1571583310244744e-07,-9.9595645292055289e-08,-2.4502480831696368e-08,-1.6880707170451273e-06,-1.5556549756943904e-06,-1.2554091984852694e-06,-1.0076110022295106e-06,-7.2359869988287693e-07,-5.9010103123430975e-07,-3.5127190490594750e-07,-2.3930283904764910e-07,-4.9879223392482571e-08,5.8613475301419903e-09,ok,1,3.4505731605349865e-13,3.4505731605349865e-13,3.432809592140984e-13,3.3373304120232206e-13,3.2662761384472105e-13,3.133049375492192e-13,3.212985433265203e-13,3.299582829185965e-13,3.3217872896784684e-13,3.1663560662309465e-13,3.015365734881925e-13
792,-6.4958401806549226e-01,1.9346010666622498e+11,9.3504159819345078e-01,-2.0256299402617327e-06,-1.7238080056057226e-06,-1.4280931808980467e-06,-1.1444597316581043e-06,-8.7892799796846389e-07,-6.3738597611570754e-07,-4.2568425993269172e-07,-2.4977605876099070e-07,-1.1532119544972997e-07,-2.8371274393669985e-08,-2.1057893055986798e-06,-1.7066635437747915e-06,-1.4025073981062572e-06,-1.0923629698196595e-06,-8.6868522994118112e-07,-6.7678841627049800e-07,-4.2032021890019294e-07,-2.9271346229421355e-07,-1.4758469090518718e-07,-7.5838211096986740e-09,ok,1,4.144240506320784e-12,3.694600181347596e-12,3.732125719579926e-12,3.766098544133456e-12,3.8051783946002615e-12,3.842925977437517e-12,3.907096868260851e-12,3.977262963417161e-12,4.041877943450345e-12,4.085620730620576e-12,4.144240506320784e-12
793,1.1852256235211334e+00,2.3142231815065225e+11,1.1185225623521133e+00,-1.6933482796270757e-06,-1.4410368165877866e-06,-1.1938306612451365e-06,-9.5672406849151008e-07,-7.3474980977194526e-07,-5.3283002223704128e-07,-3.5585557603279558e-07,-2.0880312390136880e-07,-9.6404058825285462e-08,-2.3717288005289051e-08,-1.6603192577180979e-06,-1.4535925938600343e-06,-1.1976388902416560e-06,-9.4059696714346118e-07,-7.2459934622677092e-07,-5.0825797801671926e-07,-3.7038133698070072e-07,-1.8750722169982727e-07,-1.2142543210947276e-07,-1.2189015325250010e-08,ok,1,-4.981570711493077e-13,-4.3154368967179835e-13,-4.4708681201655054e-13,-4.654054919228656e-13,-4.739542092124793e-13,-4.871658632055187e-13,-4.803935027553052e-13,-4.709566070459914e-13,-4.676259379721159e-13,-4.830580380144056e-13,-4.981570711493077e-13
794,1.1574858289920067e+00,2.3084838180184460e+11,1.1157485828992006e+00,-1.6975582902100398e-06,-1.4446195292059992e-06,-1.1967987687389574e-06,-9.5910268044166292e-07,-7.3657654825957062e-07,-5.3415474678418592e-07,-3.5674030586623439e-07,-2.0932225122570742e-07,-9.6643739056978802e-08,-2.3776254040057130e-08,-1.7299444852350640e-06,-1.4422969271120118e-06,-1.2211842643780454e-06,-8.6511276598179824e-07,-6.7217673796930353e-07,-4.6092867543652817e-07,-4.0717185957475112e-07,-1.7725634550656042e-07,-1.0153140401242811e-07,-1.2498869813130556e-08,ok,1,4.2583714332522504e-12,3.5926817076870066e-12,3.647970814313339e-12,3.707256723828323e-12,3.775646462145232e-12,3.8404834867833415e-12,3.929079284148429e-12,4.022782107426792e-12,4.108269280322929e-12,4.172884260356113e-12,4.2583714332522504e-12
795,-1.4111914298430732e+00,1.7770244931654681e+11,8.5888085701569272e-01,-2.2052514515919439e-06,-1.8766656392018257e-06,-1.5547284810456197e-06,-1.2459440070287761e-06,-9.5686640725397045e-07,-6.9390579252174189e-07,-4.6343155453890797e-07,-2.7192479988924384e-07,-1.2554723279407907e-07,-3.0887080012269937e-08,-2.1853011265230057e-06,-1.8545939607100424e-06,-1.5574618761797068e-06,-1.2160834583682275e-06,-9.4283997634870839e-07,-6.9198910502798330e-07,-4.6746266100756257e-07,-2.5941469264381264e-07,-1.3708988053564533e-07,-5.9258108865449768e-08,ok,1,-3.071987109137808e-12,-2.876254789896393e-12,-2.8894664438894324e-12,-2.906785923073585e-12,-2.9233282461404997e-12,-2.9536373347127665e-12,-2.9666269441008808e-12,-2.977840196649595e-12,-2.99527069813621e-12,-3.0320190802513025e-12,-3.071987109137808e-12
796,9.9153765925824477e-01,2.2741491417005310e+11,1.0991537659258246e+00,-1.7231877062165037e-06,-1.4664301233390132e-06,-1.2148678116087156e-06,-9.7358303244567163e-07,-7.4769724254407235e-07,-5.4221931475557493e-07,-3.6212630395404890e-07,-2.1248255923210140e-07,-9.8102848064834065e-08,-2.4135223454746438e-08,-1.6779066174269082e-06,-1.4778248377233111e-06,-1.1872463788199947e-06,-9.2683725249995981e-07,-7.5039158297725527e-07,-4.7828872585614619e-07,-3.6267296380669269e-07,-2.5784640509044250e-07,-9.9278938879678257e-08,-2.2855752094376282e-08,ok,1,5.895284260759581e-13,5.895284260759581e-13,5.730971253115058e-13,5.506706202140776e-13,5.366818101038007e-13,5.200284647344233e-13,5.284661597215745e-13,5.411227022023013e-13,5.451195050909519e-13,5.295763827461997e-13,5.151434834260726e-13
797,-1.0404170784508368e-01,2.0474737706468521e+11,9.8959582921549161e-01,-1.9139614383600363e-06,-1.6287782799256682e-06,-1.3493655599651160e-06,-1.0813681959430194e-06,-8.3047463989832560e-07,-6.0224829589498295e-07,-4.0221722745782868e-07,-2.3600645665420464e-07,-1.0896379280793729e-07,-2.6807228737724228e-08,-1.9260871521914020e-06,-1.5645699547236068e-06,-1.3438128342001085e-06,-1.0355649534063038e-06,-8.5228860355000891e-07,-5.4565606443733009e-07,-4.1995794299353487e-07,-2.8870365300716076e-07,-1.4738565305584436e-07,-1.7651827151769996e-08,ok,1,-2.0583534876550402e-12,-1.8277601654403952e-12,-1.861510945389e-12,-1.9053647548616937e-12,-1.9412249585570862e-12,-1.9761969838327786e-12,-1.98463467881993e-12,-1.9879653478938053e-12,-1.9970691766957316e-12,-2.0264900868482982e-12,-2.0583534876550402e-12
798,-1.5791260201672608e+00,1.7422788264273938e+11,8.4208739798327392e-01,-2.2492300219902077e-06,-1.9140913358805437e-06,-1.5857338958269466e-06,-1.2707914393638520e-06,-9.7594886455045120e-07,-7.0774411681987491e-07,-4.7267361046466748e-07,-2.7734770254565996e-07,-1.2805097802990022e-07,-3.1503050414070313e-08,-2.2939157913849277e-06,-1.9703318409141509e-06,-1.5217594423960716e-06,-1.2333100563418777e-06,-9.8532920039705427e-07,-6.7845530067399460e-07,-4.4599572845773016e-07,-2.6168378826709614e-07,-1.6846687335836732e-07,-6.3624385301016406e-08,ok,1,-4.447553436648377e-13,-1.2723155862204294e-13,-1.5409895581797173e-13,-1.9173551635276453e-13,-2.2815083156046967e-13,-2.728928194528635e-13,-2.9609648066752925e-13,-3.161915174132446e-13,-3.433919815165609e-13,-3.9124259387790516e-13,-4.447553436648377e-13
799,1.1129465694662077e+00,2.2992686452225583e+11,1.1112946569466207e+00,-1.7043618853363964e-06,-1.4504093783350486e-06,-1.2015953841581250e-06,-9.6294664053386149e-07,-7.3952865225636705e-07,-5.3629557025537204e-07,-3.5817007509414082e-07,-2.1016118786557708e-07,-9.7031074723548984e-08,-2.3871546205868067e-08,-1.6939704731239488e-06,-1.4803539883768566e-06,-1.2538720672244711e-06,-9.4445771708793118e-07,-7.6017353550979596e-07,-5.6579780181636317e-07,-3.7119562229874877e-07,-1.9977599511985594e-07,-9.5454919456168456e-08,-1.0080128268767187e-07,ok,1,-3.641864587677901e-12,-3.1840086123224864e-12,-3.235411938362631e-12,-3.297362383136715e-12,-3.3560931811393857e-12,-3.417044425191307e-12,-3.455236097238412e-12,-3.488986877187017e-12,-3.524958103184872e-12,-3.5794700536939672e-12,-3.641864587677901e-12
800,5.4277688392100665e-01,2.1813005372832562e+11,1.0542776883921006e+00,-1.7965364130722872e-06,-1.5288497615787923e-06,-1.2665795216335197e-06,-1.0150242847183894e-06,-7.7952350596408860e-07,-5.6529926444765669e-07,-3.7754046691355831e-07,-2.2152703006532723e-07,-1.0227866537042894e-07,-2.5162556358578966e-08,-1.7746270727654754e-06,-1.5507093366850932e-06,-1.2393710396301430e-06,-1.0214475159118252e-06,-7.8458959721548024e-07,-5.2860045638414635e-07,-4.0496665450356764e-07,-2.4160047203798409e-07,-9.1878151360482560e-08,-3.8542166373920274e-08,ok,1,1.1879386363489175e-12,1.1879386363489175e-12,1.1657341758564144e-12,1.1310952174881095e-12,1.1017853296380054e-12,1.071587263368201e-12,1.0655920590352252e-12,1.0635936575909e-12,1.0556000518135988e-12,1.0271783423831948e-12,9.956480084838404e-13
801,-1.1995155419626918e-01,2.0441820234367920e+11,9.8800484458037308e-01,-1.9170434913041788e-06,-1.6314011023046440e-06,-1.3515384439185216e-06,-1.0831095236235138e-06,-8.3181195357539210e-07,-6.0321809659012425e-07,-4.0286491803567512e-07,-2.3638649795489096e-07,-1.0913925725129373e-07,-2.6850396429918394e-08,-1.9272316496595010e-06,-1.6484658008162511e-06,-1.3692769186320285e-06,-1.0569833059840902e-06,-7.6687535199360117e-07,-6.4422917472557018e-07,-4.2369404839738643e-07,-2.7085846444951214e-07,-1.4640428802398049e-07,-1.2728658452386559e-08,ok,1,-2.610134330893743e-12,-2.130851051163063e-12,-2.1559420915195915e-12,-2.195243986591322e-12,-2.2409851752058785e-12,-2.3029356199799622e-12,-2.350675210038844e-12,-2.400191156937126e-12,-2.454703107446221e-12,-2.5265345371394687e-12,-2.610134330893743e-12
802,-1.0987144842540243e-01,2.0462675973207843e+11,9.8901285515745974e-01,-1.9150896237603915e-06,-1.6297383639895096e-06,-1.3501609440799076e-06,-1.0820056088952723e-06,-8.3096416353508086e-07,-6.0260329141422996e-07,-4.0245431457700132e-07,-2.3614557076242836e-07,-1.0902802156285740e-07,-2.6823030270326500e-08,-1.9158925716692132e-06,-1.5605457308653672e-06,-1.3145044938503393e-06,-1.0635719065771642e-06,-8.0029322572937115e-07,-5.8326777246633756e-07,-3.9672278111527610e-07,-2.5954650707027499e-07,-1.9693262227064342e-07,3.4290364302224282e-08,ok,1,-3.82938125653709e-12,-3.2454039455842576e-12,-3.2955860262973147e-12,-3.3614222516575865e-12,-3.430256079184346e-12,-3.5089708916302698e-12,-3.5653702212812277e-12,-3.6146641235745847e-12,-3.66873198487383e-12,-3.742561816011403e-12,-3.82938125653709e-12
803,-2.9632231564369815e-01,2.0076909128933188e+11,9.7036776843563011e-01,-1.9518870249995364e-06,-1.6610528966101571e-06,-1.3761035492617229e-06,-1.1027957557583190e-06,-8.4693068612595722e-07,-6.1418198456123859e-07,-4.1018725444072992e-07,-2.4068297893934568e-07,-1.1112293545413561e-07,-2.7338420148215031e-08,-1.9825418202512318e-06,-1.6679072388432204e-06,-1.3642670775159522e-06,-1.1538961868807552e-06,-8.7538894252263217e-07,-6.5533849919675559e-07,-3.8731365244664704e-07,-2.8768058370200867e-07,-1.8495767472336192e-07,-1.2314958831250266e-08,ok,1,1.807887173299605e-12,1.807887173299605e-12,1.8074430840897548e-12,1.7963408538435033e-12,1.7887913372760522e-12,1.77369230414115e-12,1.779465463869201e-12,1.7883472480662022e-12,1.7923440509548527e-12,1.779687508474126e-12,1.7685852782278744e-12
804,-1.1964826287120957e-01,2.0442447744119467e+11,9.8803517371287908e-01,-1.9169846449560031e-06,-1.6313510241516510e-06,-1.3514969565437474e-06,-1.0830762760522837e-06,-8.3178641993679704e-07,-6.0319957996172339e-07,-4.0285255153007949e-07,-2.3637924173869527e-07,-1.0913590706822036e-07,-2.6849572219220565e-08,-1.8939243828775042e-06,-1.6522036069032855e-06,-1.3656534542596590e-06,-1.0485783328293202e-06,-8.2004616897881450e-07,-5.4226814780897539e-07,-3.9187183640841781e-07,-2.8806133854717691e-07,-7.0842128479703538e-08,-2.7516225887412515e-08,ok,1,1.0014211682118912e-13,1.0014211682118912e-13,8.415490526658687e-14,5.950795411990839e-14,4.3298697960381105e-14,2.7533531010703882e-14,3.6637359812630166e-14,5.3734794391857577e-14,7.016609515630989e-14,6.94999613415348e-14,7.216449660063518e-14
805,3.4288295040803956e+00,2.7784248243942340e+11,1.3428829504080397e+00,-1.4104343614683310e-06,-1.2002775015096301e-06,-9.9437298673462300e-07,-7.9688066352275337e-07,-6.1199245970417119e-07,-4.4380815289261065e-07,-2.9640147759053188e-07,-1.7391761888306763e-07,-8.0297478544799767e-08,-1.9754753564858196e-08,-1.4547052505579861e-06,-1.2491978589648757e-06,-9.4725491877381824e-07,-8.7925795525854447e-07,-5.8458364505729082e-07,-4.7846110389811993e-07,-3.1094462330715701e-07,-8.7315546034015050e-08,-1.6559979668047610e-07,-3.9039262081994888e-08,ok,1,1.0684786388992507e-12,8.633094239485217e-13,8.79740724712974e-13,8.952838470577262e-13,9.172662629453043e-13,9.325873406851315e-13,9.667822098435863e-13,1.0014211682118912e-12,1.0311751452718454e-12,1.0453859999870474e-12,1.0684786388992507e-12
806,-6.4918577355400431e-01,1.9346834634516766e+11,9.3508142264459959e-01,-2.0255436701231287e-06,-1.7237345898486111e-06,-1.4280323594249690e-06,-1.1444109899318891e-06,-8.7889056504993570e-07,-6.3735883030011942e-07,-4.2566613034266555e-07,-2.4976542097619039e-07,-1.1531628400198004e-07,-2.8370066081256324e-08,-2.0131432986667331e-06,-1.7518455204029688e-06,-1.4131950164500915e-06,-1.1670401199210695e-06,-8.3371345515757159e-07,-6.4458298727250834e-07,-3.7776339219410627e-07,-2.5556131977414186e-07,-9.0872766497570189e-08,-6.5027970399498248e-08,ok,1,1.936006910341348e-12,1.9333423750822476e-12,1.936006910341348e-12,1.928235349168972e-12,1.920907877206446e-12,1.9049206656518436e-12,1.9102497361700443e-12,1.9193535649719706e-12,1.9240165016753963e-12,1.9095836023552692e-12,1.8960388814548423e-12
807,2.5035697889205216e-01,2.1207988589327655e+11,1.0250356978892052e+00,-1.8477876044570461e-06,-1.5724644476821238e-06,-1.3027122206398852e-06,-1.0439806718520346e-06,-8.0176157923815132e-07,-5.8142599618621799e-07,-3.8831085741871237e-07,-2.2784670392905951e-07,-1.0519644839749098e-07,-2.5880388172230540e-08,-1.8124132831361599e-06,-1.5829906397457303e-06,-1.3015116004976226e-06,-9.9684765331112673e-07,-8.2551111482591594e-07,-5.8207440506167153e-07,-3.8507081506094485e-07,-2.8311717691796320e-07,-7.3626781731506972e-08,-5.8493128088524135e-08,ok,1,1.270095140171179e-12,9.57900425646585e-13,9.834355552129637e-13,1.0123013538532177e-12,1.0484946244559978e-12,1.077360423096252e-12,1.1262102361797588e-12,1.1761702722878908e-12,1.2185807918285718e-12,1.2396750292964498e-12,1.270095140171179e-12
808,1.1195036921781523e+00,2.3006253139116595e+11,1.1119503692178152e+00,-1.7033568305892829e-06,-1.4495540782703375e-06,-1.2008868086172662e-06,-9.6237879511305427e-07,-7.3909255544579052e-07,-5.3597931910408137e-07,-3.5795886376800452e-07,-2.1003725673264961e-07,-9.6973855923348176e-08,-2.3857469259523216e-08,-1.7040488181345971e-06,-1.4651070623944266e-06,-1.2815348359739523e-06,-1.0419504967454969e-06,-7.8648865834808824e-07,-5.3465393258065158e-07,-3.8119069988478026e-07,-1.9784156289123523e-07,-4.6709112145777627e-08,-4.0965890615814521e-08,ok,1,-2.09277040141842e-13,-2.09277040141842e-13,-2.063904602778166e-13,-2.070565940925917e-13,-1.9906298831529057e-13,-1.9351187319216478e-13,-1.6575629757653587e-13,-1.383337888682945e-13,-1.1668443988810395e-13,-1.1157741397482823e-13,-1.000310945187266e-13
809,6.5190587608690143e-01,2.2038793257623798e+11,1.0651905876086900e+00,-1.7781308610141476e-06,-1.5131866647047772e-06,-1.2536033886972387e-06,-1.0046253402960273e-06,-7.7153727180551990e-07,-5.5950776199650948e-07,-3.7367255715842946e-07,-2.1925748114090445e-07,-1.0123081836542411e-07,-2.4904765457388340e-08,-1.7558506346446574e-06,-1.5015504077996816e-06,-1.2727538806562565e-06,-1.0573209677811683e-06,-7.2461093801462984e-07,-4.9973991819194319e-07,-4.2196585417092395e-07,-2.3079933219432147e-07,-1.2204146034038975e-07,-2.5214113373420764e-09,ok,1,3.0127011996228248e-12,2.623457007189245e-12,2.6623148130511254e-12,2.701394663517931e-12,2.743361093848762e-12,2.7780000522170667e-12,2.8352875602877248e-12,2.894351425197783e-12,2.942535104466515e-12,2.971622947711694e-12,3.0127011996228248e-12
810,-4.5801351356765968e-01,1.9742370040428513e+11,9.5419864864323400e-01,-1.9849622081996073e-06,-1.6891998273271751e-06,-1.3994219464899801e-06,-1.1214828883567891e-06,-8.6128212513961355e-07,-6.2458944226596257e-07,-4.1713797362316727e-07,-2.4476140843827417e-07,-1.1300593964479183e-07,-2.7801676086284410e-08,-1.9880612009817018e-06,-1.6181899017390038e-06,-1.4002931646880410e-06,-1.0949763055737100e-06,-8.5767316454689828e-07,-5.8759996362869672e-07,-3.6868007596520743e-07,-2.9197668528829194e-07,-1.6977597089465951e-07,-4.6520646872937382e-08,ok,1,-6.8859362656326084e-12,-6.273315200644447e-12,-6.358913395843047e-12,-6.460165735688861e-12,-6.551537090615511e-12,-6.634359728252548e-12,-6.682321362916355e-12,-6.71829258891421e-12,-6.757372439381015e-12,-6.816547326593536e-12,-6.8859362656326084e-12
811,-2.8084567195753304e-02,2.0631893030471988e+11,9.9719154328042470e-01,-1.8993825904814278e-06,-1.6163717025019652e-06,-1.3390872989526108e-06,-1.0731312993611872e-06,-8.2414882622233890e-07,-5.9766090655943643e-07,-3.9915349604938911e-07,-2.3420877036807612e-07,-1.0813380400681659e-07,-2.6603035224741582e-08,-1.9105690598031152e-06,-1.6903432995797206e-06,-1.3576355850463530e-06,-1.0339040388611657e-06,-8.7204031760320658e-07,-6.1514875832264755e-07,-3.8238005431549785e-07,-2.5155628809936712e-07,-7.3346921822081825e-08,-3.9474766357585354e-08,ok,1,-1.078470646120877e-12,-8.928413564035509e-13,-9.193756866920921e-13,-9.586775817638227e-13,-9.906520048730272e-13,-1.0217382495625316e-12,-1.0288436769201326e-12,-1.0302869668521453e-12,-1.0345058143457209e-12,-1.0558220964185239e-12,-1.078470646120877e-12
812,1.9375390273321125e+00,2.4698768247550140e+11,1.1937539027332111e+00,-1.5866320959023353e-06,-1.3502215061621552e-06,-1.1185944834816182e-06,-8.9643054075403068e-07,-6.8844528008092995e-07,-4.9925064153249247e-07,-3.3342926864631095e-07,-1.9564418146727202e-07,-9.0328596749852915e-08,-2.2222605254749410e-08,-1.5680081795428490e-06,-1.3523357410727708e-06,-1.1150989330748385e-06,-9.4500772912079265e-07,-6.6657444410214608e-07,-4.1991991658433656e-07,-3.0926756637362838e-07,-2.0015793794571501e-07,-8.8717998101606294e-08,4.3519089522453753e-08,ok,1,9.237055564881302e-13,7.129852264142755e-13,7.216449660063518e-13,7.285283487590277e-13,7.44737604918555e-13,7.598366380534571e-13,8.004708007547379e-13,8.459899447643693e-13,8.841816168114747e-13,9.00612917575927e-13,9.237055564881302e-13
813,-1.0221131290430916e+00,1.8575247936009845e+11,8.9778868709569093e-01,-2.1096815808758719e-06,-1.7953358242338808e-06,-1.4873505864183238e-06,-1.1919480295699884e-06,-9.1539830221420027e-07,-6.6383371759691653e-07,-4.4334763453015004e-07,-2.6014028527023805e-07,-1.2010634177994603e-07,-2.9548514180499028e-08,-2.1033543033797562e-06,-1.7658985860551993e-06,-1.5222326923391315e-06,-1.1890714541819410e-06,-9.5141920670161000e-07,-7.7744194834001785e-07,-3.6637152461693749e-07,-2.9380575112636975e-07,-7.5924887575749100e-08,2.4137116584580619e-08,ok,1,3.5571545708990016e-13,3.5571545708990016e-13,3.5482727867020003e-13,3.4705571749782393e-13,3.419486915845482e-13,3.248512570053208e-13,3.2240876635114546e-13,3.1730174043786974e-13,3.0619951019161817e-13,2.76667577736589e-13,2.433608869978343e-13
814,-7.3392859289093437e-01,1.9171501741308658e+11,9.2660714071090666e-01,-2.0440682717267545e-06,-1.7394989977052478e-06,-1.4410924237057309e-06,-1.1548771961025355e-06,-8.8692845522765040e-07,-6.4318779295539495e-07,-4.2955905824987892e-07,-2.5204964964336894e-07,-1.1637090862007366e-07,-2.8629524408111068e-08,-2.0916428707376351e-06,-1.7774569090937045e-06,-1.5305053586295417e-06,-1.1329936124584561e-06,-8.6995920923547429e-07,-6.4833372187699900e-07,-3.8436291881441591e-07,-2.0939320243973130e-07,-5.7016993203033799e-08,1.2972912213106182e-08,ok,1,-7.420730696594546e-13,-6.464828672392287e-13,-6.679101716144942e-13,-6.977751709769109e-13,-7.198686091669515e-13,-7.420730696594546e-13,-7.349676423018536e-13,-7.215339437038892e-13,-7.114309141798003e-13,-7.196465645620265e-13,-7.259748358023899e-13
815,-1.4087743415594978e-01,2.0398524588731339e+11,9.8591225658440496e-01,-1.9211123951755818e-06,-1.6348637333252863e-06,-1.3544070695035113e-06,-1.0854084117570818e-06,-8.3357746536133393e-07,-6.0449842041144412e-07,-4.0371999442388699e-07,-2.3688822571485485e-07,-1.0937090413273046e-07,-2.6907386103066275e-08,-1.9379266003628431e-06,-1.6285618317564715e-06,-1.3194033498285041e-06,-1.0264732938740495e-06,-9.1548964460880099e-07,-6.0853297193687746e-07,-3.8939094364852474e-07,-2.5997028103503263e-07,-2.5645992090070282e-08,-3.8460746112713961e-08,ok,1,-2.647770891428536e-12,-2.1160850849355484e-12,-2.1628254742722675e-12,-2.2253310305586638e-12,-2.289723965986923e-12,-2.364219930939271e-12,-2.4162893907941907e-12,-2.4608093340816595e-12,-2.507438701115916e-12,-2.5719426588466376e-12,-2.647770891428536e-12
816,-1.3539037560077111e-01,2.0409877312882004e+11,9.8646096243992287e-01,-1.9200438018347787e-06,-1.6339543620137698e-06,-1.3536536984990312e-06,-1.0848046676953982e-06,-8.3311379893021729e-07,-6.0416217616683784e-07,-4.0349543052106838e-07,-2.3675645977503340e-07,-1.0931006801507836e-07,-2.6892419225729494e-08,-1.8917645610698479e-06,-1.5995459808557055e-06,-1.4098987188011494e-06,-1.1187901934776178e-06,-8.2279657633509730e-07,-6.4133456960277452e-07,-3.5045375694889230e-07,-1.7814228742044216e-07,-6.7298272783848557e-08,-4.7594014513856694e-09,ok,1,7.098766019453251e-13,4.791722574282176e-13,4.89608353859694e-13,4.987121826616203e-13,5.171418848703979e-13,5.331290964250002e-13,5.735412145213559e-13,6.201705815556124e-13,6.605826996519681e-13,6.80566714095221e-13,7.098766019453251e-13
817,-5.1332701410812920e-01,1.9627926407810281e+11,9.4866729858918708e-01,-1.9965358345351567e-06,-1.6990489657778175e-06,-1.4075814906002129e-06,-1.1280218661965389e-06,-8.6630396255559257e-07,-6.2823120672301281e-07,-4.1957016050184239e-07,-2.4618852733815044e-07,-1.1366483809326659e-07,-2.7963778019120763e-08,-2.0412665060692768e-06,-1.6510448389415669e-06,-1.4034143452532402e-06,-1.0927735970653155e-06,-8.3228987826523818e-07,-6.3389701753266986e-07,-4.0718659248304749e-07,-2.7762551115353907e-07,-1.5365697528945442e-07,-5.3345697041872193e-08,ok,1,6.017408793468348e-13,6.010747455320598e-13,6.017408793468348e-13,5.95967719618784e-13,5.926370505449086e-13,5.81312775693732e-13,5.879741138414829e-13,5.95745675013859e-13,5.966338534335591e-13,5.775380174100064e-13,5.584421813864537e-13
818,1.3212846326382486e+00,2.3423737904928537e+11,1.1321284632638249e+00,-1.6729976483642359e-06,-1.4237184602618402e-06,-1.1794832243536816e-06,-9.4522617466049611e-07,-7.2591959886439697e-07,-5.2642647995414870e-07,-3.5157890968025024e-07,-2.0629373145556313e-07,-9.5245476460994515e-08,-2.3432254035282558e-08,-1.6604814127095624e-06,-1.4072603362948663e-06,-1.1841345709747914e-06,-9.3033952011739909e-07,-7.4106523286089906e-07,-5.3538098889742395e-07,-3.4578701831298726e-07,-1.9067008488339312e-07,-8.4808675089787201e-08,-4.0372151510737651e-08,ok,1,1.510569447304988e-12,1.4563905637032803e-12,1.4592771435673058e-12,1.4568346529131304e-12,1.4590550989623807e-12,1.4570566975180554e-12,1.4763745781465332e-12,1.496136547984861e-12,1.510569447304988e-12,1.5047962875769372e-12,1.5014656185030617e-12
819,3.2121704491330522e-01,2.1354598065925629e+11,1.0321217044913304e+00,-1.8351016633437613e-06,-1.5616687310434697e-06,-1.2937684813925122e-06,-1.0368132477959239e-06,-7.9625710450478975e-07,-5.7743423006993553e-07,-3.8564491861755568e-07,-2.2628242789320567e-07,-1.0447422472496067e-07,-2.5702706993093232e-08,-1.8222292410808444e-06,-1.5261215094383250e-06,-1.2782748066095861e-06,-1.0648675045666907e-06,-7.9553962949293709e-07,-5.8361729209863270e-07,-3.7879206374324456e-07,-2.1252053167194107e-07,-9.4192169478266902e-08,1.0642287656833577e-08,ok,1,7.709388682997087e-13,7.400746682151293e-13,7.289724379688778e-13,7.116529587847253e-13,7.02105040772949e-13,6.943334796005729e-13,7.143174940438257e-13,7.405187574249794e-13,7.620570841027074e-13,7.647216193618078e-13,7.709388682997087e-13
820,-3.4586542790424663e-01,1.9974404429666113e+11,9.6541345720957528e-01,-1.9619037237740423e-06,-1.6695770920685034e-06,-1.3831654409381692e-06,-1.1084550858083727e-06,-8.5127696716415138e-07,-6.1733384522374752e-07,-4.1229225443099447e-07,-2.4191811645967280e-07,-1.1169319641547134e-07,-2.7478715521904012e-08,-1.9147357192089026e-06,-1.6843501759381825e-06,-1.3722682249546882e-06,-1.1102008805663548e-06,-8.7327767062319333e-07,-6.4243844172019239e-07,-4.1138634792275321e-07,-2.5612205145188283e-07,-2.0082870180625972e-07,-8.6652916524802253e-08,ok,1,-1.9753088054130785e-12,-1.4779288903810084e-12,-1.5268897257669778e-12,-1.5913936834976994e-12,-1.656119685833346e-12,-1.726507825594581e-12,-1.7722490142091374e-12,-1.8116619315833304e-12,-1.8526291611919987e-12,-1.9096946246577318e-12,-1.9753088054130785e-12
821,-1.0511053021137731e+00,1.8515263129926605e+11,8.9488946978862283e-01,-2.1165164197663348e-06,-1.8011522617588779e-06,-1.4921692290626668e-06,-1.1958096420623616e-06,-9.1836396299100112e-07,-6.6598437225053510e-07,-4.4478396960637219e-07,-2.6098307451138183e-07,-1.2049545618619487e-07,-2.9644243951136948e-08,-2.1282110473017747e-06,-1.8821979372744120e-06,-1.4562704001528163e-06,-1.1693006914477398e-06,-8.6596798711925734e-07,-6.0410554098074350e-07,-4.4977007447903137e-07,-2.1590889793143541e-07,-9.5516624192487344e-08,-2.7618908976968616e-08,ok,1,-5.517808432387028e-13,-1.2012613126444194e-13,-1.5076828674409626e-13,-1.9584334154387761e-13,-2.432498646953718e-13,-3.028688411177427e-13,-3.4416913763379853e-13,-3.816946758661288e-13,-4.235500838944972e-13,-4.830580380144056e-13,-5.517808432387028e-13
822,1.2334821775215781e+00,2.3242074625292145e+11,1.1233482177521579e+00,-1.6860740300799555e-06,-1.4348464412606964e-06,-1.1887022288657742e-06,-9.5261419357355578e-07,-7.3159348715648669e-07,-5.3054110235301629e-07,-3.5432689921312630e-07,-2.0790615187991207e-07,-9.5989928318495060e-08,-2.3615403783598150e-08,-1.6680777462286404e-06,-1.5100194432439809e-06,-1.1942735281468747e-06,-9.8763591495586072e-07,-6.6884156702875917e-07,-5.6768565042578591e-07,-2.8321926674646510e-07,-2.1177270405254541e-07,-6.2363225750601644e-08,-4.5366169956341717e-08,ok,1,2.652988939644274e-12,2.4706903190008234e-12,2.4849011737160254e-12,2.4980018054066022e-12,2.516653552220305e-12,2.532418719169982e-12,2.568611989772762e-12,2.6043611711656922e-12,2.631672657571471e-12,2.639000129533997e-12,2.652988939644274e-12
823,3.9212012022446252e-01,2.1501296528744412e+11,1.0392120120224462e+00,-1.8225811814852912e-06,-1.5510138199796757e-06,-1.2849413928862590e-06,-1.0297393064885078e-06,-7.9082442312762869e-07,-5.7349452746571189e-07,-3.8301375092594591e-07,-2.2473855428120955e-07,-1.0376142081796271e-07,-2.5527343260905525e-08,-1.7713898412165382e-06,-1.5930852288978696e-06,-1.2610643924019024e-06,-1.0737559709866724e-06,-8.1765653742099921e-07,-6.1687959321158741e-07,-4.6268671247868299e-07,-2.1818455808757913e-07,-1.4349676945939566e-07,-6.0709211518437728e-08,ok,1,9.183764859699295e-13,9.183764859699295e-13,9.14823772291129e-13,9.019451852054772e-13,8.884004643050503e-13,8.626432901337466e-13,8.544276397515205e-13,8.517631044924201e-13,8.455458555545192e-13,8.208989044078407e-13,7.951417302365371e-13
824,-5.9020859825942140e-01,1.9468858410201257e+11,9.4097914017405782e-01,-2.0128482936675240e-06,-1.7129308437479304e-06,-1.4190819681490947e-06,-1.1372382350060103e-06,-8.7338199628811751e-07,-6.3336409525311232e-07,-4.2299820871299885e-07,-2.4819998148859608e-07,-1.1459352316569216e-07,-2.8192252749305309e-08,-2.0098858920503007e-06,-1.7142496333636321e-06,-1.4306353640086784e-06,-1.0810554599783078e-06,-8.8199238266191557e-07,-6.8202152880874605e-07,-4.1658811781818216e-07,-2.6041096121367828e-07,-7.9323365826877417e-08,-5.9203737443903244e-09,ok,1,-4.566569344888194e-12,-4.0921710464658645e-12,-4.140132681129671e-12,-4.197198144595404e-12,-4.252931340431587e-12,-4.3188785880943215e-12,-4.3651748882211905e-12,-4.4041437163855335e-12,-4.443667656062189e-12,-4.500289030318072e-12,-4.566569344888194e-12
825,1.5264910651664745e-01,2.1005831001382944e+11,1.0152649106516647e+00,-1.8655704898395528e-06,-1.5875976561600054e-06,-1.3152493661700066e-06,-1.0540278161147506e-06,-8.0947763612316327e-07,-5.8702156995421274e-07,-3.9204791434743446e-07,-2.3003947316878675e-07,-1.0620884634837461e-07,-2.6129457911300677e-08,-1.8791307193083711e-06,-1.5784851953191415e-06,-1.3318932533560659e-06,-1.0004949302498163e-06,-8.1016515995837386e-07,-5.2246592673546106e-07,-4.2489085798468181e-07,-2.3215980518306988e-07,-1.0748806224736581e-07,2.2125691458342968e-08,ok,1,-1.4721557306529576e-12,-1.3204992654891612e-12,-1.3301582058034e-12,-1.3472556403826275e-12,-1.3627987627273797e-12,-1.3875567361765206e-12,-1.3951062527439717e-12,-1.40121247937941e-12,-1.4118706204158116e-12,-1.4402923298462156e-12,-1.4721557306529576e-12
826,8.2098730082825333e-01,2.2388622725413657e+11,1.0820987300828253e+00,-1.7503469914804365e-06,-1.4895426338889338e-06,-1.2340154304864932e-06,-9.8892774458062015e-07,-7.5948175251249260e-07,-5.5076527233871323e-07,-3.6783380265266483e-07,-2.1583151211692310e-07,-9.9649054102748543e-08,-2.4515620445948107e-08,-1.7028492742280109e-06,-1.4309044381042813e-06,-1.2051879979585890e-06,-1.0048005756586433e-06,-7.4071932019224106e-07,-5.4275639356257283e-07,-3.0208969981382655e-07,-2.4863049073645322e-07,-1.2272934666153246e-07,-5.7086894254479058e-08,ok,1,7.893685705084863e-13,7.58948459633757e-13,7.556177905598815e-13,7.458478279431802e-13,7.398526236102043e-13,7.329692408575283e-13,7.513989430663059e-13,7.736034035588091e-13,7.893685705084863e-13,7.855938122247608e-13,7.849276784099857e-13
827,1.0244010115970923e+00,2.2809485692994385e+11,1.1024401011597094e+00,-1.7180509441699549e-06,-1.4620587466316181e-06,-1.2112463333195893e-06,-9.7068081561108625e-07,-7.4546838331773336e-07,-5.4060297801709245e-07,-3.6104681815721336e-07,-2.1184915618388285e-07,-9.7810406919418600e-08,-2.4063277201083909e-08,-1.6944340807339430e-06,-1.4683534611964977e-06,-1.1337916842648727e-06,-9.2852291905517711e-07,-7.4215951455238571e-07,-5.3532181763521556e-07,-3.7982347006974867e-07,-2.0445038563371765e-07,-9.9848679674034683e-08,1.7389073513591080e-08,ok,1,2.446487457063995e-12,2.3347990207867042e-12,2.3419044481443052e-12,2.340572180514755e-12,2.34123831432953e-12,2.339239912885205e-12,2.362998685612183e-12,2.3923085734622873e-12,2.418509836843441e-12,2.4291679778798425e-12,2.446487457063995e-12
828,-3.7005844718588865e-01,1.9924349072772397e+11,9.6299415528141119e-01,-1.9668325568711419e-06,-1.6737715215554981e-06,-1.3866403268469965e-06,-1.1112398249612508e-06,-8.5341560528380360e-07,-6.1888475490988383e-07,-4.1332804415136744e-07,-2.4252588023769552e-07,-1.1197379995201779e-07,-2.7547749491767026e-08,-1.9248729310089092e-06,-1.6850483831569677e-06,-1.4875581585747923e-06,-1.0797374297053181e-06,-8.9184801312949416e-07,-6.9125125655540062e-07,-4.2341104640750119e-07,-2.3227801328300949e-07,-1.3842792999488113e-07,-7.4660290885430831e-08,ok,1,-1.5287771049088406e-13,1.4077627952246985e-13,1.2101430968414206e-13,8.526512829121202e-14,4.973799150320701e-14,7.549516567451064e-15,-1.4210854715202004e-14,-3.352873534367973e-14,-5.88418203051333e-14,-1.0347278589506459e-13,-1.5287771049088406e-13
829,-7.7086554830874576e-01,1.9095079180549207e+11,9.2291344516912555e-01,-2.0522490669149581e-06,-1.7464608419975281e-06,-1.4468599815359153e-06,-1.1594992598271387e-06,-8.9047813120457811e-07,-6.4576196705466086e-07,-4.3127824479847712e-07,-2.5305840585262850e-07,-1.1683664970249851e-07,-2.8744105842986313e-08,-2.0363660631702434e-06,-1.7586746480640532e-06,-1.4088997619168448e-06,-1.1681479411022189e-06,-9.1737537224033471e-07,-6.9364005298741377e-07,-4.6388580176768938e-07,-2.6971388369417124e-07,-1.8271763649582666e-07,-6.6849467747633411e-08,ok,1,4.686473431547711e-12,4.1024961205948784e-12,4.148237309209435e-12,4.193312364009216e-12,4.247935336820774e-12,4.304334666471732e-12,4.384714813454593e-12,4.46886971872118e-12,4.547695553469566e-12,4.608535775219025e-12,4.686473431547711e-12
830,2.7952016612002911e-01,2.1268327223702341e+11,1.0279520166120029e+00,-1.8425453971279104e-06,-1.5680033371991072e-06,-1.2990164021731638e-06,-1.0410188795352755e-06,-7.9948696693032474e-07,-5.7977647996930285e-07,-3.8720921239297293e-07,-2.2720029865033516e-07,-1.0489800414362896e-07,-2.5806965036225117e-08,-1.8572313475398805e-06,-1.5927997614810257e-06,-1.3344452271352474e-06,-1.0879328645497307e-06,-7.4937597643020652e-07,-5.5796690507603858e-07,-3.8145864977590976e-07,-2.7490976096143866e-07,-8.8551984814185452e-08,3.7459440190151339e-08,ok,1,-4.1130432393288174e-12,-3.715694418815474e-12,-3.754552224677354e-12,-3.802180792433774e-12,-3.846034601906467e-12,-3.897993039458925e-12,-3.9294123510558165e-12,-3.9580561050911456e-12,-3.993472219576688e-12,-4.049205415412871e-12,-4.1130432393288174e-12
831,-1.3060911232076875e+00,1.7987697466083295e+11,8.6939088767923123e-01,-2.1785922575597346e-06,-1.8539787055314366e-06,-1.5359334324296377e-06,-1.2308818412099587e-06,-9.4529888864068838e-07,-6.8551719395672736e-07,-4.5782914955071419e-07,-2.6863751217570341e-07,-1.2402949746431795e-07,-3.0513687373307729e-08,-2.1801115846603263e-06,-1.8212427671489324e-06,-1.5862220732619810e-06,-1.2244114979602336e-06,-9.7738077593254409e-07,-6.4596425730296185e-07,-4.9609116214439384e-07,-2.7219197189972746e-07,-1.0188398674749763e-07,2.0200548641812599e-09,ok,1,4.311884183039183e-12,3.75965925059063e-12,3.8116176881430874e-12,3.86557452713987e-12,3.927302927309029e-12,3.984368390774762e-12,4.0600856010541975e-12,4.134470543704083e-12,4.200417791366817e-12,4.248379426030624e-12,4.311884183039183e-12
832,-6.7665205537444828e-01,1.9290006897430267e+11,9.3233479446255518e-01,-2.0315108563299083e-06,-1.7288126562563745e-06,-1.4322392966160711e-06,-1.1477823877322945e-06,-8.8147974825761603e-07,-6.3923646882111829e-07,-4.2692012900937841e-07,-2.5050122183646087e-07,-1.1565600204877784e-07,-2.8453643379293942e-08,-1.9975678918107188e-06,-1.7227872004856074e-06,-1.4342854490649797e-06,-1.1591998003493176e-06,-9.0218092290776982e-07,-6.8634619289916534e-07,-4.1580963119414615e-07,-2.3952253209901687e-07,-1.1206707174010672e-07,-7.7376697065483063e-08,ok,1,5.25135490647699e-13,5.055955654142963e-13,5.129230373768223e-13,5.164757510556228e-13,5.229150445984487e-13,5.169198402654729e-13,5.229150445984487e-13,5.25135490647699e-13,5.209166431541234e-13,4.998224056862455e-13,4.785061236134425e-13
833,1.0686311415450147e+00,2.2900997831856635e+11,1.1068631141545013e+00,-1.7111856312330915e-06,-1.4562163757392803e-06,-1.2064062061102043e-06,-9.6680198560098481e-07,-7.4248949974414312e-07,-5.3844273438087113e-07,-3.5960407898812655e-07,-2.1100260925368789e-07,-9.7419557594308110e-08,-2.3967120606398928e-08,-1.7491000675968675e-06,-1.4899487682693709e-06,-1.2130417464162164e-06,-9.5820326491836389e-07,-6.9406997081296080e-07,-6.1098147192649075e-07,-3.5954052929049499e-07,-2.0319754403382857e-07,-4.1087795771729132e-08,6.5536165036778291e-08,ok,1,-6.382672168570025e-13,-3.913536161803677e-13,-4.113376306236205e-13,-4.4286796452297494e-13,-4.750644322371045e-13,-5.163647287531603e-13,-5.35682609381638e-13,-5.483391518623648e-13,-5.637712519046545e-13,-5.988542994828094e-13,-6.382672168570025e-13
834,3.5903522354910505e-01,2.1432843877523099e+11,1.0359035223549105e+00,-1.8284021782154204e-06,-1.5559674793647382e-06,-1.2890452647591733e-06,-1.0330281087637514e-06,-7.9335017420444198e-07,-5.7532616591539482e-07,-3.8423702800947509e-07,-2.2545632883259948e-07,-1.0409281614761559e-07,-2.5608873007402565e-08,-1.8346626167731318e-06,-1.5831857668243847e-06,-1.3346159968075353e-06,-1.0865671570824977e-06,-8.4751063883512778e-07,-5.8529896878207769e-07,-3.2034722050889036e-07,-1.9283931246482406e-07,-1.1249055315565750e-07,-9.0544892062873853e-08,ok,1,6.624478743333384e-12,5.758948873335612e-12,5.831557459146097e-12,5.913269873758509e-12,6.0103033661107474e-12,6.106892769253136e-12,6.221467785394452e-12,6.332045998647118e-12,6.434186516912632e-12,6.518119377574294e-12,6.624478743333384e-12
835,-8.5922918837605544e-01,1.8912254809249942e+11,9.1407708116239450e-01,-2.0720881156754844e-06,-1.7633438423902583e-06,-1.4608467466835052e-06,-1.1707081148946329e-06,-8.9908636465434871e-07,-6.5200453446938076e-07,-4.3544740256094211e-07,-2.5550471616352234e-07,-1.1796610714886827e-07,-2.9021974512330682e-08,-2.0018644456915147e-06,-1.7564068477842587e-06,-1.4725104454655102e-06,-1.2227867772136949e-06,-8.4096861031451904e-07,-6.5491620984461668e-07,-4.0392742437315466e-07,-2.5448093860203063e-07,-9.4584447563316802e-08,-3.0471475344177350e-08,ok,1,2.580824443043639e-12,2.16249240736488e-12,2.19912976717751e-12,2.2384316622492406e-12,2.285061029283497e-12,2.325251102774928e-12,2.3863133691293115e-12,2.4491519923230953e-12,2.502886786714953e-12,2.5368596112684827e-12,2.580824443043639e-12
836,8.9659271391833728e-01,2.2545050325097040e+11,1.0896592713918338e+00,-1.7382023045252532e-06,-1.4792075237175860e-06,-1.2254532818530153e-06,-9.8206612346332948e-07,-7.5421212987342011e-07,-5.4694381759231852e-07,-3.6528160791266901e-07,-2.1433397696387586e-07,-9.8957644586022151e-08,-2.4345520153100895e-08,-1.7415333221518702e-06,-1.4792521302086758e-06,-1.1641271723790808e-06,-1.0430570706554802e-06,-7.2982828621725791e-07,-5.4590078969437086e-07,-3.5098303848811183e-07,-2.0518969699936664e-07,-1.3014964647290175e-07,-1.6992790117725855e-08,ok,1,-1.848632358303348e-12,-1.712296970879379e-12,-1.7376100558408325e-12,-1.7681411890180243e-12,-1.7900125826031399e-12,-1.8133272661202682e-12,-1.8144374891448933e-12,-1.8109957977685553e-12,-1.8111068200710179e-12,-1.8297585668847205e-12,-1.848632358303348e-12
837,1.2097189163976352e+00,2.3192908438026706e+11,1.1209718916397635e+00,-1.6896483050196493e-06,-1.4378881438109846e-06,-1.1912221351756512e-06,-9.5463362153368245e-07,-7.3314437769890907e-07,-5.3166578592721436e-07,-3.5507802978843957e-07,-2.0834688801317864e-07,-9.6193415466214296e-08,-2.3665465610315789e-08,-1.6734356016933837e-06,-1.4516977079927203e-06,-1.1603080128244347e-06,-9.4534844345393030e-07,-7.5494720131312106e-07,-5.1291525494672116e-07,-3.5503887183832753e-07,-2.3140076369412366e-07,-8.1595137791746608e-08,-2.1231427079046548e-08,ok,1,-4.9960036108132044e-14,-2.1316282072803006e-14,-2.2648549702353193e-14,-3.11972669919669e-14,-3.7192471324942744e-14,-4.9960036108132044e-14,-4.0523140398818214e-14,-2.4868995751603507e-14,-1.3766765505351941e-14,-2.1649348980190553e-14,-2.6645352591003757e-14
838,5.1205156082579728e-01,2.1749434679348575e+11,1.0512051560825797e+00,-1.8017874491210278e-06,-1.5333183852887479e-06,-1.2702815644524043e-06,-1.0179910651692915e-06,-7.8180194908447550e-07,-5.6695155871485564e-07,-3.7864396728646273e-07,-2.2217452399435001e-07,-1.0257761225233678e-07,-2.5236103150933434e-08,-1.7841121991658028e-06,-1.4845342003585771e-06,-1.2774945483742035e-06,-9.6349943680298515e-07,-7.7118267438137051e-07,-6.0848868217377961e-07,-4.2835776776826180e-07,-2.6336384599871651e-07,-1.3335877609050135e-07,-8.2038993795864586e-08,ok,1,-1.5488721416545559e-12,-1.5488721416545559e-12,-1.5367707106861417e-12,-1.5248913243226525e-12,-1.5074608228360376e-12,-1.500688462385824e-12,-1.4824808047819715e-12,-1.4672707493446069e-12,-1.457833853635293e-12,-1.4673817716470694e-12,-1.4741541320972829e-12
839,2.3179107007234032e-01,2.1169575723979672e+11,1.0231791070072340e+00,-1.8511404735584597e-06,-1.5753177341999173e-06,-1.3050760332024208e-06,-1.0458750078288981e-06,-8.0321640100381957e-07,-5.8248101206156096e-07,-3.8901545976159280e-07,-2.2826013898587285e-07,-1.0538733068311413e-07,-2.5927348955812974e-08,-1.8654144329308750e-06,-1.5731507987240498e-06,-1.2590160468411460e-06,-1.0352054583106285e-06,-8.4316048103607337e-07,-5.9800210729161073e-07,-4.0369089283755512e-07,-1.8998204276124930e-07,-1.3396983102291208e-07,-3.0256484218428315e-08,ok,1,-2.2054580384178735e-12,-1.765476653758924e-12,-1.7951196085164156e-12,-1.837197061149709e-12,-1.8820500713445654e-12,-1.9370061110635106e-12,-1.9755308500180035e-12,-2.0153878566020467e-12,-2.0617951790313782e-12,-2.1279644712990375e-12,-2.2054580384178735e-12
840,-7.5072905345107421e-01,1.9136741588409729e+11,9.2492709465489265e-01,-2.0477811360956642e-06,-1.7426586396497605e-06,-1.4437100372106814e-06,-1.1569749256413328e-06,-8.8853948021435514e-07,-6.4435608516608598e-07,-4.3033931326609802e-07,-2.5250747494051396e-07,-1.1658228580666035e-07,-2.8681527339041097e-08,-2.0301520710630010e-06,-1.7909011101440169e-06,-1.4289507130581878e-06,-1.1693493437610442e-06,-9.2577762449285251e-07,-6.5702150093208753e-07,-4.6133750173364717e-07,-2.5742783289269773e-07,-1.9483565262801349e-07,-2.5552931333652083e-08,ok,1,8.745004720367433e-12,7.508216270935009e-12,7.616351993533499e-12,7.738254481637341e-12,7.87636622590071e-12,8.01581023779363e-12,8.177014620969203e-12,8.3322237998118e-12,8.471889856309645e-12,8.591571898364236e-12,8.745004720367433e-12
841,-7.7407999290018559e-01,1.9088428494689517e+11,9.2259200070998149e-01,-2.0529641002999486e-06,-1.7470693343230966e-06,-1.4473640885697360e-06,-1.1599032462113811e-06,-8.9078838671989946e-07,-6.4598695990376399e-07,-4.3142850840329471e-07,-2.5314657507688209e-07,-1.1687735728828637e-07,-2.8754120706961414e-08,-2.0772969420992948e-06,-1.7510642735129627e-06,-1.4560368521311315e-06,-1.1688058939334687e-06,-8.9337280131919008e-07,-6.5444036152245809e-07,-4.6628704044259815e-07,-3.2025660346257951e-07,-1.2675873783301286e-07,-2.7087444567499993e-08,ok,1,-1.5202283876192269e-12,-1.2355672041053367e-12,-1.254996107036277e-12,-1.2864154186331689e-12,-1.3170575741128232e-12,-1.357469692209179e-12,-1.3808953980287697e-12,-1.4033219031261979e-12,-1.4295231665073516e-12,-1.4725998198628076e-12,-1.5202283876192269e-12
842,-2.4632152768177168e-01,2.0180360759226413e+11,9.7536784723182279e-01,-1.9418809652706438e-06,-1.6525377549633160e-06,-1.3690491582385818e-06,-1.0971424366574050e-06,-8.4258902140691068e-07,-6.1103347158708280e-07,-4.0808449023578636e-07,-2.3944915329659281e-07,-1.1055328018450501e-07,-2.7198273786553184e-08,-1.9386331673965119e-06,-1.6827388571489444e-06,-1.3934127445167478e-06,-1.0554143426157445e-06,-8.2043934358549131e-07,-6.4132717689791666e-07,-4.4319266201930431e-07,-2.3529560845963785e-07,-1.0039484959641788e-07,-4.5770879303579948e-08,ok,1,-4.526268249094301e-12,-3.88322707323141e-12,-3.93662880071588e-12,-4.002576048378614e-12,-4.074629522676787e-12,-4.158562383338449e-12,-4.220179761205145e-12,-4.277356246973341e-12,-4.339861803259737e-12,-4.424238753131249e-12,-4.526268249094301e-12
843,-2.4096170948936790e+00,1.5704502230664978e+11,7.5903829051063210e-01,-2.4953263628017372e-06,-2.1235189485008593e-06,-1.7592347407599563e-06,-1.4098332981798551e-06,-1.0827309375430338e-06,-7.8518094439091886e-07,-5.2439052905299691e-07,-3.0769331151485227e-07,-1.4206149577262122e-07,-3.4949912387066916e-08,-2.5346334003890472e-06,-2.1010467199519160e-06,-1.7849614941296875e-06,-1.3402669550756648e-06,-1.1187089900905099e-06,-7.8259603112468890e-07,-5.4756142450219894e-07,-3.4846551512103103e-07,-1.0591767968288758e-07,-1.8409335226337081e-08,ok,1,1.7459367285255212e-12,1.7459367285255212e-12,1.7390533457728452e-12,1.7246204464527182e-12,1.7135182162064666e-12,1.6959766924173891e-12,1.6973089600469393e-12,1.6970869154420143e-12,1.6904255772942633e-12,1.6651124923328098e-12,1.638467139741806e-12
844,4.1307204653282659e-01,2.1544646064276419e+11,1.0413072046532827e+00,-1.8189140036864757e-06,-1.5478930572372238e-06,-1.2823559889565973e-06,-1.0276673893845531e-06,-7.8923322170590997e-07,-5.7234061102009834e-07,-3.8224309690063575e-07,-2.2428636249676671e-07,-1.0355264461494095e-07,-2.5475980222917512e-08,-1.9272414364417886e-06,-1.6142977456360194e-06,-1.2319911390959391e-06,-1.0674604413557986e-06,-8.5339253509118297e-07,-5.3348582531320112e-07,-3.8146633215871203e-07,-2.7993648149380184e-07,-1.6055244348699835e-07,-8.1183550184494777e-08,ok,1,-1.9406698470447736e-13,-1.9118040484045196e-13,-1.9040324872321435e-13,-1.9406698470447736e-13,-1.9095836023552692e-13,-1.9306778398231472e-13,-1.758593271006248e-13,-1.566524687746096e-13,-1.4144241333724494e-13,-1.4166445794216997e-13,-1.3644640972643174e-13
845,-1.2850388525400216e+00,1.8031254614094696e+11,8.7149611474599786e-01,-2.1733295474744343e-06,-1.8495001472340712e-06,-1.5322231592762337e-06,-1.2279084650504792e-06,-9.4301538011451325e-07,-6.8386122632990036e-07,-4.5672319588978892e-07,-2.6798857874639229e-07,-1.2372988596749243e-07,-3.0439977072656259e-08,-2.2220114378791769e-06,-1.8589792129978468e-06,-1.5182422310728960e-06,-1.1936263838039283e-06,-8.8728692399478520e-07,-6.7487165009100888e-07,-4.4481211941557610e-07,-2.7214401880701262e-07,-1.2636559571978742e-07,-2.8916448779260835e-08,ok,1,1.6968648708370893e-12,1.4837020501090592e-12,1.5014656185030617e-12,1.517674874662589e-12,1.5369927552910667e-12,1.5505374761914936e-12,1.588063014423824e-12,1.63069557856943e-12,1.6644463585180347e-12,1.6764367671839864e-12,1.6968648708370893e-12
846,-3.8852035579275512e-01,1.9886151383864789e+11,9.6114796442072448e-01,-1.9706104853654943e-06,-1.6769865329717700e-06,-1.3893038113331513e-06,-1.1133743150498859e-06,-8.5505486182413990e-07,-6.2007352023818416e-07,-4.1412197233298550e-07,-2.4299172845151759e-07,-1.1218888130601944e-07,-2.7600663720478041e-08,-1.9318274266976020e-06,-1.6890012818604058e-06,-1.3918305456971813e-06,-1.1058984566726714e-06,-8.5395762608753516e-07,-5.8272801866391579e-07,-4.0531576145352887e-07,-2.3712036935249769e-07,-5.9018963108906056e-08,-1.6688600341045296e-08,ok,1,-5.042188888637611e-12,-4.570233080869457e-12,-4.615419157971701e-12,-4.670597242295571e-12,-4.722444657545566e-12,-4.780176254826074e-12,-4.818367926873179e-12,-4.855560398198122e-12,-4.900302386090516e-12,-4.965139410728625e-12,-5.042188888637611e-12
847,2.0681656575965607e-01,2.1117903474556729e+11,1.0206816565759655e+00,-1.8556699285071437e-06,-1.5791722934885943e-06,-1.3082693527703191e-06,-1.0484341025047368e-06,-8.0518174753185950e-07,-5.8390625317130877e-07,-3.8996732053321371e-07,-2.2881865630589097e-07,-1.0564519721101636e-07,-2.5990789175902617e-08,-1.8537239358655396e-06,-1.5189075613219468e-06,-1.3649979877998128e-06,-1.0400835205247498e-06,-7.8726129316769468e-07,-5.7845024865740418e-07,-4.0358217363483051e-07,-2.3150343370920871e-07,-7.7623507597948780e-08,-1.3344087504081504e-08,ok,1,1.688205131245013e-12,1.6040502259784262e-12,1.6013856907193258e-12,1.5920598173124745e-12,1.589173237448449e-12,1.5878409698188989e-12,1.6131540547803525e-12,1.6426859872353816e-12,1.666666804567285e-12,1.673994276529811e-12,1.688205131245013e-12
848,1.1475847116538422e+00,2.3064352768411798e+11,1.1147584711653842e+00,-1.6990660359806999e-06,-1.4459026185689541e-06,-1.1978617474254198e-06,-9.5995454103338779e-07,-7.3723076448372051e-07,-5.3462917500530157e-07,-3.5705715724630538e-07,-2.0950816810440425e-07,-9.6729576574030222e-08,-2.3797371751676936e-08,-1.6313603849591477e-06,-1.4223116469992842e-06,-1.1838567582139091e-06,-9.9407634993301972e-07,-7.5691323957992340e-07,-5.9066545955264185e-07,-3.4748687990555986e-07,-1.8682278089030977e-07,-5.7636617427711049e-08,-1.7971335180468899e-08,ok,1,-2.9586333383235797e-12,-2.620015315812907e-12,-2.6498803151753236e-12,-2.690625500179067e-12,-2.7310376182754226e-12,-2.779998453661392e-12,-2.809752430721346e-12,-2.833178136540937e-12,-2.8603786006442533e-12,-2.9061197892588098e-12,-2.9586333383235797e-12
849,-4.2627601300014994e-01,1.9808034929102689e+11,9.5737239869998492e-01,-1.9783819329402096e-06,-1.6836000230660178e-06,-1.3947827742309217e-06,-1.1177651016537676e-06,-8.5842692042307743e-07,-6.2251888876277337e-07,-4.1575513485877652e-07,-2.4395000888940486e-07,-1.1263131780782806e-07,-2.7709511771746605e-08,-2.0293120923660534e-06,-1.6877006273114631e-06,-1.3447881669998217e-06,-1.0731982268804131e-06,-9.0045255539169508e-07,-6.5998281077521645e-07,-4.0691550690550638e-07,-1.8165511538643617e-07,-6.1200219219485473e-08,-2.6073308831946970e-08,ok,1,-3.638200851696638e-13,-8.215650382226158e-14,-9.969802761133906e-14,-1.291189377639057e-13,-1.5865087021893487e-13,-1.9673151996357774e-13,-2.1782575743145571e-13,-2.3792079417717105e-13,-2.6489921367556235e-13,-3.113065361048939e-13,-3.638200851696638e-13
850,1.1214027861480877e+00,2.3010182364540393e+11,1.1121402786148087e+00,-1.7030659648845557e-06,-1.4493065519969357e-06,-1.2006817448386808e-06,-9.6221445903176873e-07,-7.3896634778731399e-07,-5.3588779512054678e-07,-3.5789773860888767e-07,-2.1000139070992488e-07,-9.6957296639649915e-08,-2.3853395351167259e-08,-1.6788957398395355e-06,-1.4845522983766913e-06,-1.2071642295212090e-06,-8.9341947002404017e-07,-7.5501736977070054e-07,-5.6582756916365365e-07,-3.4049782398761866e-07,-2.6910737844918954e-07,-1.0102847329873921e-07,-7.2897242784442770e-08,ok,1,1.199040866595169e-12,1.199040866595169e-12,1.1883827255587676e-12,1.1648459974367142e-12,1.1390888232654106e-12,1.1031175972675555e-12,1.0826894936144527e-12,1.0578204978628492e-12,1.0238476733093194e-12,9.705569681273118e-13,9.110490140074035e-13
851,7.6739174209374517e-01,2.2277733514391959e+11,1.0767391742093746e+00,-1.7590594844559905e-06,-1.4969569521913068e-06,-1.2401578415752530e-06,-9.9385021199404975e-07,-7.6326213404015363e-07,-5.5350675079388438e-07,-3.6966472499961251e-07,-2.1690583083330378e-07,-1.0014506528684956e-07,-2.4637648919130756e-08,-1.7188834058979917e-06,-1.5698219635245636e-06,-1.2274289804327580e-06,-1.0042046519114069e-06,-7.6713136362118049e-07,-5.7829660433315553e-07,-3.4958792166510766e-07,-2.1722494773494096e-07,-8.6859563261587545e-08,-4.4232566929940159e-08,ok,1,-3.273048498897424e-12,-2.917333041807524e-12,-2.9620750296999176e-12,-3.0189184485607257e-12,-3.069544618483633e-12,-3.1202818107090025e-12,-3.144484672645831e-12,-3.1629143748546085e-12,-3.1865621252791243e-12,-3.226752198770555e-12,-3.273048498897424e-12
852,-2.0009396418913603e+00,1.6550055880926776e+11,7.9990603581086395e-01,-2.3678384358685834e-06,-2.0150269161224085e-06,-1.6693542371784978e-06,-1.3378039527658801e-06,-1.0274134749809968e-06,-7.4506551405659855e-07,-4.9759905902751818e-07,-2.9197305022907624e-07,-1.3480347699671285e-07,-3.3164297509915062e-08,-2.4261257912634349e-06,-2.0623875686403469e-06,-1.6310845071325663e-06,-1.2828736136263353e-06,-1.0341925321845522e-06,-6.5762492437646883e-07,-3.9873937965140545e-07,-2.9519280608037755e-07,-1.3238245134030469e-07,-7.9784816220631023e-09,ok,1,-4.6707082645980336e-12,-4.0135672563224034e-12,-4.068745340646274e-12,-4.140243703432134e-12,-4.214961712989407e-12,-4.296452082996893e-12,-4.359068661585752e-12,-4.419575816427823e-12,-4.48474590797332e-12,-4.569011835542369e-12,-4.6707082645980336e-12
853,1.1461407571688176e+00,2.3061365226582285e+11,1.1146140757168819e+00,-1.6992861457148348e-06,-1.4460899316187491e-06,-1.1980169274038669e-06,-9.6007890073128106e-07,-7.3732627087622151e-07,-5.3469843487115324e-07,-3.5710341310359365e-07,-2.0953530936100998e-07,-9.6742107647561689e-08,-2.3800454641377788e-08,-1.6984079552137442e-06,-1.4397120406260726e-06,-1.2144817191199380e-06,-9.7238432700178724e-07,-7.0200625537958261e-07,-5.3346613613819113e-07,-3.3430174146501996e-07,-1.9112857442290058e-07,-8.4314658301802644e-08,-5.3255086226451317e-08,ok,1,3.383959779057477e-13,3.2018832030189515e-13,3.0819791163594346e-13,2.9243274468626623e-13,2.8688162956314045e-13,2.8044233602031454e-13,2.9976021664879227e-13,3.2307490016592055e-13,3.383959779057477e-13,3.3217872896784684e-13,3.2818192607919627e-13
854,-9.9340043070225939e-02,2.0484465450887701e+11,9.9006599569297737e-01,-1.9130525287467664e-06,-1.6280047992239420e-06,-1.3487247678861680e-06,-1.0808546715172357e-06,-8.3008026080138991e-07,-6.0196229783116129e-07,-4.0202622094262216e-07,-2.3589438097028522e-07,-1.0891204764903624e-07,-2.6794498414421773e-08,-1.8805649974318413e-06,-1.5724579659028559e-06,-1.3210890166552059e-06,-1.0647301002867387e-06,-8.1503868410900156e-07,-5.9310708836355297e-07,-4.1864557755360671e-07,-2.0172173299163224e-07,-3.7046213407458335e-08,-5.2395317665723413e-08,ok,1,1.4774848011711583e-12,1.4774848011711583e-12,1.4728218644677327e-12,1.4597212327771558e-12,1.446620601086579e-12,1.4237500067793007e-12,1.4195311592857252e-12,1.419087070075875e-12,1.4126477765330492e-12,1.3893330930159209e-12,1.3655743202889425e-12
855,1.1664827135689584e+00,2.3103452734374176e+11,1.1166482713568959e+00,-1.6961905599693548e-06,-1.4434555928463889e-06,-1.1958345026647178e-06,-9.5832992715956664e-07,-7.3598308526874595e-07,-5.3372437593627515e-07,-3.5645287861998730e-07,-2.0915359935972623e-07,-9.6565872767877988e-08,-2.3757097406744520e-08,-1.6686176236408838e-06,-1.4129594210070780e-06,-1.3004239689188723e-06,-8.8607445300278870e-07,-6.9615561313485149e-07,-5.3282709143785158e-07,-3.6163777375755574e-07,-1.4237307052732273e-07,-1.0173567098306019e-07,1.6747794467396161e-08,ok,1,-1.2631007351160406e-12,-1.1465273175303992e-12,-1.1544099010052378e-12,-1.1675105326958146e-12,-1.1771694730100535e-12,-1.1975975766631564e-12,-1.2005951788296443e-12,-1.2033707363912072e-12,-1.2115863867734333e-12,-1.2365664048274994e-12,-1.2631007351160406e-12
856,-1.3888867982389063e-02,2.0661263932144437e+11,9.9861111320176110e-01,-1.8966825340073780e-06,-1.6140739585394330e-06,-1.3371837270503699e-06,-1.0716057956912913e-06,-8.2297726216519122e-07,-5.9681130511100619e-07,-3.9858608167668292e-07,-2.3387583222814951e-07,-1.0798008701529452e-07,-2.6565217831950867e-08,-1.9230409457362798e-06,-1.6118755803751305e-06,-1.3542881451879238e-06,-1.1069593834960954e-06,-8.6354978980599277e-07,-6.1942360626382083e-07,-3.7296717163600892e-07,-2.3069545238815959e-07,-1.2604897102910587e-07,4.8024276517945489e-09,ok,1,-4.540035014599653e-12,-4.430678046674075e-12,-4.459321800709404e-12,-4.4930725806580085e-12,-4.5139447735209615e-12,-4.532818564939589e-12,-4.526157226791838e-12,-4.5143888627308115e-12,-4.5100589929347734e-12,-4.525269048372138e-12,-4.540035014599653e-12
857,-7.9668681505545824e-01,1.9041654979650256e+11,9.2033131849445415e-01,-2.0580069575231713e-06,-1.7513607981684090e-06,-1.4509193628425734e-06,-1.1627524078030376e-06,-8.9297650031133083e-07,-6.4757374849233706e-07,-4.3248826018843097e-07,-2.5376839892398101e-07,-1.1716445233559976e-07,-2.8824751715708613e-08,-2.0774099801736257e-06,-1.7240620963014947e-06,-1.4665062547023463e-06,-1.2126154782204972e-06,-9.2014816675078810e-07,-6.3278016336717739e-07,-4.1617510872927133e-07,-2.0159491608141139e-07,-7.5574163106888141e-08,3.0232002344822510e-08,ok,1,2.312150471084351e-12,2.2299939672620894e-12,2.2379875730393906e-12,2.2386537068541656e-12,2.2435386881625163e-12,2.2462032234216167e-12,2.270850174568295e-12,2.2961632595297488e-12,2.312150471084351e-12,2.3083757128006255e-12,2.3077095789858504e-12
858,-6.7382456785603417e-01,1.9295856969105865e+11,9.3261754321439660e-01,-2.0308949477396036e-06,-1.7282885189805293e-06,-1.4318050737402508e-06,-1.1474344058200249e-06,-8.8121250334104857e-07,-6.3904266664118310e-07,-4.2679069638828446e-07,-2.5042527547664954e-07,-1.1562093773938531e-07,-2.8445016871917868e-08,-2.1167038553271725e-06,-1.6890231653099422e-06,-1.3855718432291681e-06,-1.1499119047003080e-06,-8.2109610718134862e-07,-5.9478604667527372e-07,-3.9933072481733020e-07,-2.5135971797500128e-07,-1.2102466457987485e-07,3.8571483067833297e-08,ok,1,1.902034085787818e-12,1.902034085787818e-12,1.8891554987021664e-12,1.865618770580113e-12,1.84341431008761e-12,1.816102823681831e-12,1.8147705560522809e-12,1.824096429459132e-12,1.829647544582258e-12,1.8176571359163063e-12,1.8067769502749798e-12
859,-1.1865848870924758e+00,1.8234955868605667e+11,8.8134151129075244e-01,-2.1490514544238106e-06,-1.8288395268858950e-06,-1.5151068151494276e-06,-1.2141915963836070e-06,-9.3248102964123875e-07,-6.7622186647936357e-07,-4.5162117707197112e-07,-2.6499489945872549e-07,-1.2234770916495504e-07,-3.0099934488353474e-08,-2.1531379903491552e-06,-1.8528844045097684e-06,-1.5257121041378598e-06,-1.2790942489651943e-06,-9.2880644694921401e-07,-6.8683891077711328e-07,-4.0441419668536420e-07,-2.6896685741997978e-07,-1.1936792620006223e-07,-2.7227415045092543e-08,ok,1,-5.305755834683623e-13,-1.9328982858723975e-13,-2.1382895454280515e-13,-2.502442697505103e-13,-2.901012763345534e-13,-3.383959779057477e-13,-3.682609772681644e-13,-3.963496197911809e-13,-4.2787995369053533e-13,-4.759526106568046e-13,-5.305755834683623e-13
860,-6.4690532145666735e-01,1.9351552889906155e+11,9.3530946785433322e-01,-2.0250498062796714e-06,-1.7233143124672157e-06,-1.4276841795462098e-06,-1.1441319620253825e-06,-8.7867627578101453e-07,-6.3720343079625117e-07,-4.2556234531245483e-07,-2.4970452369094819e-07,-1.1528816782556411e-07,-2.8363148950778126e-08,-1.9950003536462826e-06,-1.7797371693958983e-06,-1.4696276697967965e-06,-1.0809775708907424e-06,-9.3452042755725513e-07,-6.2419527882645959e-07,-4.0499346049528630e-07,-2.6577410270938716e-07,-1.4807122768345858e-07,-1.9433711722685835e-10,ok,1,3.517408586617421e-12,3.232747403103531e-12,3.2529534621517087e-12,3.270050896730936e-12,3.2940317140628395e-12,3.3140157285060923e-12,3.3588687387009486e-12,3.4088287748090806e-12,3.453015651189162e-12,3.4792169145703156e-12,3.517408586617421e-12
861,2.6001790325176627e-01,2.1227977041827905e+11,1.0260017903251766e+00,-1.8460477111734846e-06,-1.5709838011378034e-06,-1.3014855751976937e-06,-1.0429976503430650e-06,-8.0100663338644911e-07,-5.8087852028406968e-07,-3.8794522045308396e-07,-2.2763216144109472e-07,-1.0509739448371744e-07,-2.5856018967969958e-08,-1.8864771041889625e-06,-1.5455399593303666e-06,-1.3852219920307514e-06,-1.0417819000107790e-06,-8.1629090006455296e-07,-5.2679486783028858e-07,-3.5864835206130645e-07,-3.0687652903505918e-07,-1.0620618290721180e-07,-5.7736248556990028e-08,ok,1,3.269384762916161e-12,3.0901947667416607e-12,3.1104008257898386e-12,3.127720304973991e-12,3.1468161409975437e-12,3.15725223742902e-12,3.1874503036988244e-12,3.2214231282523542e-12,3.248956659263058e-12,3.256728220435434e-12,3.269384762916161e-12
862,1.2263581138611239e+00,2.3227334937578665e+11,1.1226358113861123e+00,-1.6871439851375392e-06,-1.4357569713911456e-06,-1.1894565598968032e-06,-9.5321870699103080e-07,-7.3205774444139022e-07,-5.3087777507632447e-07,-3.5455174927951060e-07,-2.0803808573012119e-07,-9.6050841960098316e-08,-2.3630389733346834e-08,-1.6180955080018504e-06,-1.4361244399365880e-06,-1.1846520090921965e-06,-8.9639910002718057e-07,-7.5823996740210923e-07,-5.0825431873721794e-07,-4.2555955825468289e-07,-1.7528103095928437e-07,-1.3233213226248423e-07,-3.2072048442564484e-08,ok,1,-2.49877896152384e-12,-1.983413433492842e-12,-2.0213830609350225e-12,-2.0727863869751673e-12,-2.1240786907128495e-12,-2.186584246999246e-12,-2.2343238370581275e-12,-2.2822854717219343e-12,-2.337130489138417e-12,-2.41140440948584e-12,-2.49877896152384e-12
863,7.3081328593561867e-02,2.0841205268860080e+11,1.0073081328593563e+00,-1.8803067253213636e-06,-1.6001381701952323e-06,-1.3256385873132069e-06,-1.0623536350464049e-06,-8.1587174083706059e-07,-5.9165848297085068e-07,-3.9514472061527282e-07,-2.3185656658082002e-07,-1.0704779538760484e-07,-2.6335855818481437e-08,-1.8505101023939075e-06,-1.6105404901644023e-06,-1.3539962401011944e-06,-1.0468336825795875e-06,-7.8399108558124776e-07,-6.1657273521769566e-07,-4.0269429243968551e-07,-2.8050547436487464e-07,-1.1345638648631124e-07,1.3574222225651123e-10,ok,1,1.3413714583521141e-12,1.3284928712664623e-12,1.3167245072054357e-12,1.2969625373671079e-12,1.284305994886381e-12,1.2747580768746047e-12,1.2947420913178576e-12,1.319389042464536e-12,1.3393730569077889e-12,1.3391510123028638e-12,1.3413714583521141e-12
864,5.1499902013264953e-01,2.1755532972654453e+11,1.0514999020132649e+00,-1.8012823900935705e-06,-1.5328885808226759e-06,-1.2699254918357286e-06,-1.0177057121007107e-06,-7.8158280218539724e-07,-5.6679263652724052e-07,-3.7853782959853080e-07,-2.2211224625501567e-07,-1.0254885872253151e-07,-2.5229029219027414e-08,-1.8265052127447360e-06,-1.4787933280264847e-06,-1.3176537491731366e-06,-1.0363671301941426e-06,-8.0064169960614278e-07,-4.9371421587187265e-07,-4.2208990620777905e-07,-2.5624030207378859e-07,-1.4549971925716004e-07,2.6112531144665303e-08,ok,1,-1.3210543770014738e-12,-1.1762812945903534e-12,-1.1959322421262186e-12,-1.2232437285319975e-12,-1.2452261444195756e-12,-1.2729817200352045e-12,-1.2780887459484802e-12,-1.2766454560164675e-12,-1.279754080485418e-12,-1.3004042287434459e-12,-1.3210543770014738e-12
865,-1.9570870864033466e-01,2.0285078681823148e+11,9.8042912913596658e-01,-1.9318563681951812e-06,-1.6440068380628590e-06,-1.3619816981661338e-06,-1.0914786441499707e-06,-8.3823931326805847e-07,-6.0787912564035957e-07,-4.0597783042494007e-07,-2.3821304185385940e-07,-1.0998256956480187e-07,-2.7057867788094178e-08,-1.8905971797476849e-06,-1.6356892215833501e-06,-1.3984180789290193e-06,-1.0821789108007400e-06,-8.2092388062965662e-07,-6.1208145460796901e-07,-4.5270814544040486e-07,-2.8062679412694219e-07,-1.4978850332818322e-07,-5.3845976807441486e-08,ok,1,9.472422846101836e-13,8.106848525812893e-13,8.182343691487404e-13,8.222311720373909e-13,8.331113576787175e-13,8.382183835919932e-13,8.646416915780719e-13,8.93951579428176e-13,9.201528428093297e-13,9.301448500309561e-13,9.472422846101836e-13
866,-7.2802569999538913e-01,1.9183714826709540e+11,9.2719743000046106e-01,-2.0427669398108835e-06,-1.7383915662194229e-06,-1.4401749692397801e-06,-1.1541419571797935e-06,-8.8636380270513998e-07,-6.4277831504586918e-07,-4.2928558455040696e-07,-2.5188918521172210e-07,-1.1629682245594282e-07,-2.8611297759633923e-08,-2.0763215805620490e-06,-1.7670468446141616e-06,-1.4509952264288549e-06,-1.2628984738246705e-06,-8.4044119139293578e-07,-6.1951645961716742e-07,-4.0002943763048022e-07,-2.6523269711121277e-07,-7.6522772072836267e-08,-7.2977161110401038e-08,ok,1,-8.159029007970275e-13,-6.753486658794827e-13,-6.818989817247711e-13,-6.981082378842984e-13,-7.132072710192006e-13,-7.335243523698409e-13,-7.360778653264788e-13,-7.395195567028168e-13,-7.500666754367558e-13,-7.80486786311485e-13,-8.159029007970275e-13
867,1.2404474225706189e-01,2.0946648571729861e+11,1.0124044742257061e+00,-1.8708414521134331e-06,-1.5920832370573336e-06,-1.3189654572144431e-06,-1.0570058546744988e-06,-8.1176472530319613e-07,-5.8868013421987229e-07,-3.9315560219820866e-07,-2.3068942415770736e-07,-1.0650892765080156e-07,-2.6203283793339546e-08,-1.8442424725531307e-06,-1.5640779934121536e-06,-1.3016812172340216e-06,-1.0288352055926072e-06,-8.0580132211771218e-07,-5.6325868439862897e-07,-4.0185375530968682e-07,-1.9655321069481450e-07,-1.3706609871845226e-07,-5.2833668117079543e-08,ok,1,1.9118040484045196e-12,1.4359624600501775e-12,1.467936883159382e-12,1.5027978861326119e-12,1.5503154315865686e-12,1.5971668432257502e-12,1.6657786261475849e-12,1.7361667659088198e-12,1.800781745942004e-12,1.8480772467910356e-12,1.9118040484045196e-12
868,-5.8259702671786551e-01,1.9484606751720737e+11,9.4174029732821352e-01,-2.0112214185311759e-06,-1.7115463754754081e-06,-1.4179350018438280e-06,-1.1363190675682548e-06,-8.7267608941037868e-07,-6.3285218171143618e-07,-4.2265632240657449e-07,-2.4799937502459885e-07,-1.1450090349125983e-07,-2.8169466494034864e-08,-1.9681831809261340e-06,-1.7327841690353994e-06,-1.4612929575410125e-06,-1.1741095752269502e-06,-8.3492816421776543e-07,-6.1381903825608355e-07,-3.7217113496280458e-07,-2.1951125914104935e-07,-1.7048625779960010e-07,-2.8379593949802991e-08,ok,1,-2.360778239562933e-12,-1.8034462812011043e-12,-1.853295295006774e-12,-1.9184653865522705e-12,-1.9841905896100798e-12,-2.0584645099575027e-12,-2.1119772597444353e-12,-2.1619372958525673e-12,-2.2144508449173372e-12,-2.282618538629322e-12,-2.360778239562933e-12
869,7.7482209761235954e-01,2.2293106919959973e+11,1.0774822097612360e+00,-1.7578464308110861e-06,-1.4959246453802126e-06,-1.2393026243396063e-06,-9.9316484937136163e-07,-7.6273578577195695e-07,-5.5312505058016386e-07,-3.6940980289735834e-07,-2.1675625180495010e-07,-1.0007600489552163e-07,-2.4620658709271796e-08,-1.8017178467500839e-06,-1.5149701787223587e-06,-1.2142186960255099e-06,-1.0578019910328174e-06,-7.6387671086760718e-07,-5.2367214441188568e-07,-3.6682631226754899e-07,-1.7472681243954483e-07,-4.8745840959211410e-08,-3.8913779511360963e-08,ok,1,4.192646230194441e-12,3.9037661991869754e-12,3.933742220851855e-12,3.9603875734428584e-12,3.990141550502813e-12,4.0110137433657655e-12,4.052536084486746e-12,4.097611139286528e-12,4.1382453019878085e-12,4.160893851690162e-12,4.192646230194441e-12
870,-3.2705441420868520e-01,2.0013324417002231e+11,9.6729455857913149e-01,-1.9580884022148541e-06,-1.6663302592108083e-06,-1.3804755938969698e-06,-1.1062994690292614e-06,-8.4962148564079037e-07,-6.1613331377052972e-07,-4.1149046813144855e-07,-2.4144765738774300e-07,-1.1147598623587010e-07,-2.7425277560371290e-08,-1.9388435172374540e-06,-1.6422156968234508e-06,-1.3580112343575443e-06,-1.1019612067863304e-06,-8.2880964791562457e-07,-6.3690878908410508e-07,-3.5642214951047671e-07,-2.0508903052484757e-07,-1.2477773228148648e-07,-1.6437063401370195e-08,ok,1,-2.4216184613123914e-12,-2.377209540327385e-12,-2.3920865288573623e-12,-2.408184762714427e-12,-2.4136248555350903e-12,-2.4216184613123914e-12,-2.404743071338089e-12,-2.380651231703723e-12,-2.362554596402333e-12,-2.3643309532417334e-12,-2.3619994848900205e-12
871,-1.2970714129422831e+00,1.8006359246622415e+11,8.7029285870577167e-01,-2.1763343657595597e-06,-1.8520572430352402e-06,-1.5343415918768554e-06,-1.2296061559560118e-06,-9.4431918139941703e-07,-6.8480672431892509e-07,-4.5735465567519019e-07,-2.6835909640771540e-07,-1.2390095336221417e-07,-3.0482063004701302e-08,-2.1793067913412558e-06,-1.8786155256850635e-06,-1.5522091079760429e-06,-1.2840113012512750e-06,-9.5492082142477897e-07,-6.7845829081761670e-07,-4.4037923122418833e-07,-3.4762977343486192e-07,-1.4208298402190759e-07,-1.2245040722668107e-08,ok,1,-4.569788991659607e-12,-3.873790177522096e-12,-3.942624005048856e-12,-4.026334821105593e-12,-4.109268481045092e-12,-4.199862679854505e-12,-4.266254016727089e-12,-4.326539126964235e-12,-4.391487173904807e-12,-4.473643677727068e-12,-4.569788991659607e-12
872,1.0380440456493392e+00,2.2837713130448483e+11,1.1038044045649340e+00,-1.7159274313843467e-06,-1.4602516404730975e-06,-1.2097492315693870e-06,-9.6948105309540765e-07,-7.4454698360676411e-07,-5.3993479216393900e-07,-3.6060056390772796e-07,-2.1158731040254692e-07,-9.7689513152907648e-08,-2.4033534964985007e-08,-1.7930385582858818e-06,-1.4315860786923659e-06,-1.2065449927536797e-06,-9.3921357035403154e-07,-6.8213229070908890e-07,-5.1579765525783700e-07,-3.0014736490507653e-07,-1.5472647777304040e-07,-9.3398747979185476e-08,3.5042308258686015e-09,ok,1,-4.3867132148989185e-12,-4.224509631001183e-12,-4.249045559845399e-12,-4.280464871442291e-12,-4.306333067916057e-12,-4.334865799648924e-12,-4.340972026284362e-12,-4.341860204704062e-12,-4.345412918382863e-12,-4.365507955128578e-12,-4.3867132148989185e-12
873,-5.4100825561517740e-01,1.9570653919132199e+11,9.4589917443848226e-01,-2.0023785915757499e-06,-1.7040211431539477e-06,-1.4117007037503885e-06,-1.1313229628193355e-06,-8.6883915550780249e-07,-6.3006969228523249e-07,-4.2079801049428347e-07,-2.4690898510633911e-07,-1.1399747225969332e-07,-2.8045612543743070e-08,-2.0485079923212476e-06,-1.7268593107915533e-06,-1.4032000377757331e-06,-1.1413814025781782e-06,-9.0741661834846980e-07,-6.3117556396558735e-07,-4.0103282339055118e-07,-2.8308351338818573e-07,-1.8571581988993641e-07,-6.3617554517557054e-08,ok,1,6.008527009271347e-13,5.047073869945962e-13,5.049294315995212e-13,4.998224056862455e-13,5.022648963404208e-13,5.03819208574896e-13,5.282441151166495e-13,5.557776461273534e-13,5.806466418789569e-13,5.88418203051333e-13,6.008527009271347e-13
874,-4.0172042095435168e-01,1.9858840449045447e+11,9.5982795790456488e-01,-1.9733205738535096e-06,-1.6792928141631332e-06,-1.3912144559247638e-06,-1.1149054867031419e-06,-8.5623077880805757e-07,-6.2092627836675763e-07,-4.1469149492447863e-07,-2.4332590361767168e-07,-1.1234316943053171e-07,-2.7638621623183549e-08,-1.9039569134572574e-06,-1.6353694122310302e-06,-1.4176424276432786e-06,-1.1413174452517253e-06,-8.5182026030300629e-07,-6.6078578584557530e-07,-4.3098846571846548e-07,-2.5136637440691567e-07,-3.8098776691217833e-08,-1.5052359024498588e-08,ok,1,5.467626351673971e-12,4.773514916678323e-12,4.830580380144056e-12,4.887867888214714e-12,4.9544812696922236e-12,5.023759186428833e-12,5.119460411151522e-12,5.2162718588988355e-12,5.303979477844223e-12,5.374589662210383e-12,5.467626351673971e-12
875,-1.1134515330680907e+00,1.8386268778082120e+11,8.8865484669319095e-01,-2.1313654719066796e-06,-1.8137887825993957e-06,-1.5026379872909788e-06,-1.2041992012263583e-06,-9.2480701925233998e-07,-6.7065678422720603e-07,-4.4790448419084589e-07,-2.6281407910231071e-07,-1.2134082799384169e-07,-2.9852221985236685e-08,-2.0635467402681511e-06,-1.8133231500805801e-06,-1.5113299011642344e-06,-1.2209268055119022e-06,-9.0201739140555618e-07,-6.9838123677366779e-07,-5.3244539596185928e-07,-2.1963077864204529e-07,-1.6872514324507933e-07,-6.3166156784984126e-08,ok,1,3.559375016948252e-13,2.9243274468626623e-13,2.9243274468626623e-13,2.8488322811881517e-13,2.828848266744899e-13,2.8066438062523957e-13,3.035349749325178e-13,3.3084646133829665e-13,3.5127456499139953e-13,3.5216274341109965e-13,3.559375016948252e-13
876,-2.5182693466268469e-01,2.0168970072182904e+11,9.7481730653373144e-01,-1.9429776677014388e-06,-1.6534710470679128e-06,-1.3698223464858263e-06,-1.0977620620613094e-06,-8.4306488447200817e-07,-6.1137856065577622e-07,-4.0831496123818199e-07,-2.3958438530787287e-07,-1.1061571658166151e-07,-2.7213634364018005e-08,-1.9341305307444296e-06,-1.6109774965901376e-06,-1.3621056044680717e-06,-1.1133758273263225e-06,-8.4582058831802059e-07,-6.4196932820717787e-07,-4.3851315025920878e-07,-1.5910564594220502e-07,-1.2240038213285685e-07,-7.0806275873231720e-09,ok,1,-2.391420395042587e-13,3.752553823233029e-14,1.687538997430238e-14,-1.5432100042289676e-14,-4.6074255521943996e-14,-8.504308368628699e-14,-1.0391687510491465e-13,-1.2001510896197942e-13,-1.4444001550373287e-13,-1.887379141862766e-13,-2.391420395042587e-13
877,4.5243443532004407e-01,2.1626086846677170e+11,1.0452434435320044e+00,-1.8120642309788237e-06,-1.5420639110564413e-06,-1.2775268177936261e-06,-1.0237973394416028e-06,-7.8626108109294170e-07,-5.7018525728223524e-07,-3.8080362349649893e-07,-2.2344173179881441e-07,-1.0316268001111152e-07,-2.5380041287010427e-08,-1.8281596455934569e-06,-1.5864181124265440e-06,-1.2881494530763756e-06,-1.0440180621767421e-06,-7.6387832939115649e-07,-5.5600272727015914e-07,-3.6670618393684052e-07,-2.2917174253825754e-07,-1.1520394336936310e-07,2.4357747240299066e-09,ok,1,3.2815972161870377e-12,2.97895041967422e-12,3.0033753262159735e-12,3.028244321967577e-12,3.0608848788915566e-12,3.0888624991121105e-12,3.1381564014054675e-12,3.1861180360692742e-12,3.2254199311410048e-12,3.248068480843358e-12,3.2815972161870377e-12
878,9.9571099559616205e-01,2.2750126049888458e+11,1.0995710995596162e+00,-1.7225336837529444e-06,-1.4658735512148551e-06,-1.2144067179992955e-06,-9.7321351659361187e-07,-7.4741345988302724e-07,-5.4201351964055212e-07,-3.6198886173766815e-07,-2.1240191313274981e-07,-9.8065613893421539e-08,-2.4126063118782227e-08,-1.7763734141458520e-06,-1.4725652923536877e-06,-1.1525250328150841e-06,-9.9024288806768259e-07,-8.0720156272668230e-07,-5.1850987141691884e-07,-3.4411832449546361e-07,-1.8934536334431519e-07,-1.3620219272915807e-07,-2.2154013806399088e-08,ok,1,-6.336375868443156e-12,-5.879297049204979e-12,-5.922928814072748e-12,-5.9756644077424426e-12,-6.0285110237146e-12,-6.092459869933009e-12,-6.133871188751527e-12,-6.169509347841995e-12,-6.209588399030963e-12,-6.268763286243484e-12,-6.336375868443156e-12
879,5.0859633664833759e-01,2.1742285820525409e+11,1.0508596336648337e+00,-1.8023798764417545e-06,-1.5338225400397196e-06,-1.2706992327539459e-06,-1.0183257804096145e-06,-7.8205900539489454e-07,-5.6713797226375434e-07,-3.7876846534035238e-07,-2.2224757492939754e-07,-1.0261133974887869e-07,-2.5244400776146480e-08,-1.8821334861244690e-06,-1.5156145873082173e-06,-1.2825947137527982e-06,-1.0216234978379393e-06,-8.2863136176344460e-07,-4.6414921069038043e-07,-3.7281603380830431e-07,-2.4608149941300027e-07,-6.6617713561097639e-08,-4.9109786932749266e-08,ok,1,-8.532063944244328e-13,-7.320810624378282e-13,-7.567280135845067e-13,-7.882583474838611e-13,-8.096856518591267e-13,-8.290035324876044e-13,-8.216760605250784e-13,-8.122391648157645e-13,-8.120171202108395e-13,-8.327782907713299e-13,-8.532063944244328e-13
880,-1.8635942938022891e+00,1.6834223406123065e+11,8.1364057061977113e-01,-2.3278685024795067e-06,-1.9810125634561883e-06,-1.6411749591283496e-06,-1.3152213584178582e-06,-1.0100703794660851e-06,-7.3248854997180222e-07,-4.8919941446484671e-07,-2.8704444395602261e-07,-1.3252794758798748e-07,-3.2604472674649021e-08,-2.4060224089824954e-06,-1.9126258913483988e-06,-1.6182408535965754e-06,-1.3987166115426382e-06,-9.8519611663280857e-07,-7.9245946248851709e-07,-5.3003567155919402e-07,-2.5887339933243225e-07,-1.3445503483472335e-07,-6.3360802153574436e-08,ok,1,9.798828415341632e-13,7.291944825738028e-13,7.471800955727304e-13,7.642775301519578e-13,7.913669719528116e-13,8.149037000748649e-13,8.568701304056958e-13,9.00612917575927e-13,9.381384558082573e-13,9.552358903874847e-13,9.798828415341632e-13
881,-2.4045034824114886e-01,2.0192508229489062e+11,9.7595496517588509e-01,-1.9407127626408421e-06,-1.6515436162979849e-06,-1.3682255615015474e-06,-1.0964824143891377e-06,-8.4208213415282565e-07,-6.1066588422164020e-07,-4.0783899353290366e-07,-2.3930510475017215e-07,-1.1048677320758993e-07,-2.7181911766687756e-08,-1.9339883335389590e-06,-1.6360611993507526e-06,-1.3122533939593348e-06,-1.0754451270094300e-06,-8.3978257822910198e-07,-5.4607333718251834e-07,-4.4477564294684335e-07,-2.2679080537931233e-07,-1.4109048865555546e-07,-5.7636596929244415e-08,ok,1,-2.2978285940666865e-12,-2.26929586233382e-12,-2.2762902673889585e-12,-2.2847279623761096e-12,-2.2881696537524476e-12,-2.2978285940666865e-12,-2.2875035199376725e-12,-2.271849375290458e-12,-2.261746345766369e-12,-2.2711832414756827e-12,-2.2782886688332837e-12
882,-5.5278839348053554e-01,1.9546280813888773e+11,9.4472116065194645e-01,-2.0048754442893765e-06,-1.7061459610247416e-06,-1.4134610145867121e-06,-1.1327336584898716e-06,-8.6992254873446606e-07,-6.3085535351220390e-07,-4.2132272178461111e-07,-2.4721686662891818e-07,-1.1413962065220499e-07,-2.8080583834431242e-08,-2.0102530225558269e-06,-1.6457676052249291e-06,-1.4106430052711904e-06,-1.1744109275486477e-06,-8.5170228054554866e-07,-6.1429744899893501e-07,-4.1538090375499620e-07,-2.2324891040369437e-07,-8.9330190437989310e-08,3.6243348273335733e-08,ok,1,4.3725023601837165e-12,4.123146268852906e-12,4.156897048801511e-12,4.183986490602365e-12,4.211964110822919e-12,4.234168571315422e-12,4.275246823226553e-12,4.3152148521130584e-12,4.345857007592713e-12,4.356293104024189e-12,4.3725023601837165e-12
883,-1.6293421536076225e-01,2.0352889108418582e+11,9.8370657846392373e-01,-1.9254199353219676e-06,-1.6385294434538731e-06,-1.3574439364984061e-06,-1.0878421268903319e-06,-8.3544652227134877e-07,-6.0585383367141392e-07,-4.0462522000476426e-07,-2.3741937919916780e-07,-1.0961613682269217e-07,-2.6967718151394655e-08,-1.9824369579002109e-06,-1.6300804888877047e-06,-1.3475420712585357e-06,-1.0752605495195561e-06,-8.0683646130564407e-07,-5.6025992704598559e-07,-2.9184159244874996e-07,-1.9610187446800496e-07,-6.9082805036331484e-08,-6.9527949521958152e-08,ok,1,-1.6693313398263854e-12,-1.0742517986273015e-12,-1.1276535261117715e-12,-1.2001510896197942e-12,-1.2745360322696797e-12,-1.3525847109008282e-12,-1.4052092822680606e-12,-1.4528378500244798e-12,-1.506461622113875e-12,-1.5804024755539103e-12,-1.6693313398263854e-12
884,7.2260258198992711e-01,2.2185064742137158e+11,1.0722602581989926e+00,-1.7664072152225975e-06,-1.5032098599247374e-06,-1.2453380790877098e-06,-9.9800160303262772e-07,-7.6645034041682539e-07,-5.5581879232418537e-07,-3.7120884382970386e-07,-2.1781186366547538e-07,-1.0056337915504300e-07,-2.4740562329721692e-08,-1.7035268692864462e-06,-1.4529313308522537e-06,-1.1836623135255898e-06,-1.0664748195356551e-06,-7.7849532973446072e-07,-6.4551380402257861e-07,-3.6331498873684479e-07,-1.5456880999540028e-07,-1.2586797777578935e-07,6.7069938167020237e-09,ok,1,-2.8843594179761567e-12,-2.4767965456362617e-12,-2.514988217683367e-12,-2.5643931422791866e-12,-2.612687843850381e-12,-2.668865128896414e-12,-2.704836354894269e-12,-2.7372548672133235e-12,-2.7730040486062535e-12,-2.8252955530660984e-12,-2.8843594179761567e-12
885,-4.5086744813204149e-01,1.9757155249814807e+11,9.5491325518679593e-01,-1.9834767675383401e-06,-1.6879357195783880e-06,-1.3983746931705683e-06,-1.1206436299183956e-06,-8.6063758718111210e-07,-6.2412203258419224e-07,-4.1682580964100880e-07,-2.4457824195435012e-07,-1.1292137198046888e-07,-2.7780870783320949e-08,-1.9856623419389826e-06,-1.6473066621124950e-06,-1.3718284650197386e-06,-1.0706667179518715e-06,-8.7419376020664550e-07,-5.7778298750771368e-07,-4.8417059125537715e-07,-1.9317665289935043e-07,-1.7067752379630587e-07,1.6935736928689255e-08,ok,1,-4.048761326203021e-12,-3.3879565819461277e-12,-3.4487968036955863e-12,-3.5235148132528593e-12,-3.595568287551032e-12,-3.6731728769723304e-12,-3.732902875697164e-12,-3.793299008236772e-12,-3.8611336350413694e-12,-3.9475089863572066e-12,-4.048761326203021e-12
886,-1.0543722853044657e+00,1.8508503741705060e+11,8.9456277146955343e-01,-2.1172893810145422e-06,-1.8018100506083055e-06,-1.4927141759287686e-06,-1.1962463570838681e-06,-9.1869935361153923e-07,-6.6622759271748053e-07,-4.4494640669843770e-07,-2.6107838669572965e-07,-1.2053946166492398e-07,-2.9655070161419508e-08,-2.1477093277280573e-06,-1.7930069939387625e-06,-1.4828344733456886e-06,-1.2423913199033790e-06,-8.2928390955605290e-07,-6.7778190178637150e-07,-4.3049216451058908e-07,-3.0737230894474745e-07,-1.1942862100444796e-07,-1.1896459864378075e-08,ok,1,-3.2718272535703363e-13,-2.1793677973391823e-13,-2.2470914018413168e-13,-2.3925306180672123e-13,-2.5013324744804777e-13,-2.65898414397725e-13,-2.632338791386246e-13,-2.6068036618198676e-13,-2.6689761511988763e-13,-2.9543034685275416e-13,-3.2718272535703363e-13
887,-9.2318769372327036e-01,1.8779924661686554e+11,9.0768123062767303e-01,-2.0866887986317918e-06,-1.7757690014317815e-06,-1.4711404016849584e-06,-1.1789573480665888e-06,-9.0542165264735300e-07,-6.5659879444362531e-07,-4.3851572259043615e-07,-2.5730509488574898e-07,-1.1879733904329144e-07,-2.9226473850625983e-08,-2.1115477927176522e-06,-1.7379094529701095e-06,-1.5110099389281853e-06,-1.1458098438787945e-06,-9.1041128579033252e-07,-6.4439992962443839e-07,-4.2088568824378861e-07,-2.0028824414569338e-07,-1.2262437705657909e-07,-4.1208132363544718e-08,ok,1,-3.3349989436715077e-12,-2.5087709687454662e-12,-2.5751623056180506e-12,-2.6638691252856006e-12,-2.7573499039590388e-12,-2.8637092697181288e-12,-2.951194844058591e-12,-3.0322411248562275e-12,-3.1138425171661765e-12,-3.2139846339873657e-12,-3.3349989436715077e-12
888,-7.5157897136717522e-01,1.9134983108241315e+11,9.2484210286328250e-01,-2.0479693245145901e-06,-1.7428187877085392e-06,-1.4438427122821640e-06,-1.1570812501294737e-06,-8.8862113583469439e-07,-6.4441530065052421e-07,-4.3037886088806096e-07,-2.5253068004829255e-07,-1.1659299956673220e-07,-2.8684163134004824e-08,-2.1107091670986568e-06,-1.6985771881126598e-06,-1.4414289582498719e-06,-1.1992650940309573e-06,-8.7637623344745517e-07,-6.2772134857563563e-07,-3.6043649326728559e-07,-2.0875518209902529e-07,-5.2223182532534010e-08,-3.6475420857719481e-08,ok,1,-2.1505019986989282e-13,-1.411093464298574e-13,-1.3777867735598193e-13,-1.4055423491754482e-13,-1.4166445794216997e-13,-1.546540673302843e-13,-1.509903313490213e-13,-1.4788170688007085e-13,-1.5576429035490946e-13,-1.8418599978531347e-13,-2.1505019986989282e-13
889,-1.9056125621201014e+00,1.6747287608973511e+11,8.0943874378798986e-01,-2.3399525550575233e-06,-1.9912960738646016e-06,-1.6496943598053924e-06,-1.3220487217462511e-06,-1.0153136926344386e-06,-7.3629092546743731e-07,-4.9173886694655090e-07,-2.8853450241482706e-07,-1.3321590512728194e-07,-3.2773723713388950e-08,-2.3432966931540421e-06,-1.9983634940526106e-06,-1.6743436170790074e-06,-1.3668443946830754e-06,-1.0370361925631752e-06,-6.8350591248494018e-07,-4.7069254667028302e-07,-3.1723892528237709e-07,-1.3610145780711167e-07,-1.9775981233937773e-08,ok,1,3.318456620604593e-12,2.8625990466935036e-12,2.9130031720114857e-12,2.965183654168868e-12,3.021582983819826e-12,3.0673241724343825e-12,3.127054171159216e-12,3.1865621252791243e-12,3.2382985182266566e-12,3.2724933873851114e-12,3.318456620604593e-12
890,1.5180466706395950e+00,2.3830838561553320e+11,1.1518046670639595e+00,-1.6444179389515580e-06,-1.3993971709166076e-06,-1.1593341895704313e-06,-9.2907893773669469e-07,-7.1351876183222925e-07,-5.1743357082544189e-07,-3.4557291015947800e-07,-2.0276962913273616e-07,-9.3618404215673297e-08,-2.3031962372068955e-08,-1.5573801677166200e-06,-1.4296821062477899e-06,-1.1405461505832839e-06,-9.6648957071822597e-07,-7.1739771009557725e-07,-5.3466095422472702e-07,-3.2617501774454620e-07,-1.6289996157874201e-07,-9.0342215440024459e-08,-6.5450340637772223e-08,ok,1,2.2517543385447425e-12,2.2517543385447425e-12,2.249533892495492e-12,2.2364332608049153e-12,2.2248869413488137e-12,2.2084556405843614e-12,2.212452443473012e-12,2.220446049250313e-12,2.2251089859537387e-12,2.211786309658237e-12,2.199795900992285e-12
891,-4.8328256669022102e-01,1.9690088369517932e+11,9.5167174333097782e-01,-1.9902327351447536e-06,-1.6936850377605511e-06,-1.4031377306227230e-06,-1.1244606809606240e-06,-8.6356902542921092e-07,-6.2624786955099910e-07,-4.1824556999013768e-07,-2.4541130574782320e-07,-1.1330599616354173e-07,-2.7875495871053053e-08,-1.9967842144942422e-06,-1.6902791145027367e-06,-1.4057650395179724e-06,-1.1688188540551085e-06,-8.9858635361295762e-07,-6.1712428189933647e-07,-4.3605783770302331e-07,-1.7541718148036653e-07,-1.2801473447946659e-07,-3.4489270792518210e-08,ok,1,3.3308911184803947e-12,3.036237927744878e-12,3.0726532429525832e-12,3.107292201320888e-12,3.1452618287630685e-12,3.171241047539297e-12,3.212985433265203e-12,3.254951863596034e-12,3.290479000384039e-12,3.3069103011484913e-12,3.3308911184803947e-12
892,5.7812535939333887e-01,2.1886141368584818e+11,1.0578125359393338e+00,-1.7905330030932279e-06,-1.5237408687958240e-06,-1.2623470462525545e-06,-1.0116324208655936e-06,-7.7691860513356182e-07,-5.6341022773204866e-07,-3.7627885585464498e-07,-2.2078676252987132e-07,-1.0193688506704724e-07,-2.5078471705001631e-08,-1.7574896984856343e-06,-1.5680011060830313e-06,-1.3124161275651326e-06,-1.0497234512371982e-06,-8.0306667967402120e-07,-5.3744786515091652e-07,-3.5947191221356769e-07,-1.9342978538291392e-07,-8.6448755828794402e-08,-5.1259861706093232e-08,ok,1,7.047695760320494e-13,6.765699112065704e-13,6.763478666016454e-13,6.683542608243442e-13,6.645795025406187e-13,6.552536291337674e-13,6.723510637129948e-13,6.927791673660977e-13,7.047695760320494e-13,6.992184609089236e-13,6.94777568810423e-13
893,5.8651196338169376e-01,2.1903493252236725e+11,1.0586511963381695e+00,-1.7891145480556805e-06,-1.5225337657111530e-06,-1.2613470185938872e-06,-1.0108310086039992e-06,-7.7630313247416355e-07,-5.6296389578826702e-07,-3.7598076883941430e-07,-2.2061185589873888e-07,-1.0185613096317483e-07,-2.5058604612656614e-08,-1.8552951779341539e-06,-1.5073865855780694e-06,-1.2017138395770734e-06,-9.9923161938643986e-07,-7.1333914845019371e-07,-5.4263399792499331e-07,-3.7736348505869221e-07,-2.5572960245108751e-07,-7.9253806266509746e-08,-2.9492922457559257e-08,ok,1,8.264500195309665e-13,7.036593530074242e-13,7.112088695748753e-13,7.132072710192006e-13,7.218670106112768e-13,7.269740365245525e-13,7.553957459549565e-13,7.87592213669086e-13,8.124612094206896e-13,8.166800569142652e-13,8.264500195309665e-13
894,9.8641468190562698e-01,2.2730891976862741e+11,1.0986414681905627e+00,-1.7239912305561670e-06,-1.4671139213328847e-06,-1.2154343058174860e-06,-9.7403701529417267e-07,-7.4804589459807960e-07,-5.4247215222382855e-07,-3.6229516385150130e-07,-2.1258164008531049e-07,-9.8148593531777072e-08,-2.4146477736233679e-08,-1.7275243032348318e-06,-1.4984473738396808e-06,-1.2091292563826666e-06,-9.7689188560667339e-07,-7.9060871326133799e-07,-5.5275827528098790e-07,-2.4618074204169730e-07,-2.0914536110919866e-07,-8.5018858289264719e-08,-3.5427348806450615e-08,ok,1,1.2942980021080075e-12,1.0798029137504273e-12,1.085798118083403e-12,1.0864642518981782e-12,1.0966783037247296e-12,1.1104450692300816e-12,1.1513012765362873e-12,1.1974865543606938e-12,1.2385648062718246e-12,1.262101534393878e-12,1.2942980021080075e-12
895,-9.0859881403161114e-01,1.8810109053768597e+11,9.0914011859683896e-01,-2.0833403101830861e-06,-1.7729194428427508e-06,-1.4687796775345647e-06,-1.1770654871125925e-06,-9.0396873166229190e-07,-6.5554515698709283e-07,-4.3781204083759596e-07,-2.5689219999771704e-07,-1.1860670615270222e-07,-2.9179574423108962e-08,-2.1039304427601608e-06,-1.7016978676565887e-06,-1.4628562478031715e-06,-1.1454448013160007e-06,-8.7206236916171824e-07,-6.3105353262203747e-07,-4.8191554505247512e-07,-2.6325025739688148e-07,-7.1395894015355065e-08,-3.5951433178671017e-08,ok,1,-3.82982534574694e-12,-3.3847369351747147e-12,-3.4272584770178582e-12,-3.480993271409716e-12,-3.5338398873818733e-12,-3.594680109131332e-12,-3.6346481380178375e-12,-3.671063453225543e-12,-3.710920459809586e-12,-3.766320588738381e-12,-3.82982534574694e-12
896,-9.3639939035519176e-02,2.0496258966135510e+11,9.9063600609644809e-01,-1.9119517613264976e-06,-1.6270680478195593e-06,-1.3479487137731884e-06,-1.0802327494369927e-06,-8.2960263392319835e-07,-6.0161592967056047e-07,-4.0179489568661366e-07,-2.3575864771403610e-07,-1.0884937982790932e-07,-2.6779080902126521e-08,-1.9761002340660650e-06,-1.6420269483709636e-06,-1.2926584252812412e-06,-1.0823171068722618e-06,-8.0969603818810736e-07,-6.3017599322369523e-07,-3.7201154537774922e-07,-2.2132432760448713e-07,-8.6599989254367972e-08,-7.3097740950661334e-08,ok,1,3.170796958329447e-12,3.0169200471164004e-12,3.0329072586710026e-12,3.0451197119418794e-12,3.063105324940807e-12,3.0742075551870585e-12,3.1048497106667128e-12,3.1370461783808423e-12,3.1608049511078207e-12,3.163469486366921e-12,3.170796958329447e-12
897,5.4985689461619514e-01,2.1827653914960907e+11,1.0549856894616194e+00,-1.7953307571887563e-06,-1.5278237502512799e-06,-1.2657295199073481e-06,-1.0143431017532536e-06,-7.7900036761046579e-07,-5.6491989201789774e-07,-3.7728709944383909e-07,-2.2137836323884998e-07,-1.0221002614119957e-07,-2.5145669762848863e-08,-1.8171116082063452e-06,-1.5622422983345962e-06,-1.2847645018324253e-06,-9.9846026566747426e-07,-8.0783851710264375e-07,-5.5216425895633316e-07,-3.5463205121800613e-07,-2.6872572650827473e-07,-1.0834448882424358e-07,-2.0607893846239874e-08,ok,1,3.1374902675906924e-13,3.1374902675906924e-13,2.8488322811881517e-13,2.460254222569347e-13,2.0938806244430452e-13,1.6764367671839864e-13,1.5143442055887135e-13,1.4033219031261979e-13,1.2390088954816747e-13,8.659739592076221e-14,4.285460875053104e-14
898,-1.2835123416697596e+00,1.8034412965085266e+11,8.7164876583302398e-01,-2.1729489341611665e-06,-1.8491762458819340e-06,-1.5319548223669776e-06,-1.2276934225089031e-06,-9.4285023065109505e-07,-6.8374146230803196e-07,-4.5664321035365049e-07,-2.6794164613962543e-07,-1.2370821726014868e-07,-3.0434646145938702e-08,-2.1098671098922183e-06,-1.8392937514713173e-06,-1.5742410187273017e-06,-1.1982917289794474e-06,-9.2511907483394215e-07,-7.1577821986148351e-07,-4.7876565281632175e-07,-2.5415270295435371e-07,-6.8541751195564333e-08,-1.0653561013940197e-07,ok,1,-2.2579715874826434e-12,-2.1495027979767656e-12,-2.166378187951068e-12,-2.1896928714681962e-12,-2.208344618281899e-12,-2.233324636335965e-12,-2.235100993175365e-12,-2.230771123379327e-12,-2.229438855749777e-12,-2.2448709557920665e-12,-2.2579715874826434e-12
899,-6.6383253568145928e-01,1.9316530483675061e+11,9.3361674643185411e-01,-2.0287213826417143e-06,-1.7264388183802006e-06,-1.4302726845150495e-06,-1.1462063642713550e-06,-8.8026938575467869e-07,-6.3835873129632877e-07,-4.2633392369162535e-07,-2.5015725785264360e-07,-1.1549719444326638e-07,-2.8414573595684231e-08,-1.9856554966852003e-06,-1.6957681148971496e-06,-1.3815179258544974e-06,-1.1321342632899189e-06,-8.5088515015951759e-07,-7.6039613619714641e-07,-4.1489335374706608e-07,-2.8052132158948670e-07,-1.3360824472743089e-07,-2.4405598706364711e-08,ok,1,-3.0528912731142555e-12,-2.7174928973749957e-12,-2.7587931938910515e-12,-2.812305943677984e-12,-2.8621549574836536e-12,-2.913669305826261e-12,-2.9373170562507767e-12,-2.953748357015229e-12,-2.9738433937609443e-12,-3.011035865085887e-12,-3.0528912731142555e-12
900,4.1794801920249486e-01,2.1554734451729962e+11,1.0417948019202494e+00,-1.8180626868107477e-06,-1.5471685878676835e-06,-1.2817558004419341e-06,-1.0271864042530207e-06,-7.8886383230144258e-07,-5.7207273512278217e-07,-3.8206419344594028e-07,-2.2418138844905536e-07,-1.0350417826979445e-07,-2.5464056552063676e-08,-1.7520837311278817e-06,-1.5267243516308329e-06,-1.3431594202588584e-06,-1.0026709330571532e-06,-7.2911695109598811e-07,-5.6890532408216432e-07,-3.7788040878424810e-07,-2.4579398777604448e-07,-1.1769540386443956e-07,2.3995485088905230e-08,ok,1,4.1611158962950867e-13,4.0256686872908176e-13,3.852473895449293e-13,3.639311074721263e-13,3.5416114485542494e-13,3.4794389591752406e-13,3.674838211509268e-13,3.9168668308775523e-13,4.11448652926083e-13,4.1233683134578314e-13,4.1611158962950867e-13
901,1.9256163922712278e-02,2.0729841003156091e+11,1.0019256163922712e+00,-1.8904080559486295e-06,-1.6087343872320060e-06,-1.3327601454518840e-06,-1.0680607812084715e-06,-8.2025474393590433e-07,-5.9483697394501071e-07,-3.9726750591137374e-07,-2.3310213987248943e-07,-1.0762287452740806e-07,-2.6477336558512135e-08,-1.9017725770584325e-06,-1.6139458131123091e-06,-1.3637055678968933e-06,-1.0072598701370347e-06,-8.0274552961013376e-07,-5.1813863149962896e-07,-4.2851308695571923e-07,-2.1382791975885099e-07,-1.3417991407727053e-07,-2.8210818670136838e-08,ok,1,3.042677221287704e-12,2.8557156639408277e-12,2.8825830611367564e-12,2.90745205688836e-12,2.9329871864547385e-12,2.9460878181453154e-12,2.9747315721806444e-12,3.0049296384504487e-12,3.028688411177427e-12,3.0337954370907028e-12,3.042677221287704e-12
902,-1.1752577291649806e+00,1.8258391758357654e+11,8.8247422708350187e-01,-2.1462930004757324e-06,-1.8264920867616957e-06,-1.5131620723342060e-06,-1.2126330987518926e-06,-9.3128412671377444e-07,-6.7535388964570893e-07,-4.5104149052426575e-07,-2.6465476045237027e-07,-1.2219066754525567e-07,-3.0061299171870145e-08,-2.1318864403219655e-06,-1.7901258418481276e-06,-1.4948074799526834e-06,-1.1845477156313163e-06,-9.0437746528390476e-07,-6.8736574335662375e-07,-5.0752881333832733e-07,-3.2937563921939266e-07,-1.3716714883683963e-07,-4.0922387670075511e-08,ok,1,3.3870684035264276e-12,3.0173641363262504e-12,3.0622171465211068e-12,3.107070156715963e-12,3.157030192824095e-12,3.197442310920451e-12,3.2525093729418586e-12,3.3031355428647657e-12,3.3428815271463463e-12,3.360645095540349e-12,3.3870684035264276e-12
903,9.0304380969334186e-02,2.0876839764225552e+11,1.0090304380969335e+00,-1.8770972461994396e-06,-1.5974069083323192e-06,-1.3233758663901074e-06,-1.0605403129080925e-06,-8.1447913649053437e-07,-5.9064858627529584e-07,-3.9447025154381831e-07,-2.3146081263291526e-07,-1.0686507644086470e-07,-2.6290903376262503e-08,-1.8884855189073046e-06,-1.6070835408693510e-06,-1.3789383992304814e-06,-1.0570371456577534e-06,-8.7570717459658830e-07,-6.1935624401529312e-07,-3.9592185439521934e-07,-1.9584716149606021e-07,-6.3039112880030302e-08,-6.5441706582791196e-09,ok,1,-6.7346128673762e-13,-3.531619441332623e-13,-3.6981528950263964e-13,-3.97237798210881e-13,-4.282130205979229e-13,-4.725109192804666e-13,-5.017097848281082e-13,-5.294653604437372e-13,-5.622169396701793e-13,-6.143974218275616e-13,-6.7346128673762e-13
904,-1.4080805677898565e+00,1.7776681305242786e+11,8.5919194322101433e-01,-2.2044529998601519e-06,-1.8759861579896724e-06,-1.5541655630858777e-06,-1.2454928901509163e-06,-9.5651995622273583e-07,-6.9365455120369248e-07,-4.6326376064552594e-07,-2.7182634452852033e-07,-1.2550177611599919e-07,-3.0875896778506742e-08,-2.2335743914936119e-06,-1.9118890512549214e-06,-1.5419598946270176e-06,-1.2418535624152179e-06,-1.0088855512684237e-06,-6.5156895667787991e-07,-4.8697432234704251e-07,-2.3703442822622725e-07,-1.1555927843167552e-07,-5.7508187291443184e-08,ok,1,3.185007813044649e-12,2.851718861052177e-12,2.8832491949515315e-12,2.9114488597770105e-12,2.9467539519600905e-12,2.978284285859445e-12,3.0300206788069772e-12,3.0826452501742097e-12,3.126832126554291e-12,3.1510349884911193e-12,3.185007813044649e-12
905,-4.5244374366756612e-01,1.9753893894351807e+11,9.5475562563324345e-01,-1.9838042383101723e-06,-1.6882143967084280e-06,-1.3986055639566149e-06,-1.1208286474799252e-06,-8.6077967790787125e-07,-6.2422507474102942e-07,-4.1689462732125559e-07,-2.4461862166901770e-07,-1.1294001522831662e-07,-2.7785457387705010e-08,-1.9576289625599713e-06,-1.6355415089809157e-06,-1.3764018325854378e-06,-1.1837006278215309e-06,-8.0259627683407132e-07,-6.6821984762630729e-07,-3.6907810968234776e-07,-1.6061791888026182e-07,-1.1189341263467757e-07,1.2336352804158679e-08,ok,1,-1.1356471318890726e-12,-1.1237677455255835e-12,-1.1293188606487092e-12,-1.1356471318890726e-12,-1.1323164628151972e-12,-1.135314064981685e-12,-1.116773340470445e-12,-1.0904610547868288e-12,-1.067701482782013e-12,-1.0643708137081376e-12,-1.0572653863505366e-12
906,1.7514748155908250e-01,2.1052380139345743e+11,1.0175147481559084e+00,-1.8614455074165889e-06,-1.5840873023770536e-06,-1.3123412045396829e-06,-1.0516972441860082e-06,-8.0768779165528034e-07,-5.8572360042101721e-07,-3.9118105310346856e-07,-2.2953083048361871e-07,-1.0597400685735180e-07,-2.6071682793620732e-08,-1.8703642876732019e-06,-1.5817371034669405e-06,-1.2739780866184958e-06,-1.0518231099073706e-06,-8.7037353663391882e-07,-6.5172441457520111e-07,-3.8083341107322990e-07,-2.9770732708944851e-07,-8.1446742674693630e-08,3.8257792140480081e-10,ok,1,7.371880883511039e-13,5.810907310888069e-13,5.806466418789569e-13,5.74651437545981e-13,5.786482404346316e-13,5.839773109528323e-13,6.175060462965121e-13,6.572520305780927e-13,6.925571227611726e-13,7.100986465502501e-13,7.371880883511039e-13
907,9.2254582459274270e-01,2.2598747311082385e+11,1.0922545824592742e+00,-1.7340721541562620e-06,-1.4756927720205216e-06,-1.2225414767595254e-06,-9.7973263169936780e-07,-7.5242004301570564e-07,-5.4564422191021305e-07,-3.6441366062977033e-07,-2.1382469703052533e-07,-9.8722510878565389e-08,-2.4287672652412569e-08,-1.7601033943010623e-06,-1.4034674804134512e-06,-1.2309664377849593e-06,-9.5012039242051669e-07,-8.3562593547666975e-07,-5.4597377574614369e-07,-4.1590301365359565e-07,-2.3041079500207418e-07,-1.4526833021176878e-07,6.5793351150489460e-08,ok,1,5.136113756520899e-12,4.416467191958873e-12,4.4790837705477315e-12,4.546141241235091e-12,4.624745031378552e-12,4.702016553892463e-12,4.799050046244702e-12,4.894529226362465e-12,4.980460488468452e-12,5.048184092970587e-12,5.136113756520899e-12
908,3.3929777457262467e-01,2.1392007095590759e+11,1.0339297774572624e+00,-1.8318925501321037e-06,-1.5589377805696725e-06,-1.2915060184405563e-06,-1.0350001323931587e-06,-7.9486465892810683e-07,-5.7642444851201973e-07,-3.8497052644188262e-07,-2.2588671906496314e-07,-1.0429152660989936e-07,-2.5657759675877013e-08,-1.8438496046082804e-06,-1.5262345016007177e-06,-1.2759669240728169e-06,-9.8474858817842022e-07,-8.1022809321499892e-07,-5.1441400379678460e-07,-3.8769041004627881e-07,-2.2595445225113673e-07,-1.1298258996113331e-07,-2.0082733018227123e-08,ok,1,-7.793765632868599e-14,-7.061018436615996e-14,-6.45039577307216e-14,-6.7390537594747e-14,-6.927791673660977e-14,-7.793765632868599e-14,-6.272760089132134e-14,-4.118927421359331e-14,-2.3647750424515834e-14,-2.6423307986078726e-14,-2.7422508708241367e-14
909,5.8976633861552219e-01,2.1910226554595514e+11,1.0589766338615521e+00,-1.7885647295019602e-06,-1.5220658709562175e-06,-1.2609593899793944e-06,-1.0105203668713471e-06,-7.7606456425843554e-07,-5.6279088954043023e-07,-3.7586522497850160e-07,-2.2054405895882726e-07,-1.0182482922754433e-07,-2.5050903772173058e-08,-1.7794851497366056e-06,-1.5749636243257809e-06,-1.2784628630810119e-06,-9.4870426682888212e-07,-7.2549823118660710e-07,-5.8659749160640923e-07,-2.9914137598619938e-07,-2.5455878454936858e-07,-1.1539745872355568e-07,-6.4143964366945787e-08,ok,1,4.271472064942827e-12,4.036992962141994e-12,4.058975378029572e-12,4.07829325865805e-12,4.1022740759899534e-12,4.119815599779031e-12,4.158007271826136e-12,4.198863479132342e-12,4.232614259080947e-12,4.247713292215849e-12,4.271472064942827e-12
910,4.2830646123006882e-01,2.1576166068285013e+11,1.0428306461230068e+00,-1.8162568042271682e-06,-1.5456317845291442e-06,-1.2804826317589462e-06,-1.0261660994796120e-06,-7.8808025345891860e-07,-5.7150449498640973e-07,-3.8168468888984668e-07,-2.2395870896280422e-07,-1.0340136751729411e-07,-2.5438763091840693e-08,-1.8053869997569737e-06,-1.5009303439092369e-06,-1.2938270566863913e-06,-1.0575505104360751e-06,-7.5247554514500549e-07,-5.3681413538665965e-07,-3.5681124840169638e-07,-2.5656138923411067e-07,-1.2830765762862125e-07,-3.4344620195036846e-08,ok,1,-3.6882719101072325e-12,-3.3323344084124074e-12,-3.375522084070326e-12,-3.429367900764646e-12,-3.4766634016136777e-12,-3.5255132146971846e-12,-3.5484948313069253e-12,-3.5665914666083154e-12,-3.5901281947303687e-12,-3.6348701826227625e-12,-3.6882719101072325e-12
911,1.2950489725559339e-01,2.0957945632421823e+11,1.0129504897255595e+00,-1.8698330035877090e-06,-1.5912250488920518e-06,-1.3182544890191062e-06,-1.0564360918039710e-06,-8.1132715591974427e-07,-5.8836281517978026e-07,-3.9294367767237456e-07,-2.3056507454508011e-07,-1.0645151563919907e-07,-2.6189159313199013e-08,-1.8945622859227146e-06,-1.6170530677809545e-06,-1.3862482117443357e-06,-1.0560709695361111e-06,-8.1574126912492123e-07,-6.4011176839564235e-07,-3.9421741093752060e-07,-2.8941581855689370e-07,-1.0680566098332173e-07,-1.4645439358542891e-08,ok,1,2.8272939545104236e-12,2.822853062411923e-12,2.8272939545104236e-12,2.8244073746463982e-12,2.8208546609675977e-12,2.8057556278326956e-12,2.8055335832277706e-12,2.8061997170425457e-12,2.8044233602031454e-12,2.786881836414068e-12,2.7693403126249905e-12
912,5.5351358283057928e-01,2.1835219602876468e+11,1.0553513582830578e+00,-1.7947086928118185e-06,-1.5272943744104335e-06,-1.2652909571289469e-06,-1.0139916418861098e-06,-7.7873045167649841e-07,-5.6472415285448643e-07,-3.7715637319000039e-07,-2.2130165782234779e-07,-1.0217461137658499e-07,-2.5136957036620359e-08,-1.8265591289341352e-06,-1.5135851883350223e-06,-1.2351684796237576e-06,-1.0033565233847871e-06,-7.5355127483628636e-07,-5.6119045633024165e-07,-4.0030562512809438e-07,-2.0775294378108225e-07,-1.2612286601286909e-07,-7.0090325462017061e-08,ok,1,-1.3068435222862718e-12,-1.3057332992616466e-12,-1.3028467193976212e-12,-1.3068435222862718e-12,-1.3044010316320964e-12,-1.305178187749334e-12,-1.2816414596272807e-12,-1.252442594079639e-12,-1.2280176875378856e-12,-1.2214673716925972e-12,-1.2064793608601576e-12
913,-5.6231323280971857e-01,1.9526573921316693e+11,9.4376867671902820e-01,-2.0068988338012666e-06,-1.7078678624291292e-06,-1.4148875282388593e-06,-1.1338768524027872e-06,-8.7080050460249889e-07,-6.3149203451362026e-07,-4.2174793522050687e-07,-2.4746636642523524e-07,-1.1425481429773722e-07,-2.8108923729044784e-08,-1.9839829957760370e-06,-1.6782517299753561e-06,-1.4356815678206439e-06,-1.1414236376891834e-06,-8.6026117954412384e-07,-6.4675766372116729e-07,-4.7439578410862554e-07,-2.5943221379434106e-07,-9.8685195630022662e-08,-1.6659852245707586e-08,ok,1,9.263700917472306e-13,9.2148511043888e-13,9.123812816369536e-13,8.952838470577262e-13,8.835154829966996e-13,8.735234757750732e-13,8.910649995641506e-13,9.117151478221786e-13,9.263700917472306e-13,9.228173780684301e-13,9.241496456979803e-13
914,-6.8604666632039768e-01,1.9270569447383096e+11,9.3139533336796021e-01,-2.0335599598031105e-06,-1.7305564402028673e-06,-1.4336839389166047e-06,-1.1489401097645034e-06,-8.8236886150450916e-07,-6.3988124099364221e-07,-4.2735074621052467e-07,-2.5075389236591302e-07,-1.1577265961658376e-07,-2.8482343427480168e-08,-2.0081064194571365e-06,-1.7345277754161072e-06,-1.4613197333340200e-06,-1.1679983714285858e-06,-8.6545930735700914e-07,-6.3091413626110172e-07,-3.9397887681554369e-07,-2.4041832410925204e-07,-1.3524362402712226e-07,6.4351081439447940e-08,ok,1,3.785860513971784e-13,3.785860513971784e-13,3.6970426720017713e-13,3.5349501104064984e-13,3.3706371027619753e-13,3.106404022901188e-13,3.057554209817681e-13,3.0375701953744283e-13,2.9598545836506673e-13,2.7045032879868813e-13,2.431388423929093e-13
915,9.9907872279448395e-01,2.2757093877461786e+11,1.0999078722794484e+00,-1.7220062738169480e-06,-1.4654247261596567e-06,-1.2140348877266983e-06,-9.7291553549573128e-07,-7.4718461484593552e-07,-5.4184756450241040e-07,-3.6187802702715280e-07,-2.1233687935121942e-07,-9.8035587903474805e-08,-2.4118676136743075e-08,-1.6905107463365137e-06,-1.5087647160430964e-06,-1.1668774920272369e-06,-9.7359162158801882e-07,-7.4808551967441290e-07,-5.0344599738147231e-07,-3.7493065903608804e-07,-1.3330984208793306e-07,-1.5939621779679201e-07,-1.0954635514798065e-08,ok,1,1.1313172620930345e-12,1.0684786388992507e-12,1.077804512306102e-12,1.0800249583553523e-12,1.0842438058489279e-12,1.0800249583553523e-12,1.0944578576754793e-12,1.113331649094107e-12,1.1288747714388592e-12,1.127320459204384e-12,1.1313172620930345e-12
916,1.3106377741955530e-01,2.0961170955481061e+11,1.0131063777419556e+00,-1.8695452899033987e-06,-1.5909802049832245e-06,-1.3180516474523598e-06,-1.0562735365812635e-06,-8.1120231593410846e-07,-5.8827228301299537e-07,-3.9288321490748460e-07,-2.3052959719123432e-07,-1.0643513580328793e-07,-2.6185129552517398e-08,-1.9382298560422926e-06,-1.5800236680374270e-06,-1.2861021038368099e-06,-1.0548485848073335e-06,-8.0486417787756402e-07,-6.1911194282567188e-07,-3.9530157990533731e-07,-1.8719845303947908e-07,-6.7191762519376894e-08,6.7322909809216461e-08,ok,1,-2.918887354041999e-12,-2.7826629889204924e-12,-2.8016478026415825e-12,-2.824962486158711e-12,-2.841837876133013e-12,-2.8647084704402914e-12,-2.8674840280018543e-12,-2.8672619833969293e-12,-2.8711477639831173e-12,-2.8942404028953206e-12,-2.918887354041999e-12
917,1.2646775947202209e+00,2.3306617943476138e+11,1.1264677594720220e+00,-1.6814047634834014e-06,-1.4308729024718894e-06,-1.1854103404247006e-06,-9.4997610677902377e-07,-7.2956747585994929e-07,-5.2907186802342000e-07,-3.5334565715306462e-07,-2.0733039468726902e-07,-9.5724102169771042e-08,-2.3550005340779487e-08,-1.6308223773919292e-06,-1.4239306818723902e-06,-1.1639326043221238e-06,-1.0349357470179171e-06,-7.1893684751506512e-07,-4.8644527875153278e-07,-4.5928804697464236e-07,-1.3234107571971359e-07,-8.1829183843912438e-08,-1.1962303418631273e-07,ok,1,1.87916349148054e-12,1.5287771049088406e-12,1.559863349598345e-12,1.5949463971764999e-12,1.6366907829024058e-12,1.6684431614066852e-12,1.7181811529098923e-12,1.7703616350672746e-12,1.814992600657206e-12,1.8423040870629848e-12,1.87916349148054e-12
918,1.1885013594099934e+00,2.3149009312619275e+11,1.1188501359409992e+00,-1.6928525061990458e-06,-1.4406149141528296e-06,-1.1934811350865633e-06,-9.5644396168966902e-07,-7.3453469192747500e-07,-5.3267402186204565e-07,-3.5575138970509506e-07,-2.0874199114932878e-07,-9.6375833934231805e-08,-2.3710344128877799e-08,-1.7189663401091792e-06,-1.5067861892695719e-06,-1.1110171692454582e-06,-9.3779438824598590e-07,-7.2751603433553660e-07,-5.4037557982249364e-07,-3.9398277497709871e-07,-2.1472545245337188e-07,-2.4786102096444396e-08,-5.1349861020904467e-08,ok,1,2.6860735857781037e-12,2.653877118063974e-12,2.667865928174251e-12,2.673417043297377e-12,2.6765256677663274e-12,2.666089571334851e-12,2.673417043297377e-12,2.6825208720993032e-12,2.6860735857781037e-12,2.672528864877677e-12,2.6623148130511254e-12
919,7.9316442596520809e-01,2.2331057197322015e+11,1.0793164425965207e+00,-1.7548590774039593e-06,-1.4933824121634652e-06,-1.2371965046850792e-06,-9.9147702593869222e-07,-7.6143956255884213e-07,-5.5218504809999410e-07,-3.6878201333951870e-07,-2.1638788769978302e-07,-9.9905931794117021e-08,-2.4578817392865755e-08,-1.7664149266238532e-06,-1.5401899796958952e-06,-1.2533783065628172e-06,-1.0058099707139464e-06,-7.6166850650204887e-07,-5.3654694023711458e-07,-4.2660304737362645e-07,-2.1350441135598043e-07,-1.1823090674107395e-07,-1.4211414785290383e-08,ok,1,-1.3123946374093975e-12,-1.0470513345239851e-12,-1.0806910921701274e-12,-1.123434678618196e-12,-1.1607381722456012e-12,-1.1973755320582313e-12,-1.2096990076315706e-12,-1.219246925643347e-12,-1.2365664048274994e-12,-1.272648653127817e-12,-1.3123946374093975e-12
920,-1.3805553206753172e+00,1.7833631041522769e+11,8.6194446793246826e-01,-2.1974133220319752e-06,-1.8699954028394113e-06,-1.5492025065559669e-06,-1.2415155458008420e-06,-9.5346541510596410e-07,-6.9143944180246810e-07,-4.6178437885573912e-07,-2.7095829703972071e-07,-1.2510100001835304e-07,-3.0777298003212883e-08,-2.2402965547252685e-06,-1.7997947818413527e-06,-1.5277609805520511e-06,-1.2255263632681113e-06,-9.3894777142714737e-07,-6.4640197666299348e-07,-4.8750663614267871e-07,-2.4686791170203555e-07,-8.0786739107591369e-08,1.4820739071935620e-08,ok,1,1.7406076580073204e-12,1.4421797089880783e-12,1.460387366591931e-12,1.482591827084434e-12,1.518341008477364e-12,1.552535877635819e-12,1.6040502259784262e-12,1.6535661728767082e-12,1.694422380182914e-12,1.7135182162064666e-12,1.7406076580073204e-12
921,-6.9121187725779110e-01,1.9259882625953632e+11,9.3087881227422098e-01,-2.0346883307663408e-06,-1.7315166821805315e-06,-1.4344794538556048e-06,-1.1495776275580751e-06,-8.8285846565791870e-07,-6.4023629490247779e-07,-4.2758787232577966e-07,-2.5089302935564523e-07,-1.1583689893586945e-07,-2.8498147559126722e-08,-2.0256523907393982e-06,-1.7326922011778650e-06,-1.3669757190964151e-06,-1.1440819476982635e-06,-8.8957378784872745e-07,-6.4432202441324141e-07,-4.6094775089514039e-07,-2.5677327600560716e-07,-1.4036974675852643e-07,-5.1907098348692363e-08,ok,1,4.644284956611955e-12,4.303890577261882e-12,4.336087044976011e-12,4.3651748882211905e-12,4.399369757379645e-12,4.4293457790445245e-12,4.481970350411757e-12,4.536593323223315e-12,4.582556556442796e-12,4.60786964140425e-12,4.644284956611955e-12
922,9.4721692532628443e-01,2.2649791818500082e+11,1.0947216925326284e+00,-1.7301641774321972e-06,-1.4723670897578698e-06,-1.2197863067255187e-06,-9.7752466572054484e-07,-7.5072435808786720e-07,-5.4441453552465139e-07,-3.6359240293249240e-07,-2.1334281284975037e-07,-9.8500025744984059e-08,-2.4232936948804673e-08,-1.7672028998595782e-06,-1.4081555684377639e-06,-1.3127104925125073e-06,-9.8316852294628119e-07,-7.4130467380711801e-07,-4.9520100487280644e-07,-3.3324486124236984e-07,-1.9722889356788650e-07,-9.4018070756063201e-08,-3.2899931615716784e-08,ok,1,-3.778977131219108e-12,-3.135713910751292e-12,-3.194222664149038e-12,-3.2694957852186235e-12,-3.348432642269472e-12,-3.4354741274000844e-12,-3.496980482964318e-12,-3.5519365226832633e-12,-3.6116665214080967e-12,-3.689382133131858e-12,-3.778977131219108e-12
923,6.3719385368614290e-01,2.2008354083276630e+11,1.0637193853686142e+00,-1.7805901469362585e-06,-1.5152795132929521e-06,-1.2553372144990309e-06,-1.0060148111221816e-06,-7.7260436466837991e-07,-5.6028160243347009e-07,-3.7418937382220752e-07,-2.1956073038343407e-07,-1.0137082804185793e-07,-2.4939210582002443e-08,-1.8159032559439023e-06,-1.5304701031552534e-06,-1.2626960716627459e-06,-9.6988339175690824e-07,-7.7814316344893899e-07,-5.3971474903787617e-07,-4.1587577535654911e-07,-1.9963385791800908e-07,-1.1377020320127218e-07,-5.2750011690944236e-08,ok,1,5.047740003760737e-12,4.546141241235091e-12,4.595879232738298e-12,4.6489478933153805e-12,4.709344025854989e-12,4.761746552617296e-12,4.828804023304656e-12,4.89386309254769e-12,4.951594689828198e-12,4.992672941739329e-12,5.047740003760737e-12
924,5.5222103286558255e-01,2.1832545316998889e+11,1.0552221032865583e+00,-1.7949285281126089e-06,-1.5274814539178476e-06,-1.2654459436285866e-06,-1.0141158465319766e-06,-7.7882583899132986e-07,-5.6479332636689466e-07,-3.7720257137530439e-07,-2.2132876523911672e-07,-1.0218712682631409e-07,-2.5140036082557900e-08,-1.8050685518307812e-06,-1.5500261609984075e-06,-1.2564175615067313e-06,-9.6008926666804467e-07,-8.1273791509149773e-07,-5.9603695281119879e-07,-3.7561259641498474e-07,-1.5247995882818721e-07,-6.3531250459735942e-08,-9.3686164385924948e-10,ok,1,1.8673951274195133e-13,1.0369483049998962e-13,1.099120794378905e-13,1.1324274851176597e-13,1.2256862191861728e-13,1.2789769243681803e-13,1.525446435834965e-13,1.7474910407599964e-13,1.8673951274195133e-13,1.780797731498751e-13,1.7141843500212417e-13
925,-2.9060237781684989e-01,2.0088743680296936e+11,9.7093976221831491e-01,-1.9507371418794203e-06,-1.6600743478196710e-06,-1.3752928679965413e-06,-1.1021460838211794e-06,-8.4643174777166261e-07,-6.1382016162384276e-07,-4.0994560756566781e-07,-2.4054118933200545e-07,-1.1105747142566734e-07,-2.7322314714106180e-08,-1.9562275957119776e-06,-1.7029008229848626e-06,-1.3503981495761492e-06,-1.0746894275040095e-06,-8.3697622646989697e-07,-6.6315375815324682e-07,-4.2403329385595866e-07,-1.9860019045545861e-07,-9.8714158647181741e-08,-3.8452037283090800e-08,ok,1,1.5851764345597985e-12,1.5851764345597985e-12,1.5705214906347464e-12,1.5403234243649422e-12,1.5072387782311125e-12,1.467936883159382e-12,1.453503983839255e-12,1.4441781104324036e-12,1.4299672557172016e-12,1.3957723865587468e-12,1.3589129821411916e-12
926,-2.3803311967936305e-01,2.0197509475383398e+11,9.7619668803206372e-01,-1.9402322092477427e-06,-1.6511346660895415e-06,-1.3678867656482663e-06,-1.0962109067475999e-06,-8.4187362033510345e-07,-6.1051467299206615e-07,-4.0773800568129574e-07,-2.3924584874768737e-07,-1.1045941480871076e-07,-2.7175181064332316e-08,-1.9337491833674802e-06,-1.6203617395662710e-06,-1.3532812618176190e-06,-1.1068547337521512e-06,-8.7076710017225270e-07,-6.4459554771278371e-07,-3.5038554739733087e-07,-2.1657677833370942e-07,-1.9189328519828275e-07,2.8093318201969965e-08,ok,1,-2.2356561046876777e-12,-1.613709166292665e-12,-1.666666804567285e-12,-1.7376100558408325e-12,-1.8104406862562428e-12,-1.890154699424329e-12,-1.9494406089393124e-12,-2.003841537145945e-12,-2.0619062013338407e-12,-2.141398169897002e-12,-2.2356561046876777e-12
927,-1.2076168914942818e+00,1.8191440651498331e+11,8.7923831085057180e-01,-2.1541921380263568e-06,-1.8332142408316331e-06,-1.5187310581823939e-06,-1.2170960288566524e-06,-9.3471159044496359e-07,-6.7783943717743668e-07,-4.5270148698045711e-07,-2.6562878606575206e-07,-1.2264037356869138e-07,-3.0171935667943292e-08,-2.1204773945651821e-06,-1.8070683893035173e-06,-1.4375059554467103e-06,-1.2597226599965462e-06,-8.6098163941733545e-07,-6.5481138757272956e-07,-4.5308188627750365e-07,-2.5885996292003443e-07,-1.6516504923284579e-07,-2.5210546839617644e-08,ok,1,1.5984991108553004e-12,1.0764722446765518e-12,1.113109604489182e-12,1.1532996779806126e-12,1.2072565169773952e-12,1.2616574451840279e-12,1.3364864770437634e-12,1.411759598113349e-12,1.4803713810351837e-12,1.5307755063531658e-12,1.5984991108553004e-12
928,5.3289347230224704e-01,2.1792556594193350e+11,1.0532893472302247e+00,-1.7982221710177270e-06,-1.5302843390325437e-06,-1.2677680010190299e-06,-1.0159767203275383e-06,-7.8025496230109741e-07,-5.6582970609070974e-07,-3.7789472738794972e-07,-2.2173489724154261e-07,-1.0237463730375075e-07,-2.5186167335241752e-08,-1.8317589105064628e-06,-1.5848031744570754e-06,-1.2681380769668668e-06,-1.0454046976982346e-06,-7.6198307287165818e-07,-5.6392486493232546e-07,-3.6178223857944070e-07,-3.0545650837419297e-07,-5.6741478447544633e-08,-6.8145980345453772e-08,ok,1,1.3504752871540404e-12,1.2365664048274994e-12,1.24056320771615e-12,1.2367884494324244e-12,1.24056320771615e-12,1.2436718321851004e-12,1.2723155862204294e-12,1.3062884107739592e-12,1.333155807969888e-12,1.3391510123028638e-12,1.3504752871540404e-12
929,-7.5288088391024766e-01,1.9132289451189697e+11,9.2471191160897526e-01,-2.0482576604696519e-06,-1.7430641611687520e-06,-1.4440459925570549e-06,-1.1572441569285044e-06,-8.8874624582568475e-07,-6.4450602862131750e-07,-4.3043945442251392e-07,-2.5256623413296812e-07,-1.1660941482914115e-07,-2.8688201610299242e-08,-2.0059506222020095e-06,-1.7115549990847835e-06,-1.4225793248335059e-06,-1.1958499207832858e-06,-8.6974429447007466e-07,-6.1954305077168995e-07,-4.2460138178440594e-07,-2.5818941245462947e-07,-1.1096128212457143e-07,-5.0616232540781584e-09,ok,1,-1.8348655927979962e-12,-1.6988632722814145e-12,-1.720068532051755e-12,-1.7488233083895466e-12,-1.7714718580918998e-12,-1.795008586213953e-12,-1.7916779171400776e-12,-1.784017378270164e-12,-1.7857937351095643e-12,-1.8097745524414677e-12,-1.8348655927979962e-12
930,6.1347028156351957e-01,2.1959270012554922e+11,1.0613470281563520e+00,-1.7845701796235397e-06,-1.5186665150706537e-06,-1.2581431848428679e-06,-1.0082634879659193e-06,-7.7433131493283413e-07,-5.6153396199250884e-07,-3.7502577401301023e-07,-2.2005149962923870e-07,-1.0159741539532505e-07,-2.4994955512099578e-08,-1.7000631803360085e-06,-1.5090273643313403e-06,-1.2839104740905027e-06,-1.0221201483803556e-06,-7.8800688028574189e-07,-5.9011885351025451e-07,-4.1337836564395194e-07,-2.3198849465139461e-07,-1.3567499232295241e-07,-3.0869387974986463e-08,ok,1,-2.4521495944895833e-12,-2.0833335057091062e-12,-2.1231905122931494e-12,-2.174593838333294e-12,-2.227551476607914e-12,-2.28828067605491e-12,-2.32225350060844e-12,-2.3445689834034056e-12,-2.3675506000131463e-12,-2.407518628899652e-12,-2.4521495944895833e-12
931,6.4883283691830973e-01,2.2032435139583984e+11,1.0648832836918309e+00,-1.7786439938409862e-06,-1.5136233399616897e-06,-1.2539651534380955e-06,-1.0049152549764019e-06,-7.7175992195428453e-07,-5.5966922469047360e-07,-3.7378039154754321e-07,-2.1932075444282908e-07,-1.0126003154482933e-07,-2.4911952472101969e-08,-1.8035764449793061e-06,-1.4740063816143045e-06,-1.2086515141685984e-06,-1.0167354062617529e-06,-6.8813740893748441e-07,-5.5928644622349192e-07,-3.9125182212052385e-07,-2.0616018711493727e-07,-4.8221230949028637e-08,-1.5315768449925414e-08,ok,1,-2.46525022618016e-12,-1.9507728765688626e-12,-1.9998447342572945e-12,-2.066680160339729e-12,-2.1355139878664886e-12,-2.2082335959794364e-12,-2.2526425169644426e-12,-2.2892798767770728e-12,-2.3313573294103662e-12,-2.3927526626721374e-12,-2.46525022618016e-12
932,1.5345622414078421e+00,2.3865009277472824e+11,1.1534562241407842e+00,-1.6420634065150330e-06,-1.3973934673856656e-06,-1.1576742162207984e-06,-9.2774865153424804e-07,-7.1249712187728133e-07,-5.1669269218526286e-07,-3.4507810734379805e-07,-2.0247929681650624e-07,-9.3484358262860284e-08,-2.2998984440354421e-08,-1.6615045219377397e-06,-1.4215466532975908e-06,-1.1360435588300491e-06,-9.4284243021880520e-07,-7.3741396261113846e-07,-5.5041243851817544e-07,-3.9964854113214954e-07,-1.9052494343775930e-07,-4.4450005979971694e-08,-9.9497655961545708e-09,ok,1,-3.329003739338532e-12,-2.773559160118566e-12,-2.826738842998111e-12,-2.894795514407633e-12,-2.964073431144243e-12,-3.0412339313556913e-12,-3.096523037982024e-12,-3.1448177395532184e-12,-3.1926683519145627e-12,-3.2561731089231216e-12,-3.329003739338532e-12
933,-7.5855762607088140e-01,1.9120544271659348e+11,9.2414423739291196e-01,-2.0495158439970844e-06,-1.7441348734414703e-06,-1.4449330268963397e-06,-1.1579550174629827e-06,-8.8929217610971564e-07,-6.4490192943203156e-07,-4.3070386052794890e-07,-2.5272137802984115e-07,-1.1668104451111209e-07,-2.8705823916015386e-08,-2.0711740768691203e-06,-1.7002243078987282e-06,-1.4442368514860203e-06,-1.1297532610673626e-06,-8.9850136795596905e-07,-5.8797409882909351e-07,-4.2550303425062639e-07,-3.1174952183974034e-07,-8.9714993090976600e-08,-8.5510939076844464e-08,ok,1,-4.934941344458821e-12,-4.467204384184242e-12,-4.512501483588949e-12,-4.567901612517744e-12,-4.621525384607139e-12,-4.682254584054135e-12,-4.7197801222864655e-12,-4.7555293036793955e-12,-4.7983839124299266e-12,-4.860889468716323e-12,-4.934941344458821e-12
934,-4.4213433512722006e-01,1.9775224060621780e+11,9.5578656648727789e-01,-1.9816644459152476e-06,-1.6863934366272143e-06,-1.3970969848885943e-06,-1.1196196871554943e-06,-8.5985121441707444e-07,-6.2355176633611696e-07,-4.1644495192709742e-07,-2.4435476848429297e-07,-1.1281819464697116e-07,-2.7755487136993569e-08,-1.9941581818489876e-06,-1.6890561345143179e-06,-1.4007419371349493e-06,-1.1161585229085793e-06,-9.2819277283243116e-07,-6.8519659843454809e-07,-4.0135473895846014e-07,-1.9750344395801876e-07,-1.4757335694645330e-07,-2.8559163059994067e-08,ok,1,4.399813846589495e-12,3.913092072593827e-12,3.959277350418233e-12,4.005240583637715e-12,4.055866753560622e-12,4.097389094681603e-12,4.1602277178753866e-12,4.227285188562746e-12,4.290345856361455e-12,4.3374193126055616e-12,4.399813846589495e-12
935,4.0418323203203943e-01,2.1526255107074289e+11,1.0404183232032038e+00,-1.8204679929647571e-06,-1.5492154997551393e-06,-1.2834515698657581e-06,-1.0285453770747910e-06,-7.8990750315199567e-07,-5.7282959025241436e-07,-3.8256966631138448e-07,-2.2447798156284322e-07,-1.0364111482253923e-07,-2.5497745628017143e-08,-1.8073961857632136e-06,-1.5245006657289974e-06,-1.3407928914243689e-06,-1.0764792565971224e-06,-7.9553907159203527e-07,-5.7852193111891865e-07,-3.8078710055120857e-07,-2.1513641498020672e-07,-1.5047975150319692e-07,-4.4331530996984016e-08,ok,1,1.177946629127291e-12,8.750777880095484e-13,8.879563750952002e-13,9.001688283660769e-13,9.263700917472306e-13,9.543477119677846e-13,1.006750238730092e-12,1.0615952561465747e-12,1.1088907569956064e-12,1.1382006448457105e-12,1.177946629127291e-12
936,5.7945492388912634e-01,2.1888892237526602e+11,1.0579454923889127e+00,-1.7903079792952175e-06,-1.5235493738851191e-06,-1.2621884018006690e-06,-1.0115052847730110e-06,-7.7682096651138084e-07,-5.6333942160383129e-07,-3.7623156731140049e-07,-2.2075901533066740e-07,-1.0192407423081625e-07,-2.5075319988193771e-08,-1.9038636378225338e-06,-1.5747500985690490e-06,-1.2536314634211690e-06,-1.0205053151290784e-06,-7.6228089783984348e-07,-6.1340367876206774e-07,-4.1406413730841387e-07,-2.3271071124795006e-07,-7.0167226286897148e-08,-4.0221675293062799e-08,ok,1,-4.888311977424564e-13,-2.950972799453666e-13,-3.178568519501823e-13,-3.488320743372242e-13,-3.7325698087897763e-13,-4.022338018216942e-13,-4.105604745063829e-13,-4.1533443351227106e-13,-4.2643666375852263e-13,-4.568567746332519e-13,-4.888311977424564e-13
937,-3.1188220245472603e-01,2.0044715723121173e+11,9.6881177975452748e-01,-1.9550219106120279e-06,-1.6637206795096606e-06,-1.3783136808740745e-06,-1.1045669333437677e-06,-8.4829092408463532e-07,-6.1516840961655181e-07,-4.1084604775493782e-07,-2.4106953492236692e-07,-1.1130140771560747e-07,-2.7382327822618647e-08,-1.9303516309171913e-06,-1.6400306020570657e-06,-1.4328304545230278e-06,-1.1229739607769809e-06,-8.2052053857566994e-07,-6.1927095248972388e-07,-4.4513020730159675e-07,-2.8016916934428888e-07,-1.7364624486943065e-07,-8.9835926567454749e-08,ok,1,-2.981059843421008e-12,-2.482236638456925e-12,-2.51776377524493e-12,-2.563838030766874e-12,-2.6106894424060556e-12,-2.6721957979702893e-12,-2.720601521843946e-12,-2.7695623572299155e-12,-2.8238522631340857e-12,-2.896016759734721e-12,-2.981059843421008e-12
938,-1.2139422738569614e+00,1.8178353435389948e+11,8.7860577261430384e-01,-2.1557430143556979e-06,-1.8345340342346171e-06,-1.5198244444253552e-06,-1.2179722577630311e-06,-9.3538452117120319e-07,-6.7832743688703443e-07,-4.5302740220764126e-07,-2.6582002128065579e-07,-1.2272866655282417e-07,-3.0193657472593720e-08,-2.1593453334548239e-06,-1.7829144074784624e-06,-1.4843684278603308e-06,-1.2009009756472884e-06,-9.4340967193668585e-07,-6.6207605908926717e-07,-4.1173365839933567e-07,-2.6749625508760274e-07,-1.5127188029616152e-07,-7.9671266482457352e-08,ok,1,1.0766942892814768e-12,1.0766942892814768e-12,1.0653700144303002e-12,1.0444978215673473e-12,1.0336176359260207e-12,1.0236256287043943e-12,1.0371703496048212e-12,1.0509371151101732e-12,1.0584866316776242e-12,1.048938713665848e-12,1.0436096431476471e-12
939,-8.3151537124703645e-01,1.8969594696889880e+11,9.1684846287529631e-01,-2.0658247609850635e-06,-1.7580137370521684e-06,-1.4564310071914744e-06,-1.1671693849980993e-06,-8.9636867289345361e-07,-6.5003370338895837e-07,-4.3413116436088281e-07,-2.5473239540620271e-07,-1.1760952792566774e-07,-2.8934249034413297e-08,-2.0681475610122923e-06,-1.6971095001386790e-06,-1.5000908332019974e-06,-1.1689088530643226e-06,-8.7445310175729782e-07,-6.0896368544886456e-07,-4.7184818483174105e-07,-2.7030855228220547e-07,-1.0643538159373372e-07,5.0712815525263543e-09,ok,1,-2.9896085607106215e-12,-2.6160185129242564e-12,-2.6604274339092626e-12,-2.715827562838058e-12,-2.7637891975018647e-12,-2.813416166702609e-12,-2.839839474688688e-12,-2.862265979786116e-12,-2.8896884884943574e-12,-2.935651721713839e-12,-2.9896085607106215e-12
940,9.7402941516346250e-02,2.0891526685997321e+11,1.0097402941516347e+00,-1.8757776307924699e-06,-1.5962839176232950e-06,-1.3224455218456257e-06,-1.0597947440040878e-06,-8.1390655069656474e-07,-5.9023335527113361e-07,-3.9419293558563346e-07,-2.3129809370345584e-07,-1.0678994937880853e-07,-2.6272420646495846e-08,-1.8747222225632932e-06,-1.5570865278461375e-06,-1.3255676186045098e-06,-1.0121588547255149e-06,-8.3655668569825538e-07,-6.1592594705059349e-07,-3.7670781434789401e-07,-1.7769917218977828e-07,-8.5535986693770470e-08,-9.4721472978763686e-09,ok,1,-2.4115154317883025e-12,-2.318811809232102e-12,-2.329358927966041e-12,-2.3480106747797436e-12,-2.360334150353083e-12,-2.37609931730276e-12,-2.373323759741197e-12,-2.370104112969784e-12,-2.3727686482288846e-12,-2.3921975511598248e-12,-2.4115154317883025e-12
941,-1.1493670955940249e+00,1.8311959479215961e+11,8.8506329044059739e-01,-2.1400144793525503e-06,-1.8211490748124907e-06,-1.5087356403271171e-06,-1.2090857999798175e-06,-9.2855985418441681e-07,-6.7337828628647352e-07,-4.4972206511266301e-07,-2.6388056955513809e-07,-1.2183322488154821e-07,-2.9973361270668821e-08,-2.1317915965292775e-06,-1.7857209112435970e-06,-1.4926836322459081e-06,-1.1794139823747250e-06,-9.8066596087809700e-07,-6.4600108947750547e-07,-3.7649462016661359e-07,-2.3479051569751836e-07,-1.2389702461633513e-07,-4.6367665340596571e-08,ok,1,1.9126922268242197e-12,1.2951861805277076e-12,1.3453682612407647e-12,1.4006573678670975e-12,1.4666046155298318e-12,1.5294432387236157e-12,1.6133760993852775e-12,1.7004175845158898e-12,1.7787993300544258e-12,1.836975016544784e-12,1.9126922268242197e-12
942,4.0672825839777293e-01,2.1531520766624991e+11,1.0406728258397773e+00,-1.8200227868504973e-06,-1.5488366300274464e-06,-1.2831376942643139e-06,-1.0282938402763628e-06,-7.8971432664387518e-07,-5.7268950141980305e-07,-3.8247610665794743e-07,-2.2442308415720176e-07,-1.0361576878066249e-07,-2.5491510004929795e-08,-1.8132925524606480e-06,-1.5694632322518824e-06,-1.2177330559950591e-06,-9.4556942973660967e-07,-8.2590156454652468e-07,-5.5942186418761896e-07,-3.6726376104212348e-07,-2.1230212590696063e-07,-3.7628836929510821e-08,3.1290675740533851e-09,ok,1,7.94475596421762e-13,3.4661162828797387e-13,3.6992631180510216e-13,3.97015753605956e-13,4.3853809472693683e-13,4.796163466380676e-13,5.442313266712517e-13,6.152856002472618e-13,6.818989817247711e-13,7.30526750203353e-13,7.94475596421762e-13
943,-3.9765328018576240e-01,1.9867255363295657e+11,9.6023467198142376e-01,-1.9724847601793117e-06,-1.6785815379944215e-06,-1.3906251973511556e-06,-1.1144332607179989e-06,-8.5586811629722142e-07,-6.2066328071612743e-07,-4.1451584945297534e-07,-2.4322284123610658e-07,-1.1229558569848657e-07,-2.7626915092447835e-08,-2.0148207822368638e-06,-1.6512258597430133e-06,-1.4265046395929479e-06,-1.0722691023249308e-06,-8.8594001057901546e-07,-6.2546425748087080e-07,-3.7812130532945931e-07,-2.4968846237165925e-07,-9.8271829374511445e-08,-2.2868320349576459e-08,ok,1,-2.898015161179046e-12,-2.4805713039199873e-12,-2.529421117003494e-12,-2.5910384948701903e-12,-2.6478819137309983e-12,-2.704836354894269e-12,-2.7353674880714607e-12,-2.7592372831009015e-12,-2.7887692155559307e-12,-2.8390623185714503e-12,-2.898015161179046e-12
944,1.1864194074605294e+00,2.3144701754035834e+11,1.1186419407460528e+00,-1.6931675701606424e-06,-1.4408830331061534e-06,-1.1937032589238924e-06,-9.5662196953310480e-07,-7.3467139929532041e-07,-5.3277316008421472e-07,-3.5581760010559504e-07,-2.0878084100695406e-07,-9.6393770849595522e-08,-2.3714756961625321e-08,-1.7502446028564558e-06,-1.4324294661848378e-06,-1.2661202652717427e-06,-9.7908683305794940e-07,-7.1688869430251372e-07,-5.1347339866026588e-07,-3.3857589660830825e-07,-2.8189472255029853e-07,-9.3285861563785862e-08,-4.8843716086629626e-08,ok,1,5.328182339781051e-12,4.721334434520941e-12,4.778621942591599e-12,4.839018075131207e-12,4.909628259497367e-12,4.978017997814277e-12,5.064171304525189e-12,5.146549852952376e-12,5.2158277696889854e-12,5.263567359747867e-12,5.328182339781051e-12
945,5.3648418720834878e-01,2.1799985783334073e+11,1.0536484187208348e+00,-1.7976093571910872e-06,-1.5297628353958889e-06,-1.2673359599883968e-06,-1.0156304869244110e-06,-7.7998906021347122e-07,-5.6563687771105639e-07,-3.7776594512858684e-07,-2.2165933249036246e-07,-1.0233974918243360e-07,-2.5177584173585008e-08,-1.7984264733661609e-06,-1.5130794968048513e-06,-1.2577369539793771e-06,-1.0219856817179959e-06,-7.9873689329575253e-07,-5.9505670977807495e-07,-3.7094078823186808e-07,-2.0240097577301053e-07,-9.3444581888905561e-08,-8.2156203636887388e-08,ok,1,-9.374723219934822e-13,-8.825162822745369e-13,-8.965050923848139e-13,-9.166001291305292e-13,-9.277023593767808e-13,-9.374723219934822e-13,-9.235945341856677e-13,-9.047207427670401e-13,-8.90065798841988e-13,-8.923972671937008e-13,-8.899547765395255e-13
946,-1.4671937201959429e+00,1.7654376192914594e+11,8.5328062798040571e-01,-2.2197249000863502e-06,-1.8889825219095940e-06,-1.5649324342398371e-06,-1.2541213540610386e-06,-9.6314648776446852e-07,-6.9846001682175968e-07,-4.6647313636434435e-07,-2.7370948960477235e-07,-1.2637122109994226e-07,-3.1089797285811344e-08,-2.1734900346147461e-06,-1.8517463057594823e-06,-1.5830150452515474e-06,-1.2367124202898726e-06,-9.4949392923926698e-07,-6.6807806772891787e-07,-4.4475088037441977e-07,-2.1245590761667814e-07,-1.4345791005142306e-07,-3.8380472523148157e-08,ok,1,3.333999742949345e-12,2.949862576429041e-12,2.9809488211185453e-12,3.0133673334376e-12,3.055777852978281e-12,3.0948577034450864e-12,3.15547588058962e-12,3.2156499685243034e-12,3.2644997816078103e-12,3.2940317140628395e-12,3.333999742949345e-12
947,-1.0524450618652426e+00,1.8512491167000812e+11,8.9475549381347563e-01,-2.1168333357908672e-06,-1.8014219568149016e-06,-1.4923926586262900e-06,-1.1959886963018797e-06,-9.1850147397539658e-07,-6.6608409324388055e-07,-4.4485056921611010e-07,-2.6102215274284225e-07,-1.2051349854138010e-07,-2.9648682724146474e-08,-2.1101757904657684e-06,-1.7382931912727913e-06,-1.4837450961250244e-06,-1.1854025650344425e-06,-8.4601463339711897e-07,-6.4697720842979089e-07,-4.3807732820323911e-07,-2.9807195860143614e-07,-1.5605980432701728e-07,-2.3993128772219079e-08,ok,1,1.3449241720309146e-12,1.3449241720309146e-12,1.3218315331187114e-12,1.2898571100095069e-12,1.2647660696529783e-12,1.2372325386422744e-12,1.2321255127289987e-12,1.2285727990501982e-12,1.2170264795940966e-12,1.1859402349045922e-12,1.1524114995609125e-12
948,-1.7678729426843069e+00,1.7032270881586169e+11,8.2321270573156935e-01,-2.3008005628481216e-06,-1.9579777879010615e-06,-1.6220917400072561e-06,-1.2999282556101735e-06,-9.9832550469100780e-07,-7.2397133526235127e-07,-4.8351111196662603e-07,-2.8370675470421247e-07,-1.3098694195091111e-07,-3.2225355083983803e-08,-2.2771862086778660e-06,-1.9773810935683865e-06,-1.5860746400746292e-06,-1.2837789189810184e-06,-9.9042579626079155e-07,-7.5022818634330245e-07,-5.3951353937273808e-07,-3.4392835876673852e-07,-1.5289578416948071e-07,-7.8813471785238513e-09,ok,1,4.32454072551991e-12,3.739453191542452e-12,3.7978509226377355e-12,3.859135233597044e-12,3.9250824812597784e-12,3.984590435379687e-12,4.064082403942848e-12,4.142020060271534e-12,4.210409798588444e-12,4.2594816562768756e-12,4.32454072551991e-12
949,1.0834535915436110e+00,2.2931665480903732e+11,1.1083453591543611e+00,-1.7088971781609443e-06,-1.4542689056472864e-06,-1.2047928194979851e-06,-9.6550903354862129e-07,-7.4149653185949728e-07,-5.3772264831483743e-07,-3.5912316269002008e-07,-2.1072042504149506e-07,-9.7289273607733146e-08,-2.3935068192116338e-08,-1.6518261102138867e-06,-1.4412207583764733e-06,-1.2337833976322192e-06,-9.8868383353074456e-07,-7.2950259285253934e-07,-5.5857843935139169e-07,-3.1568012799470082e-07,-1.6909316767169696e-07,-4.4139670809694819e-08,-6.3512060490234399e-08,ok,1,1.6331380692236053e-12,1.4936940573306856e-12,1.5121237595394632e-12,1.5276668818842154e-12,1.5483170301422433e-12,1.5614176618328202e-12,1.5896173266582991e-12,1.6155965454345278e-12,1.6331380692236053e-12,1.6289192217300297e-12,1.6260326418660043e-12
950,-3.3554744518460417e-01,1.9995752335913055e+11,9.6644525548153970e-01,-1.9598091520880986e-06,-1.6677946147419523e-06,-1.3816887430072906e-06,-1.1072716747114771e-06,-8.5036812509887906e-07,-6.1667476599514979e-07,-4.1185208212697686e-07,-2.4165983934299515e-07,-1.1157395029556865e-07,-2.7449378639166725e-08,-1.9633538100479794e-06,-1.7312792451209256e-06,-1.3512849731165059e-06,-1.0798616073458279e-06,-8.3753074857004647e-07,-5.6900084959441478e-07,-4.2193965534368547e-07,-1.9774978928880378e-07,-1.4082674168249461e-07,-2.0911633309004026e-08,ok,1,5.306866057708248e-13,5.306866057708248e-13,4.949374243778948e-13,4.4853010194856324e-13,4.0745185003743245e-13,3.6481928589182644e-13,3.4572344986827375e-13,3.339550858072471e-13,3.199662756969701e-13,2.893241202173158e-13,2.575717417130363e-13
951,-5.3318465101105017e-01,1.9586840957058136e+11,9.4668153489889495e-01,-2.0007237775925257e-06,-1.7026128989650949e-06,-1.4105340402259961e-06,-1.1303880102252313e-06,-8.6812112586549273e-07,-6.2954898748857527e-07,-4.2045025286496410e-07,-2.4670493356336660e-07,-1.1390326199796326e-07,-2.8022434972820934e-08,-2.0228236793631200e-06,-1.7395666196034517e-06,-1.4538690633443084e-06,-1.1619706700468034e-06,-8.9065429867054370e-07,-5.9275597136103881e-07,-4.5865226751469408e-07,-2.1142896251408153e-07,-1.4945576637392239e-07,1.4941794277314212e-08,ok,1,-2.1703749908397185e-12,-2.0218271501448726e-12,-2.041700142285663e-12,-2.0697887848086793e-12,-2.093436535233195e-12,-2.1208590439414365e-12,-2.123523579200537e-12,-2.1217472223611367e-12,-2.124855846830087e-12,-2.1460611066004276e-12,-2.1703749908397185e-12
952,-3.7099652928679744e-01,1.9922408180905615e+11,9.6290034707132022e-01,-1.9670241707192870e-06,-1.6739345846495342e-06,-1.3867754168871465e-06,-1.1113480847815562e-06,-8.5349874721053721e-07,-6.1894504824253036e-07,-4.1336831162454986e-07,-2.4254950772806772e-07,-1.1198470872546152e-07,-2.7550433263849570e-08,-1.9926252156797552e-06,-1.6934638191677391e-06,-1.4150955041481033e-06,-1.0887450516456006e-06,-8.7184802623417444e-07,-6.5860745268535804e-07,-3.9185829320933786e-07,-2.5216036936885724e-07,-1.2200908095603059e-07,3.9441279464768522e-08,ok,1,-3.4205971388701073e-13,-2.9554136915521667e-13,-3.1108449149996886e-13,-3.305133944309091e-13,-3.3861802251067274e-13,-3.4205971388701073e-13,-3.149702720861569e-13,-2.8277380437202737e-13,-2.559064071760986e-13,-2.4724666758402236e-13,-2.327027459614328e-13
953,1.2015068714438479e+00,2.3175917717017322e+11,1.1201506871443847e+00,-1.6908870194191731e-06,-1.4389422878854161e-06,-1.1920954435484162e-06,-9.5533348221454423e-07,-7.3368186025950539e-07,-5.3205556057009267e-07,-3.5533834447468635e-07,-2.0849963121391939e-07,-9.6263936750733269e-08,-2.3682815228534973e-08,-1.7286395200997077e-06,-1.4431902987066393e-06,-1.2099704783717017e-06,-9.8765272894838989e-07,-6.9815886623959377e-07,-5.9692321401286271e-07,-3.9328876154907783e-07,-2.0739170396034435e-07,-8.8336585486817756e-08,-5.0200989750321353e-09,ok,1,1.0931255900459291e-12,1.0931255900459291e-12,1.078026556911027e-12,1.0478284906412227e-12,1.0182965581861936e-12,9.867662242868391e-13,9.814371537686384e-13,9.816591983735634e-13,9.78550573904613e-13,9.57012247226885e-13,9.341416529196067e-13
954,-1.1109981727431808e+00,1.8391344780594360e+11,8.8890018272568194e-01,-2.1307772160346936e-06,-1.8132881777448918e-06,-1.5022232599102360e-06,-1.2038668428107895e-06,-9.2455177294814134e-07,-6.7047168326884493e-07,-4.4778086276297092e-07,-2.6274154253955662e-07,-1.2130733798213935e-07,-2.9843982785948319e-08,-2.1133945787550401e-06,-1.7968394112827881e-06,-1.5221402665775509e-06,-1.2180250111677072e-06,-9.4174378635754291e-07,-7.0258219693171322e-07,-4.4416803818448570e-07,-2.7741773191595716e-07,-5.5270373122717215e-08,-8.1463147264301276e-08,ok,1,-1.567634910770721e-12,-1.5194512315019892e-12,-1.5329959524024162e-12,-1.5509815654013437e-12,-1.559863349598345e-12,-1.567634910770721e-12,-1.549316230864406e-12,-1.5297763056310032e-12,-1.518341008477364e-12,-1.5257795027423526e-12,-1.5304424394457783e-12
955,-1.6035803673280746e+00,1.7372192219998215e+11,8.3964196326719254e-01,-2.2557808441546983e-06,-1.9196660756028112e-06,-1.5903523033043952e-06,-1.2744925853766662e-06,-9.7879128946527256e-07,-7.0980540259422439e-07,-4.7405025968861177e-07,-2.7815547029707031e-07,-1.2842392307195680e-07,-3.1594802204197133e-08,-2.2149795258562077e-06,-1.8903999629315876e-06,-1.5659171241703461e-06,-1.2542496781101295e-06,-9.3831625509411147e-07,-7.1276994449401620e-07,-5.1810644089613336e-07,-2.9493567832360461e-07,-4.8177083963078968e-08,7.8169510993236367e-09,ok,1,1.4872547637878597e-12,1.4459544672718039e-12,1.4561685190983553e-12,1.4637180356658064e-12,1.4710455076283324e-12,1.4650503032953566e-12,1.475486399726833e-12,1.4852563623435344e-12,1.4872547637878597e-12,1.4694911953938572e-12,1.4526158054195548e-12
956,1.3463153708429627e+00,2.3475526502274091e+11,1.1346315370842963e+00,-1.6693069025251053e-06,-1.4205776411527259e-06,-1.1768812046753001e-06,-9.4314094185997517e-07,-7.2431817118631035e-07,-5.2526514757405166e-07,-3.5080330285283444e-07,-2.0583863354675817e-07,-9.5035358505125748e-08,-2.3380560899792725e-08,-1.6605742397878894e-06,-1.4421018256576799e-06,-1.1678636118534639e-06,-8.9964574154996255e-07,-7.0936045104429002e-07,-5.6028376042051058e-07,-4.3586453636177860e-07,-2.4694009589663545e-07,-2.7674445422658442e-09,-2.2804900123329992e-08,ok,1,-4.046651902456233e-12,-3.3532066012753603e-12,-3.4264813209006206e-12,-3.5161873412903333e-12,-3.602673714908633e-12,-3.692490757600808e-12,-3.757216759936455e-12,-3.813283022680025e-12,-3.873346088312246e-12,-3.953171123782795e-12,-4.046651902456233e-12
957,2.9297135004537504e-02,2.0750615772324387e+11,1.0029297135004536e+00,-1.8885154474831391e-06,-1.6071237802995220e-06,-1.3314258339914191e-06,-1.0669914772187094e-06,-8.1943353442629943e-07,-5.9424144458866604e-07,-3.9686977599129982e-07,-2.3286876640477440e-07,-1.0751512638125705e-07,-2.6450828402677370e-08,-1.8836868092658391e-06,-1.5221269846060407e-06,-1.4209407413765982e-06,-1.0983427563705352e-06,-8.0503081828115576e-07,-5.2838958269807977e-07,-3.9123952371400268e-07,-1.8752531421260697e-07,-1.0992343319080397e-07,8.3679795161282759e-09,ok,1,8.493206138382448e-13,8.493206138382448e-13,8.322231792590173e-13,7.991385331251877e-13,7.627232179174825e-13,7.156497616733759e-13,6.901146321069973e-13,6.687983500341943e-13,6.439293542825908e-13,6.021849685566849e-13,5.542233338928781e-13
958,-3.1946438609180067e-01,2.0029028185176065e+11,9.6805356139081999e-01,-1.9565531621690824e-06,-1.6650237722613736e-06,-1.3793932314196495e-06,-1.1054320744594253e-06,-8.4895533955315511e-07,-6.1565023418349294e-07,-4.1116783885468683e-07,-2.4125835024915731e-07,-1.1138858344139614e-07,-2.7403774759823142e-08,-2.0346468619902349e-06,-1.6709457877150984e-06,-1.4254744307083344e-06,-1.1538211666787277e-06,-8.1978041170369809e-07,-6.1933301589751744e-07,-3.6632800160607995e-07,-2.1808386839534514e-07,-1.2385286493028382e-07,-2.7867701377725104e-08,ok,1,2.5062174557888284e-12,2.3303581286882036e-12,2.3427926265640053e-12,2.346789429452656e-12,2.353894856810257e-12,2.360778239562933e-12,2.3951951533263127e-12,2.4347190930029683e-12,2.468469872951573e-12,2.483568906086475e-12,2.5062174557888284e-12
959,1.2584219638666883e+00,2.3293675043240179e+11,1.1258421963866689e+00,-1.6823390194134562e-06,-1.4316679528507277e-06,-1.1860690019581686e-06,-9.5050395160865245e-07,-7.2997285281333712e-07,-5.2936584157495202e-07,-3.5354199017324401e-07,-2.0744559577078582e-07,-9.5777290320520620e-08,-2.3563090668358328e-08,-1.6653560187069209e-06,-1.4058793377095395e-06,-1.1488293757556312e-06,-9.0700092229322006e-07,-7.3752169602224050e-07,-5.5957660378844881e-07,-3.4650881792546364e-07,-2.0565788308693083e-07,-1.3274961206983622e-07,4.5161632758179435e-08,ok,1,-3.54605234065275e-13,-2.09277040141842e-13,-2.2015722578316854e-13,-2.4014124022642136e-13,-2.5845992013273644e-13,-2.851052727237402e-13,-2.916555885690286e-13,-2.9676261448230434e-13,-3.0586644328423063e-13,-3.3073543903583413e-13,-3.54605234065275e-13
960,-2.6530045835729349e-01,2.0141093351658759e+11,9.7346995416427062e-01,-1.9456668884167004e-06,-1.6557595698162110e-06,-1.3717182790494598e-06,-1.0992814436409709e-06,-8.4423174685525284e-07,-6.1222475251777307e-07,-4.0888009848632500e-07,-2.3991598731384603e-07,-1.1076881668234074e-07,-2.7251299989571893e-08,-1.8885656738569973e-06,-1.6209120993297122e-06,-1.3915422122670724e-06,-1.1061849965440267e-06,-9.0202122530030708e-07,-6.2270150987324211e-07,-4.1825686963376822e-07,-2.3252694428074117e-07,-8.3498258020831274e-08,-7.0762755282370259e-08,ok,1,1.2503331703328513e-12,1.1126655152793319e-12,1.1262102361797588e-12,1.1386447340555605e-12,1.1581846592889633e-12,1.1690648449302898e-12,1.1968204205459188e-12,1.2261303083960229e-12,1.247668635073751e-12,1.2472245458639009e-12,1.2503331703328513e-12
961,6.9577057961230238e-01,2.2129549329217853e+11,1.0695770579612303e+00,-1.7708385221842892e-06,-1.5069808954253744e-06,-1.2484622031583039e-06,-1.0005052451221837e-06,-7.6837310018594339e-07,-5.5721315012722688e-07,-3.7214007889246569e-07,-2.1835827856884669e-07,-1.0081565801708118e-07,-2.4802627874487635e-08,-1.8009451180416177e-06,-1.5387984020211552e-06,-1.1883909035754789e-06,-9.7280425717494609e-07,-8.3219514553928313e-07,-5.7917682702177765e-07,-4.0215223287947577e-07,-2.0072339263038745e-07,-7.7691016025283863e-08,-1.3825367339204721e-08,ok,1,-1.149080830487037e-12,-8.19455614475828e-13,-8.51096970677645e-13,-8.948397578478762e-13,-9.3913765653042e-13,-9.898748487557896e-13,-1.017741446673881e-12,-1.0393907956540716e-12,-1.0628165014736624e-12,-1.1038947533847931e-12,-1.149080830487037e-12
962,1.1792446938193790e+00,2.3129857271512296e+11,1.1179244693819379e+00,-1.6942542260801651e-06,-1.4418077756448066e-06,-1.1944693642611309e-06,-9.5723591876299730e-07,-7.3514290314340315e-07,-5.3311508791121657e-07,-3.5604595984276334e-07,-2.0891483420448561e-07,-9.6455635288475466e-08,-2.3729976826141522e-08,-1.7153040167401326e-06,-1.4545593665626308e-06,-1.1766205855585296e-06,-9.2118866034944219e-07,-6.7227153087189502e-07,-5.4321261013478078e-07,-3.5619794840930950e-07,-1.6558180665183099e-07,-1.2716749049408048e-07,1.3860579542061252e-09,ok,1,2.9316549188251884e-12,2.6068036618198676e-12,2.6358915050650467e-12,2.6629809468659005e-12,2.6965096822095802e-12,2.7280400161089347e-12,2.779776409056467e-12,2.830624623584299e-12,2.873257187729905e-12,2.8972380050618085e-12,2.9316549188251884e-12
963,-1.3986050572268711e+00,1.7796286136597604e+11,8.6013949427731295e-01,-2.2020245196113756e-06,-1.8739195249827340e-06,-1.5524534556498388e-06,-1.2441208242079633e-06,-9.5546623005046675e-07,-6.9289040409898839e-07,-4.6275341776547447e-07,-2.7152689386708513e-07,-1.2536352023820585e-07,-3.0841883122732273e-08,-2.2184062877519326e-06,-1.8658090845751094e-06,-1.5639864924592226e-06,-1.2451282319731227e-06,-9.9135450183117793e-07,-6.7952320032467768e-07,-4.5451901078560610e-07,-2.6065470561345362e-07,-9.9749721453965929e-08,6.3636724728212999e-09,ok,1,5.575540029667536e-13,4.933831121434196e-13,5.007105841059456e-13,5.015987625256457e-13,5.060396546241464e-13,5.047073869945962e-13,5.229150445984487e-13,5.426770144367765e-13,5.575540029667536e-13,5.546674231027282e-13,5.564437799421285e-13
964,-6.3878937913157974e-01,1.9368344774576761e+11,9.3612106208684198e-01,-2.0232941372580778e-06,-1.7218202407937553e-06,-1.4264464120212118e-06,-1.1431400273894089e-06,-8.7791448478077117e-07,-6.3665099089057930e-07,-4.2519339309006960e-07,-2.4948803593076270e-07,-1.1518821578280710e-07,-2.8338558789184393e-08,-1.9656833019650631e-06,-1.8068971915502126e-06,-1.4803466196984037e-06,-1.0717572640538171e-06,-8.8300478435365928e-07,-6.2111705774928747e-07,-3.9448637903367785e-07,-2.0766286983042605e-07,-1.2304312148292862e-07,-4.7773960799968649e-08,ok,1,3.594902153736257e-13,1.454392162258955e-13,1.538769112130467e-13,1.5898393712632242e-13,1.7319479184152442e-13,1.8696155734687636e-13,2.2537527399890678e-13,2.682298827494378e-13,3.070876886113183e-13,3.2884805989397137e-13,3.594902153736257e-13
965,-1.5771074872016275e+00,1.7426964608979834e+11,8.4228925127983734e-01,-2.2486909975396782e-06,-1.9136326268909708e-06,-1.5853538771833551e-06,-1.2704868961864684e-06,-9.7571497993415288e-07,-7.0757450705115006e-07,-4.7256033497449006e-07,-2.7728123660328666e-07,-1.2802029081364404e-07,-3.1495500757397584e-08,-2.2809352038744437e-06,-1.8878325430205820e-06,-1.5060317216466739e-06,-1.3227651831244485e-06,-1.0451177128618179e-06,-6.9951857845752462e-07,-4.2960429085139716e-07,-3.0629730972289287e-07,-1.1458525107760560e-07,-4.0164199919890918e-08,ok,1,-3.777422818984633e-12,-3.3952840539086537e-12,-3.4494629375103614e-12,-3.515299162870633e-12,-3.5743630277806915e-12,-3.632427691968587e-12,-3.661293490608841e-12,-3.6805003489348564e-12,-3.700706407983034e-12,-3.7371217231907394e-12,-3.777422818984633e-12
966,8.5776657256174016e-01,2.2464719038630240e+11,1.0857766572561740e+00,-1.7444179187555714e-06,-1.4844970019964402e-06,-1.2298353637530857e-06,-9.8557788049889706e-07,-7.5690910687946532e-07,-5.4889962662961766e-07,-3.6658781349894037e-07,-2.1510041094788621e-07,-9.9311505895660302e-08,-2.4432576971007609e-08,-1.7032127557229003e-06,-1.5176989262316252e-06,-1.2056829985307910e-06,-1.0030176113673847e-06,-7.3896566933938727e-07,-5.0393517744180135e-07,-4.1042350711363091e-07,-2.0803429806599130e-07,-1.1839799713548980e-07,2.8609818956809765e-08,ok,1,1.8962609260597674e-13,1.8962609260597674e-13,1.751931932858497e-13,1.5476508963274682e-13,1.3788969965844444e-13,1.1879386363489175e-13,1.2256862191861728e-13,1.305622276959184e-13,1.3344880755994382e-13,1.170175067954915e-13,9.992007221626409e-14
967,-4.9080921473412986e-01,1.9674515734715085e+11,9.5091907852658697e-01,-1.9918080302018580e-06,-1.6950256114638015e-06,-1.4042483323589527e-06,-1.1253507061928173e-06,-8.6425255152783691e-07,-6.2674355287267336e-07,-4.1857661679041715e-07,-2.4560555198339694e-07,-1.1339567933096740e-07,-2.7897559688042095e-08,-1.9852131587143331e-06,-1.7596812496520239e-06,-1.4207054121126507e-06,-1.1508726165277278e-06,-8.6265543896541633e-07,-6.3350285316749073e-07,-3.0394728281078100e-07,-1.8943213440172103e-07,-7.9783075534795084e-08,-5.2471298414531998e-08,ok,1,-1.4596102104746933e-12,-1.2829737272568309e-12,-1.3037348978173213e-12,-1.3312684288280252e-12,-1.3569145806968663e-12,-1.3896661599233084e-12,-1.3985479441203097e-12,-1.4006573678670975e-12,-1.4064305275951483e-12,-1.4317436125566019e-12,-1.4596102104746933e-12
968,9.3805120523973329e-01,2.2630827943641010e+11,1.0938051205239734e+00,-1.7316139969980223e-06,-1.4736008840086306e-06,-1.2208084467495752e-06,-9.7834379861286971e-07,-7.5135343992734808e-07,-5.4487073665066477e-07,-3.6389708117456970e-07,-2.1352158697336029e-07,-9.8582565463780595e-08,-2.4253243337422199e-08,-1.6879367627222022e-06,-1.4491318025576606e-06,-1.1937791125344328e-06,-9.1811548774502118e-07,-7.6926738490092642e-07,-5.5420727598549568e-07,-3.4821490415697762e-07,-2.4975706992448791e-07,-1.3249656741948019e-07,-2.1498333353013662e-08,ok,1,2.042144231495513e-12,1.892264123171117e-12,1.9044765764419935e-12,1.9129142714291447e-12,1.9269030815394217e-12,1.935340776526573e-12,1.965316798191452e-12,1.9975132659055816e-12,2.02260430626211e-12,2.029043599804936e-12,2.042144231495513e-12
969,-1.0711887252321064e+00,1.8473710527494772e+11,8.9288112747678938e-01,-2.1212770641008098e-06,-1.8052035628641310e-06,-1.4955255398951672e-06,-1.1984993563234809e-06,-9.2042962341166278e-07,-6.6748235955625863e-07,-4.4578441461386567e-07,-2.6157009929596741e-07,-1.2076648456359578e-07,-2.9710922244178217e-08,-2.1613793506384918e-06,-1.8198553730640526e-06,-1.4701755776456199e-06,-1.2119777521834241e-06,-9.3204357295053192e-07,-7.0419271490123427e-07,-4.6306263933060877e-07,-3.3564351979146453e-07,-1.5014332085695302e-07,-6.4831098452378279e-08,ok,1,9.385825450181073e-13,6.059597268404104e-13,6.317169010117141e-13,6.601386104421181e-13,6.972200594645983e-13,7.271960811294775e-13,7.7982065249671e-13,8.333334022836425e-13,8.781864124784988e-13,9.034994974399524e-13,9.385825450181073e-13
970,-3.1382172157104132e-01,2.0040702858069516e+11,9.6861782784289585e-01,-1.9554133758851290e-06,-1.6640538158631278e-06,-1.3785896685439341e-06,-1.1047881071290986e-06,-8.4846078225176047e-07,-6.1529158832279276e-07,-4.1092831382036497e-07,-2.4111780566086888e-07,-1.1132369423617278e-07,-2.7387810743498180e-08,-1.8727230838738281e-06,-1.6494893921544508e-06,-1.3944447097389446e-06,-1.0567842590808797e-06,-8.8900940757881828e-07,-6.8666174105804383e-07,-4.4144776904469801e-07,-1.9862168907947228e-07,-1.8350350308040817e-08,-1.6488213847568892e-07,ok,1,5.071498776487715e-13,5.071498776487715e-13,4.969358258222201e-13,4.747313653297169e-13,4.505285033928885e-13,4.1389114358025836e-13,3.9190872769268026e-13,3.730349362740526e-13,3.5216274341109965e-13,3.1663560662309465e-13,2.7755575615628914e-13
971,-1.3155205427087635e+00,1.7968187997135568e+11,8.6844794572912365e-01,-2.1809577257861455e-06,-1.8559917154027932e-06,-1.5376011156407802e-06,-1.2322183060189284e-06,-9.4632527367315999e-07,-6.8626151365899369e-07,-4.5832625051225234e-07,-2.6892919296040782e-07,-1.2416416600279634e-07,-3.0546818473295353e-08,-2.1805190559430614e-06,-1.8683109851890646e-06,-1.5414568095116641e-06,-1.2780546326521657e-06,-9.7555147157399300e-07,-6.7660362597796235e-07,-4.6206798829049933e-07,-2.6876732374602090e-07,-1.3242947021525115e-07,-4.7558410480290021e-08,ok,1,-1.5061285552064874e-12,-1.4770407119613083e-12,-1.4865886299730846e-12,-1.5015766408055242e-12,-1.5053513990892498e-12,-1.5061285552064874e-12,-1.4820367155721215e-12,-1.4572787421229805e-12,-1.4419576643831533e-12,-1.4456214003644163e-12,-1.4465095787841165e-12
972,1.5688281907392798e+00,2.3935905526639569e+11,1.1568828190739280e+00,-1.6371997452604783e-06,-1.3932544990378999e-06,-1.1542452772356762e-06,-9.2500073379106995e-07,-7.1038676205095565e-07,-5.1516228951185064e-07,-3.4405601342609607e-07,-2.0187956923794244e-07,-9.3207465026390994e-08,-2.2930863277034786e-08,-1.6316750521858912e-06,-1.3526802520979565e-06,-1.1288421122383027e-06,-8.9334343209409338e-07,-6.8780911790638607e-07,-4.8741645625040895e-07,-3.4556850134145799e-07,-2.4222997260505900e-07,-1.1285802026318613e-07,-3.3781226778078181e-08,ok,1,1.1723955140041653e-13,1.1723955140041653e-13,1.0835776720341528e-13,9.525713551283843e-14,8.881784197001252e-14,7.904787935331115e-14,8.992806499463768e-14,1.0547118733938987e-13,1.156852391659413e-13,1.0680345496894006e-13,9.969802761133906e-14
973,8.2671031209298085e-01,2.2400463635720377e+11,1.0826710312092980e+00,-1.7494217560839540e-06,-1.4887552599703538e-06,-1.2333631285361668e-06,-9.8840499625783858e-07,-7.5908028960025131e-07,-5.5047413719362639e-07,-3.6763936528907593e-07,-2.1571742333580640e-07,-9.9596379500178738e-08,-2.4502661461284527e-08,-1.7416963673731989e-06,-1.5506138435419185e-06,-1.2549740896063394e-06,-9.1590389037597761e-07,-7.7395516619034643e-07,-5.2738722273454141e-07,-3.4557050187600349e-07,-2.9746690178460652e-07,-1.3041087813923858e-07,-6.3477011849994115e-08,ok,1,-2.673639087902302e-12,-2.3450130726132556e-12,-2.391420395042587e-12,-2.4502622153477205e-12,-2.4982238500115272e-12,-2.5403013026448207e-12,-2.5557334026871104e-12,-2.5667246106308994e-12,-2.5854873797470646e-12,-2.6258994978434202e-12,-2.673639087902302e-12
974,5.1904848493886060e-02,2.0797391131533850e+11,1.0051904848493887e+00,-1.8842679922284256e-06,-1.6035092023226917e-06,-1.3284313275594183e-06,-1.0645917094211311e-06,-8.1759054856365366e-07,-5.9290493767832896e-07,-3.9597717719510007e-07,-2.3234502185900505e-07,-1.0727331438604294e-07,-2.6391337912305994e-08,-1.8706651770484633e-06,-1.6125689495603540e-06,-1.3871786840104287e-06,-1.0480695649834373e-06,-7.8919795021057882e-07,-5.2637091643052854e-07,-3.7389131103824011e-07,-2.3718441007330519e-07,-8.1496796474509584e-08,2.8647556443456963e-08,ok,1,6.13487038947369e-12,5.511147094239277e-12,5.5704330037542604e-12,5.631051180898794e-12,5.696776383956603e-12,5.758282739520837e-12,5.8406612879480235e-12,5.923261880980135e-12,5.998979091259571e-12,6.057154777749929e-12,6.13487038947369e-12
975,5.4904990929977260e-01,2.1825984262341229e+11,1.0549049909299772e+00,-1.7954680970878924e-06,-1.5279406262969943e-06,-1.2658263461683104e-06,-1.0144206973598018e-06,-7.7905995987849651e-07,-5.6496310747581419e-07,-3.7731596129662517e-07,-2.2139529832551386e-07,-1.0221784504285004e-07,-2.5147593365905343e-08,-1.7238031986700741e-06,-1.5715962524770073e-06,-1.2155560201081485e-06,-1.0178819378897459e-06,-8.1215332970851038e-07,-6.2803041128129356e-07,-4.4599681677705981e-07,-2.5430100168647475e-07,-1.4591013529712637e-07,8.4341144789793551e-09,ok,1,-6.070477454045431e-12,-5.422440274571727e-12,-5.490385923678787e-12,-5.572986516710898e-12,-5.650702128434659e-12,-5.731748409232296e-12,-5.788147738883254e-12,-5.841882533275111e-12,-5.9011684427900946e-12,-5.978995076816318e-12,-6.070477454045431e-12
976,4.5040681351870426e-01,2.1621891697170200e+11,1.0450406813518704e+00,-1.8124158135482508e-06,-1.5423631072895099e-06,-1.2777746876832687e-06,-1.0239959799162709e-06,-7.8641363401362846e-07,-5.7029588647195529e-07,-3.8087750824845035e-07,-2.2348508468704206e-07,-1.0318269596828658e-07,-2.5384965604789933e-08,-1.8020134464347246e-06,-1.5338217738792053e-06,-1.2458159910593108e-06,-1.0462544039087127e-06,-8.0768936323146930e-07,-5.6383706978860589e-07,-3.7871593402105291e-07,-2.0532585802987783e-07,-1.1073729027679142e-07,-2.6211164484139308e-08,ok,1,-3.2807090377673376e-13,-2.4724666758402236e-13,-2.523536934972981e-13,-2.6423307986078726e-13,-2.7466917629226373e-13,-2.9398705692074145e-13,-2.920996777788787e-13,-2.866595849582154e-13,-2.8743674107545303e-13,-3.0730973321624333e-13,-3.2807090377673376e-13
977,2.4376972722855901e+00,2.5733595656358887e+11,1.2437697272285591e+00,-1.5228287159740237e-06,-1.2959249266541580e-06,-1.0736123423792610e-06,-8.6038229836756582e-07,-6.6076076778694398e-07,-4.7917423034454210e-07,-3.2002104731903693e-07,-1.8777672430863568e-07,-8.6696204721628763e-08,-2.1328965620366538e-08,-1.5529589655164975e-06,-1.3091541974670989e-06,-1.0517475376622970e-06,-8.2536969066496949e-07,-6.1826945887460941e-07,-5.2812875358290815e-07,-3.5750079290093344e-07,-1.2626806824782986e-07,-2.4112747572743305e-08,2.1888773950324713e-08,ok,1,-8.129052986305396e-13,-5.324629626102251e-13,-5.532241331707155e-13,-5.853095785823825e-13,-6.183942247162122e-13,-6.616929226765933e-13,-6.867839630331218e-13,-7.058797990566745e-13,-7.275291480368651e-13,-7.672751323184457e-13,-8.129052986305396e-13
978,1.2020011504796486e-01,2.0938694038034241e+11,1.0120200115047966e+00,-1.8715521779755076e-06,-1.5926880636875259e-06,-1.3194665273935705e-06,-1.0574074073535330e-06,-8.1207311176928517e-07,-5.8890377166132606e-07,-3.9330496058122167e-07,-2.3077706223070903e-07,-1.0654939000493772e-07,-2.6213238325523991e-08,-1.8606558031611149e-06,-1.6146524720009761e-06,-1.3580686190468231e-06,-1.1144948182134702e-06,-7.2320696922109592e-07,-6.1489797967975327e-07,-3.5501145951687501e-07,-2.3719799368120931e-07,-1.3271521954303685e-07,-2.2488276227498784e-08,ok,1,1.6056045382129014e-12,1.4590550989623807e-12,1.475264355121908e-12,1.4872547637878597e-12,1.5043521983670871e-12,1.5132339825640884e-12,1.5405454689698672e-12,1.5683010445854961e-12,1.5896173266582991e-12,1.5940582187567998e-12,1.6056045382129014e-12
979,-2.2144070301734060e+00,1.6108391854571222e+11,7.7855929698265935e-01,-2.4327604384441304e-06,-2.0702754418059362e-06,-1.7151250205412041e-06,-1.3744842052492921e-06,-1.0555833615995344e-06,-7.6549391174215095e-07,-5.1124235787039686e-07,-2.9997844233359040e-07,-1.3849955336255117e-07,-3.4073604739575222e-08,-2.4730611963581183e-06,-2.0946328164637250e-06,-1.6692348551163132e-06,-1.4171166788728447e-06,-1.0858969263539966e-06,-7.3307264612909280e-07,-5.3646498705193023e-07,-3.3616847276000062e-07,-1.5586365643183110e-07,1.6508453254166080e-08,ok,1,-8.849587729287123e-13,-8.175682353339653e-13,-8.250067295989538e-13,-8.391065620116933e-13,-8.520961713998076e-13,-8.744116541947733e-13,-8.729683642627606e-13,-8.640865800657593e-13,-8.592015987574086e-13,-8.72635297355373e-13,-8.849587729287123e-13
980,-9.0056997004177197e-01,1.8826720731983575e+11,9.0994300299582287e-01,-2.0815020835885392e-06,-1.7713551148000566e-06,-1.4674837059396524e-06,-1.1760269083115028e-06,-9.0317111863925157e-07,-6.5496673946439092e-07,-4.3742573921771046e-07,-2.5666553224139256e-07,-1.1850205402248081e-07,-2.9153827947878710e-08,-2.0570096705984797e-06,-1.7549112677424786e-06,-1.4860389501221969e-06,-1.1530323074633402e-06,-9.2535154839779448e-07,-6.4798312811798341e-07,-3.9025791600753734e-07,-2.2610415193016324e-07,-9.9542622116815067e-08,-7.7882551529962048e-09,ok,1,-6.658007478677064e-13,-6.437073096776658e-13,-6.514788708500419e-13,-6.612488334667432e-13,-6.613598557692058e-13,-6.658007478677064e-13,-6.453726442146035e-13,-6.182832024137497e-13,-5.998535002049721e-13,-6.012967901369848e-13,-5.981881656680343e-13
981,1.3865694456087629e+00,2.3558812182964529e+11,1.1386569445608763e+00,-1.6634055285352030e-06,-1.4155555808417926e-06,-1.1727206658794581e-06,-9.3980672727412065e-07,-7.2175754413269127e-07,-5.2340821756639642e-07,-3.4956313456288616e-07,-2.0511094784913476e-07,-9.4699387215579700e-08,-2.3297905377478149e-08,-1.6213641818263120e-06,-1.4624577856326816e-06,-1.2022025798056438e-06,-1.0066631978409473e-06,-7.0886752677682466e-07,-5.2372642269052083e-07,-3.9967965695608273e-07,-1.5235253767638699e-07,-1.5606460960666834e-07,-6.6619699406291731e-08,ok,1,2.092548356813495e-12,1.9677592888456275e-12,1.977973340672179e-12,1.984856723424855e-12,1.9970691766957316e-12,2.0048407378681077e-12,2.0337065365083618e-12,2.063016424358466e-12,2.085220884850969e-12,2.0869972416903693e-12,2.092548356813495e-12
982,6.7396328851360088e-01,2.2084430043934641e+11,1.0673963288513602e+00,-1.7744564090142071e-06,-1.5100597116282206e-06,-1.2510128563693544e-06,-1.0025493133445283e-06,-7.6994291408220535e-07,-5.5835155664625083e-07,-3.7290037446647538e-07,-2.1880439239041000e-07,-1.0102162803465090e-07,-2.4853300535856138e-08,-1.7400322940527999e-06,-1.5517683125387970e-06,-1.2346374985072553e-06,-1.0076574735829485e-06,-7.4309996295035900e-07,-5.7267820326222495e-07,-3.6320619551532934e-07,-2.4317499880202326e-07,-9.3389463451072443e-08,-6.6035501181954019e-08,ok,1,3.0235813852641513e-12,2.4789059693830495e-12,2.532640763774907e-12,2.5861535135618396e-12,2.646105556891598e-12,2.700950574308081e-12,2.7773339184022916e-12,2.8541613517063524e-12,2.9205526885789368e-12,2.965405698773793e-12,3.0235813852641513e-12
983,-1.9895492682408199e-03,2.0685883622564011e+11,9.9980104507317591e-01,-1.8944251619028460e-06,-1.6121529383037045e-06,-1.3355922528896582e-06,-1.0703304040605213e-06,-8.2199778042229063e-07,-5.9610099900149218e-07,-3.9811169701514174e-07,-2.3359748054299819e-07,-1.0785157250014912e-07,-2.6533600742321553e-08,-1.8637484007707537e-06,-1.5941066391748771e-06,-1.3261506650562940e-06,-1.0649118549954820e-06,-7.8033209192963794e-07,-5.9739440917757075e-07,-4.2391614835922466e-07,-2.1993923039393118e-07,-5.5795870423618055e-08,3.7249595049111929e-08,ok,1,-2.5213164889237305e-13,-2.381428387820961e-13,-2.4147350785597155e-13,-2.4846791291111003e-13,-2.4857893521357255e-13,-2.5213164889237305e-13,-2.334799020786704e-13,-2.084998840246044e-13,-1.865174681370263e-13,-1.8329782136561334e-13,-1.766364832178624e-13
984,1.2910107891627590e-01,2.0957110132277774e+11,1.0129101078916276e+00,-1.8699075484836320e-06,-1.5912884864853563e-06,-1.3183070440566096e-06,-1.0564782088905282e-06,-8.1135950121381560e-07,-5.8838627152306298e-07,-3.9295934321336283e-07,-2.3057426651540925e-07,-1.0645575955677907e-07,-2.6190203400105026e-08,-1.8340600494905678e-06,-1.5437859288985141e-06,-1.3050933124865816e-06,-1.0626393316514385e-06,-8.4757736146178763e-07,-6.9205848108151407e-07,-4.2559863899050109e-07,-1.8763416604612763e-07,-9.7676933816998618e-08,-2.1484040563487611e-08,ok,1,-1.0598188993071744e-12,-1.0096368185941174e-12,-1.0156320229270932e-12,-1.0307310560619953e-12,-1.0387246618392965e-12,-1.0480505352461478e-12,-1.035171948160496e-12,-1.0221823387723816e-12,-1.0188516696985062e-12,-1.038613639536834e-12,-1.0598188993071744e-12
985,-4.4807794280710184e-01,1.9762926736332108e+11,9.5519220571928987e-01,-1.9828975208775342e-06,-1.6874427815490209e-06,-1.3979663173909321e-06,-1.1203163616131124e-06,-8.6038625000571572e-07,-6.2393976647000229e-07,-4.1670408149068740e-07,-2.4450681629809991e-07,-1.1288839487247977e-07,-2.7772757768401322e-08,-1.9744647832902796e-06,-1.7228551290311372e-06,-1.3749363712630381e-06,-1.1337786297155757e-06,-9.0614105122652661e-07,-6.1533993880320216e-07,-4.0398834688840293e-07,-2.8939546336698766e-07,-9.4493910918840288e-08,-4.2474379116751427e-08,ok,1,-9.562350911096473e-13,-7.990275108227252e-13,-8.196776590807531e-13,-8.479883462086946e-13,-8.705258736085852e-13,-8.960610031749638e-13,-8.978373600143641e-13,-8.966161146872764e-13,-9.025002967177898e-13,-9.284795154940184e-13,-9.562350911096473e-13
986,-1.3225428573098488e+00,1.7953658828225922e+11,8.6774571426901503e-01,-2.1827226865315460e-06,-1.8574936943189945e-06,-1.5388454339412725e-06,-1.2332154903814054e-06,-9.4709109638494831e-07,-6.8681687730398536e-07,-4.5869715538159427e-07,-2.6914682646287060e-07,-1.2426464703286985e-07,-3.0571538776134618e-08,-2.2129728401131445e-06,-1.8839466135125467e-06,-1.5964101705072519e-06,-1.2089730298189454e-06,-9.4919968877151888e-07,-6.3328748939113014e-07,-3.9988806873938723e-07,-2.9919621304657771e-07,-1.6673594827757668e-07,-2.3712716031536768e-08,ok,1,-4.988787161153141e-12,-4.401701225731358e-12,-4.464983938134992e-12,-4.543809772883378e-12,-4.619749027767739e-12,-4.700351219355525e-12,-4.7550852144695455e-12,-4.799605157757014e-12,-4.845790435581421e-12,-4.9109605271269174e-12,-4.988787161153141e-12
987,1.2520890191668896e+00,2.3280572180656296e+11,1.1252089019166891e+00,-1.6832858800294107e-06,-1.4324737297982084e-06,-1.1867365499451286e-06,-9.5103891795417786e-07,-7.3038369898474206e-07,-5.2966378132498388e-07,-3.5374097205668373e-07,-2.0756235111105051e-07,-9.5831196069062490e-08,-2.3576352539061543e-08,-1.6258769731888949e-06,-1.4608894179320370e-06,-1.1625522686392701e-06,-9.4382287407667314e-07,-7.6708105850689557e-07,-5.3217072772357077e-07,-2.8567247055932439e-07,-2.3795729726050269e-07,-1.1521101432178581e-07,-4.7312576300937722e-08,ok,1,-2.1651569426239803e-12,-2.151945288630941e-12,-2.1578294706614543e-12,-2.1651569426239803e-12,-2.1617152512476423e-12,-2.1576074260565292e-12,-2.1288526497187377e-12,-2.0952128920725954e-12,-2.066458115734804e-12,-2.054245662463927e-12,-2.035038804137912e-12
988,5.7968427765744879e-01,2.1889366770473260e+11,1.0579684277657448e+00,-1.7902691677536515e-06,-1.5235163453222141e-06,-1.2621610392027583e-06,-1.0114833566580988e-06,-7.7680412604635203e-07,-5.6332720914019527e-07,-3.7622341110193343e-07,-2.2075422956327548e-07,-1.0192186464988914e-07,-2.5074776387979086e-08,-1.8048301546686994e-06,-1.4817606653107799e-06,-1.2503628230091902e-06,-1.0614695647190387e-06,-7.1321856938731770e-07,-5.6360265545434952e-07,-3.7703450789684142e-07,-2.1864787629662886e-07,-1.4361759925610378e-07,-8.2428580689634117e-09,ok,1,1.3453682612407647e-12,1.0464962230116726e-12,1.0746958878371515e-12,1.1017853296380054e-12,1.1375345110309354e-12,1.1657341758564144e-12,1.2116974090758958e-12,1.2578826869003024e-12,1.2967404927621828e-12,1.3169465518103607e-12,1.3453682612407647e-12
989,9.9047343429285439e-01,2.2739289535551917e+11,1.0990473434292856e+00,-1.7233545652127469e-06,-1.4665721200916855e-06,-1.2149854491841440e-06,-9.7367730603360258e-07,-7.4776964325302098e-07,-5.4227181871115417e-07,-3.6216136921798509e-07,-2.1250313425507613e-07,-9.8112347519098729e-08,-2.4137560506687227e-08,-1.7742627330692694e-06,-1.3862607167344500e-06,-1.1710439957560492e-06,-9.3199710262937693e-07,-7.9369249391604824e-07,-5.2806424174923819e-07,-3.6199764402460733e-07,-2.4981596171684955e-07,-1.0368807451926979e-07,-5.0273613092043606e-08,ok,1,2.2870594307278225e-13,-1.8984813721090177e-14,-1.3322676295501878e-15,1.5765166949677223e-14,4.1522341120980855e-14,6.439293542825908e-14,1.1057821325266559e-13,1.5543122344752192e-13,1.8918200339612667e-13,2.0450308113595383e-13,2.2870594307278225e-13
990,-9.7412682443080267e-02,2.0488453160025266e+11,9.9025873175569190e-01,-1.9126801874518397e-06,-1.6276879373468870e-06,-1.3484622628481906e-06,-1.0806443025795608e-06,-8.2991870059605259e-07,-6.0184513668778434e-07,-4.0194797376354586e-07,-2.3584846836829536e-07,-1.0889084987622239e-07,-2.6789283346829595e-08,-1.8628703953238354e-06,-1.6703070368774635e-06,-1.2968304684982737e-06,-1.1322835003305898e-06,-8.4933561152574019e-07,-5.7625443617015376e-07,-3.8387562011540921e-07,-2.3866158280249846e-07,-1.0357414941561717e-07,-9.7026816227705995e-08,ok,1,-2.1417312368043895e-12,-1.8685053504441385e-12,-1.897038082177005e-12,-1.939448601717686e-12,-1.980970942838667e-12,-2.0267121314532233e-12,-2.045141833662001e-12,-2.05568895239594e-12,-2.0700108294136044e-12,-2.103539564757284e-12,-2.1417312368043895e-12
991,7.6634570486969733e-01,2.2275569263375403e+11,1.0766345704869698e+00,-1.7592303912554891e-06,-1.4971023936183312e-06,-1.2402783328999473e-06,-9.9394677254831976e-07,-7.6333629110507634e-07,-5.5356052843358203e-07,-3.6970064090552351e-07,-2.1692690498207199e-07,-1.0015479518666543e-07,-2.4640042665191895e-08,-1.7601872961883263e-06,-1.5135565519527031e-06,-1.2678038531120348e-06,-1.0226988157946467e-06,-7.9311452402864945e-07,-5.9989705293520830e-07,-3.6727034786205806e-07,-2.0641396692207831e-07,-1.2833113132809359e-07,-3.2733648925887024e-08,ok,1,-4.247713292215849e-12,-3.621658528629723e-12,-3.683831018008732e-12,-3.75921516138078e-12,-3.831268635678953e-12,-3.9108716265445764e-12,-3.969380379942322e-12,-4.02355926354403e-12,-4.0816239277319255e-12,-4.157341138011361e-12,-4.247713292215849e-12
992,6.9252154761181939e-01,2.2122827082008853e+11,1.0692521547611820e+00,-1.7713766095818892e-06,-1.5074388069843820e-06,-1.2488415611685499e-06,-1.0008092588746087e-06,-7.6860657821182820e-07,-5.5738246504245983e-07,-3.7225315746197794e-07,-2.1842462896534712e-07,-1.0084629188600739e-07,-2.4810164406674383e-08,-1.7836629504219378e-06,-1.4901898156689819e-06,-1.2934550770592906e-06,-1.0335917978298991e-06,-6.8773687444011295e-07,-6.0657110622403995e-07,-3.7696673155350715e-07,-2.3971591354813236e-07,-1.0756663296727645e-07,3.0214366392995871e-09,ok,1,3.1512570330960443e-12,2.7216007225661087e-12,2.7620128406624644e-12,2.80153678033912e-12,2.8472779689536765e-12,2.885913730210632e-12,2.94320123828129e-12,3.0051516830553737e-12,3.0617730573112567e-12,3.099964729358362e-12,3.1512570330960443e-12
993,8.3373502285108336e-01,2.2414997762278891e+11,1.0833735022851083e+00,-1.7482874121417043e-06,-1.4877899349968342e-06,-1.2325634025763766e-06,-9.8776410379408344e-07,-7.5858809375061723e-07,-5.5011720382395095e-07,-3.6740098395815535e-07,-2.1557754983115381e-07,-9.9531800133180112e-08,-2.4486773671240044e-08,-1.7473829222499904e-06,-1.4681039443062722e-06,-1.2172723921238423e-06,-9.9952101117636201e-07,-6.4578338606112211e-07,-5.2350485229703579e-07,-3.7951738886348503e-07,-2.1792754711982611e-07,-1.0667186186614119e-07,-4.3851306168220424e-09,ok,1,5.350386800273554e-12,4.799272090849627e-12,4.85766982194491e-12,4.919842311323919e-12,4.987787960430978e-12,5.044631379291786e-12,5.116351786682571e-12,5.186517881838881e-12,5.24735810358834e-12,5.290656801548721e-12,5.350386800273554e-12
994,-9.9792754286950014e-01,1.8625287913803003e+11,9.0020724571304989e-01,-2.1040135654321465e-06,-1.7905123516914729e-06,-1.4833545681704777e-06,-1.1887456601217701e-06,-9.1293893025897435e-07,-6.6205021633406081e-07,-4.4215650632271284e-07,-2.5944137451139864e-07,-1.1978365583229124e-07,-2.9469127112681284e-08,-2.0980843280117045e-06,-1.7826911582278955e-06,-1.4775736314271860e-06,-1.2088621149013498e-06,-9.1526405030613103e-07,-6.7198421517676265e-07,-4.4434411607771249e-07,-2.8973803777278101e-07,-4.2480343984929018e-08,3.3628262437796581e-08,ok,1,-2.1708190800495686e-12,-1.7266188478970435e-12,-1.7668089213884741e-12,-1.8222090503172694e-12,-1.8781642907583773e-12,-1.940780869347236e-12,-1.9824142327706795e-12,-2.0179413695586845e-12,-2.0552448631860898e-12,-2.109312724485335e-12,-2.1708190800495686e-12
995,-6.6165982912423793e-01,1.9321025813541953e+11,9.3383401708757630e-01,-2.0282493698284890e-06,-1.7260371361923611e-06,-1.4299399098722460e-06,-1.1459396819683397e-06,-8.8006457772499867e-07,-6.3821020745111530e-07,-4.2623473063512794e-07,-2.5009905497073423e-07,-1.1547032226842873e-07,-2.8407962513974411e-08,-2.0353791128547986e-06,-1.6880440411262290e-06,-1.4293687672403510e-06,-1.1340941672549959e-06,-8.5028662835971078e-07,-6.5428131361707780e-07,-4.5472291999849666e-07,-2.0076864906875307e-07,-1.1977809865395950e-07,-1.0527057731695964e-07,ok,1,-1.287747686262719e-12,-8.204548151979907e-13,-8.534284390293578e-13,-9.01057006785777e-13,-9.490186414495838e-13,-1.006750238730092e-12,-1.0483836021535353e-12,-1.092237411626229e-12,-1.1420864254318985e-12,-1.209587985329108e-12,-1.287747686262719e-12
996,1.1238597763949252e+00,2.3015265877361099e+11,1.1123859776394924e+00,-1.7026897990023022e-06,-1.4489864354018589e-06,-1.2004165434211773e-06,-9.6200192924224800e-07,-7.3880312807999839e-07,-5.3576943053013578e-07,-3.5781868769631059e-07,-2.0995500650631508e-07,-9.6935881129143918e-08,-2.3848126715835111e-08,-1.7101837804093807e-06,-1.4210630301793255e-06,-1.2179359579407668e-06,-9.8888478305020082e-07,-7.5920393215650960e-07,-4.8943787631786827e-07,-4.1930647263007491e-07,-1.9336764902566154e-07,-8.1311851784189690e-08,-3.3794765561878525e-08,ok,1,-2.541855614879296e-12,-2.043254454520138e-12,-2.0871082639928318e-12,-2.1440627051561023e-12,-2.1996848786898227e-12,-2.2636337249082317e-12,-2.3088198020104755e-12,-2.3531177006930193e-12,-2.4009683130543635e-12,-2.4655832930875476e-12,-2.541855614879296e-12
997,-5.2259526168015158e-01,1.9608750403583768e+11,9.4774047383198490e-01,-1.9984883087482557e-06,-1.7007105183705311e-06,-1.4089580081239261e-06,-1.1291249937072664e-06,-8.6715114802454369e-07,-6.2884557347239467e-07,-4.1998047115319946e-07,-2.4642928272190718e-07,-1.1377599445790138e-07,-2.7991124663501305e-08,-2.0054405577950094e-06,-1.7184801428507174e-06,-1.4105919412620379e-06,-1.1821903002114400e-06,-8.6229733561618731e-07,-5.9696944902912067e-07,-3.7270674207411665e-07,-2.2451424952892337e-07,-9.3340635333705664e-08,-7.1026093234394276e-08,ok,1,-2.0839996395238813e-12,-1.627697976402942e-12,-1.6727730312027234e-12,-1.729949516970919e-12,-1.783129199850464e-12,-1.841748975550672e-12,-1.881939049042103e-12,-1.918798453459658e-12,-1.9590995492535512e-12,-2.0170531911389844e-12,-2.0839996395238813e-12
998,-4.6885834729784481e-01,1.9719932079440759e+11,9.5311416527021553e-01,-1.9872207608448791e-06,-1.6911218522014336e-06,-1.4010142529462085e-06,-1.1227589469810440e-06,-8.6226211912362182e-07,-6.2530011984541816e-07,-4.1761260637445021e-07,-2.4503990569348748e-07,-1.1313452136940237e-07,-2.7833309710761603e-08,-1.9193530868311363e-06,-1.6601491255741215e-06,-1.4043529586794251e-06,-1.1436119115379054e-06,-8.5839547199785912e-07,-6.2042205217713574e-07,-4.6364335467969426e-07,-3.1810047605670611e-07,-1.5162763812082618e-07,-6.9358531157927359e-08,ok,1,-1.9693136010801027e-12,-1.8623991238087e-12,-1.882383138251953e-12,-1.909139513145419e-12,-1.9305668175206847e-12,-1.9546586571550506e-12,-1.952549233408263e-12,-1.9447776722358867e-12,-1.9413359808595487e-12,-1.9563239916919883e-12,-1.9693136010801027e-12
999,-2.0231467613563092e+00,1.6504109350753796e+11,7.9768532386436908e-01,-2.3744303674967461e-06,-2.0206366399360470e-06,-1.6740016273166803e-06,-1.3415283251961075e-06,-1.0302737374379508e-06,-7.4713973536070797e-07,-4.9898434736756146e-07,-2.9278588709998951e-07,-1.3517876244292050e-07,-3.3256625085340046e-08,-2.3271735183526446e-06,-2.0393208612094775e-06,-1.6385365632113364e-06,-1.3346999317379118e-06,-1.0571225819854050e-06,-6.8923137499474966e-07,-5.3931866227134944e-07,-2.7451800637361963e-07,-1.5777192080784096e-07,-1.0473325325627812e-07,ok,1,3.8904435228914735e-12,3.2722713427801864e-12,3.33288951992472e-12,3.398170633772679e-12,3.468780818138839e-12,3.5302871737030728e-12,3.6075586962169837e-12,3.6850522633358196e-12,3.758104938356155e-12,3.815170401821888e-12,3.8904435228914735e-12
1000,1.0867356294979815e+00,2.2938456017431323e+11,1.1086735629497981e+00,-1.7083912884531454e-06,-1.4538383942735202e-06,-1.2044361612418343e-06,-9.6522321115438839e-07,-7.4127702452533755e-07,-5.3756346474488053e-07,-3.5901685043542036e-07,-2.1065804487278450e-07,-9.7260472786454372e-08,-2.3927982625581270e-08,-1.6642292234965175e-06,-1.4815838500852520e-06,-1.1963444486091456e-06,-9.8836042431468877e-07,-7.5257762388368061e-07,-6.2918777248189277e-07,-3.5499455796413831e-07,-1.0176821183046637e-07,-3.3931809772118135e-08,2.2374053317802715e-08,ok,1,-1.1138867606064196e-12,-1.1043388425946432e-12,-1.1087797346931438e-12,-1.1138867606064196e-12,-1.1108891584399316e-12,-1.1115552922547067e-12,-1.0911271886016038e-12,-1.067701482782013e-12,-1.0514922266224858e-12,-1.0572653863505366e-12,-1.059929921609637e-12
