sample_id,xi,E_true,alpha_true,u_true_disp_y_tip,u_hat_disp_y_tip,status
1,-9.5217010658360557e-01,1.8719960049478522e+11,9.0478298934163948e-01,-2.0933729734082142e-06,-2.1133010549737872e-06,"ok"
2,-8.5499836135951635e-01,1.8921008390347162e+11,9.1450016386404842e-01,-2.0711294885712117e-06,-2.1665956559080271e-06,"ok"
3,1.1003357416723316e+00,2.2966594649520053e+11,1.1100335741672331e+00,-1.7062981704006053e-06,-1.6879808191482146e-06,"ok"
4,7.5476716247128400e-02,2.0846161325915308e+11,1.0075476716247127e+00,-1.8798596930270599e-06,-1.8997016624854152e-06,"ok"
5,-1.3266232365821902e+00,1.7945216523511450e+11,8.6733767634178105e-01,-2.1837495457058673e-06,-2.1531382010402279e-06,"ok"
6,1.1116091529085521e+00,2.2989919337367795e+11,1.1111609152908553e+00,-1.7045670259115433e-06,-1.8264833758516526e-06,"ok"
7,6.2425121875207845e-01,2.1981575771598050e+11,1.0624251218752079e+00,-1.7827592906903761e-06,-1.7323485019223680e-06,"ok"
8,-5.7827226382897778e-01,1.9493554686137845e+11,9.4217277361710217e-01,-2.0102982273796347e-06,-2.0826825997534604e-06,"ok"
9,3.9018150026405046e-01,2.1497285524046320e+11,1.0390181500264051e+00,-1.8229212421747712e-06,-1.7274715750547684e-06,"ok"
10,3.0881436789310918e-01,2.1328936927170844e+11,1.0308814367893109e+00,-1.8373094995135989e-06,-1.7995639045477908e-06,"ok"
11,8.1675856204540834e-02,2.0858987346487195e+11,1.0081675856204542e+00,-1.8787037826840579e-06,-1.8886791171584508e-06,"ok"
12,1.6794893726297635e+00,2.4164863511970981e+11,1.1679489372629763e+00,-1.6216875552124646e-06,-1.6081800821079836e-06,"ok"
13,6.8589790241689619e-01,2.2109122760100558e+11,1.0685897902416897e+00,-1.7724745959445307e-06,-1.7960652807944101e-06,"ok"
14,6.5698651983105349e-01,2.2049305109530450e+11,1.0656986519831053e+00,-1.7772831495633539e-06,-1.7814751768107837e-06,"ok"
15,2.4199366955896945e-01,2.1190684902317508e+11,1.0241993669558969e+00,-1.8492964532031896e-06,-1.7879882679236974e-06,"ok"
16,6.1131390891265638e-02,2.0816480847754028e+11,1.0061131390891265e+00,-1.8825400276536924e-06,-1.8472149661767359e-06,"ok"
17,-7.7321179502336579e-01,1.9090224796096655e+11,9.2267882049766337e-01,-2.0527709259246300e-06,-2.1060454605767231e-06,"ok"
18,-1.0387596940814754e+00,1.8540806192945428e+11,8.9612403059185253e-01,-2.1136005642326422e-06,-2.0797033232356679e-06,"ok"
19,1.1398450045618282e+00,2.3048339314438422e+11,1.1139845004561828e+00,-1.7002465078312359e-06,-1.6965574194332283e-06,"ok"
20,2.6650131628750844e-02,2.0745139122339886e+11,1.0026650131628752e+00,-1.8890140094818473e-06,-1.9074488318793425e-06,"ok"
21,8.6996664600563545e-01,2.2489960990585660e+11,1.0869966646005635e+00,-1.7424600446048232e-06,-1.7018446011543540e-06,"ok"
22,-6.8527518300127666e-01,1.9272165646370358e+11,9.3147248169987229e-01,-2.0333915321087540e-06,-2.0434969315468440e-06,"ok"
23,-2.9934125702173314e-01,2.0070662939222034e+11,9.7006587429782665e-01,-1.9524944716337614e-06,-1.9728346642214186e-06,"ok"
24,8.6876502730256611e-01,2.2487474841489008e+11,1.0868765027302565e+00,-1.7426526858575231e-06,-1.7425153642099868e-06,"ok"
25,2.0058233577274362e-01,2.1105004852713806e+11,1.0200582335772743e+00,-1.8568040473892317e-06,-1.8948407959379167e-06,"ok"
26,4.3111122789051448e-01,2.1581969130505475e+11,1.0431111227890515e+00,-1.8157684404877751e-06,-1.7919094114335397e-06,"ok"
27,-1.5675317263423816e+00,1.7446776858197614e+11,8.4324682736576184e-01,-2.2461374240785659e-06,-2.2579712220161832e-06,"ok"
28,-2.4212381743867176e-01,2.0189045821719388e+11,9.7578761825613280e-01,-1.9410455935822600e-06,-1.9636643126207804e-06,"ok"
29,-6.1480695409895636e-01,1.9417964411969260e+11,9.3851930459010435e-01,-2.0181239186283137e-06,-2.0789838764241597e-06,"ok"
30,-1.4227852713644460e+00,1.7746257273546960e+11,8.5772147286355538e-01,-2.2082322952234895e-06,-2.2419556380363844e-06,"ok"
31,-1.2375638261485453e+00,1.8129480443698660e+11,8.7624361738514545e-01,-2.1615544114765845e-06,-2.1533998902762579e-06,"ok"
32,1.1436585564051331e+00,2.3056229553202222e+11,1.1143658556405134e+00,-1.6996646542073214e-06,-1.7191713807331681e-06,"ok"
33,6.7391968956518877e-01,2.2084339837710376e+11,1.0673919689565190e+00,-1.7744636569922798e-06,-1.7194473108147967e-06,"ok"
34,1.0906274137998784e-01,2.0915650811915195e+11,1.0109062741379988e+00,-1.8736141076088634e-06,-1.9075251681511337e-06,"ok"
35,1.3830031362165949e+00,2.3551433488832135e+11,1.1383003136216594e+00,-1.6639266756009313e-06,-1.6219275265613846e-06,"ok"
36,-1.2067412095738188e+00,1.8193252437391769e+11,8.7932587904261816e-01,-2.1539776115190027e-06,-2.1647813183924674e-06,"ok"
37,1.0241684433044138e+00,2.2809004509196832e+11,1.1024168443304414e+00,-1.7180871885487781e-06,-1.7121716970465199e-06,"ok"
38,-3.2633298589390819e-02,2.0622481705218552e+11,9.9673667014106093e-01,-1.9002493972864911e-06,-1.9235605318269178e-06,"ok"
39,4.6678421448052260e-01,2.1655776539760202e+11,1.0466784214480522e+00,-1.8095799224248082e-06,-1.8499119380737911e-06,"ok"
40,4.6656542393905287e-01,2.1655323862129901e+11,1.0466565423939054e+00,-1.8096177494390408e-06,-1.8175809594380164e-06,"ok"
41,-1.0826994587390488e+00,1.8449894819868909e+11,8.9173005412609518e-01,-2.1240152756078490e-06,-2.0956068910929746e-06,"ok"
42,-1.2561139051300843e+00,1.8091100330285855e+11,8.7438860948699160e-01,-2.1661401305302070e-06,-2.1487716398700297e-06,"ok"
43,3.4767287499920768e-01,2.1409335178373361e+11,1.0347672874999208e+00,-1.8304098704746149e-06,-1.7718255159859790e-06,"ok"
44,2.1651788666998026e-01,2.1137975507520190e+11,1.0216517886669980e+00,-1.8539078360137107e-06,-1.8351492378648740e-06,"ok"
45,-5.7221456674568349e-01,1.9506088061403180e+11,9.4277854332543165e-01,-2.0090065372088081e-06,-1.9715577391041681e-06,"ok"
46,7.4415475990089811e-02,2.0843965619823495e+11,1.0074415475990091e+00,-1.8800577176887452e-06,-1.9174250779507761e-06,"ok"
47,7.0200097976908382e-01,2.2142440027142233e+11,1.0702000979769084e+00,-1.7698075904411743e-06,-1.7276472407744567e-06,"ok"
48,1.7430233054282915e+00,2.4296315218931134e+11,1.1743023305428291e+00,-1.6129136487478570e-06,-1.6035981530295246e-06,"ok"
49,7.5379272107667483e-01,2.2249597139907642e+11,1.0753792721076676e+00,-1.7612839542405963e-06,-1.7967745112398552e-06,"ok"
50,1.5276861937591741e+00,2.3850782734887732e+11,1.1527686193759175e+00,-1.6430428664003896e-06,-1.6637705071484805e-06,"ok"
51,-1.0064636149455477e+00,1.8607626780677661e+11,8.9935363850544525e-01,-2.1060105564655416e-06,-2.0556733080898336e-06,"ok"
52,1.4682377230978789e+00,2.3727783849089511e+11,1.1468237723097878e+00,-1.6515599889139228e-06,-1.6248844887652644e-06,"ok"
53,1.1010555391377184e+00,2.2968083910475940e+11,1.1101055539137719e+00,-1.7061875332554866e-06,-1.6720422488866180e-06,"ok"
54,1.0817446874371317e+00,2.2928129758307425e+11,1.1081744687437132e+00,-1.7091607053794946e-06,-1.7175590844368878e-06,"ok"
55,8.9667758507794376e-02,2.0875522592352628e+11,1.0089667758507794e+00,-1.8772156844148246e-06,-1.7952605351168896e-06,"ok"
56,1.3498850524795021e+00,2.3482912173580090e+11,1.1349885052479503e+00,-1.6687818845069288e-06,-1.6485363252733091e-06,"ok"
57,-1.1204885808940921e+00,1.8371709126130124e+11,8.8795114191059077e-01,-2.1330545874467181e-06,-2.1449320470898078e-06,"ok"
58,2.0675431511997422e+00,2.4967746779832266e+11,1.2067543151199742e+00,-1.5695392450274012e-06,-1.6152221245667961e-06,"ok"
59,-2.3123419914733387e-01,2.0211576441964166e+11,9.7687658008526657e-01,nan,nan,"failed: RuntimeError: Error: THE MATRIX IS STRUCTURALLY SINGULAR ... ZERO COLUMN AT 132



in applications/LinearSolversApplication/custom_solvers/eigen_sparse_lu_solver.h:53: EigenSparseLUSolver<double>::Compute
   kratos/solving_strategies/builder_and_solvers/residualbased_block_builder_and_solver.h:489: ResidualBasedBlockBuilderAndSolver<class UblasSpace<double,class boost::numeric::ublas::compressed_matrix<...>,class boost::numeric::Vector >,...>::InternalSystemSolveWithPhysics
   kratos/solving_strategies/builder_and_solvers/residualbased_block_builder_and_solver.h:539: ResidualBasedBlockBuilderAndSolver<class UblasSpace<double,class boost::numeric::ublas::compressed_matrix<...>,class boost::numeric::Vector >,...>::BuildAndSolve
"
60,-2.8588450781697050e-01,2.0098504953326688e+11,9.7141154921830297e-01,-1.9497897242520177e-06,-1.9251522858088032e-06,"ok"
61,-7.5125832937467318e-01,1.9135646516523801e+11,9.2487416706253267e-01,-2.0478983240546368e-06,-2.0481691388739417e-06,"ok"
62,-1.1291437834327893e+00,1.8353801512077557e+11,8.8708562165672100e-01,-2.1351357867198799e-06,-2.0941866702605456e-06,"ok"
63,1.7338385879902379e-01,2.1048731203855179e+11,1.0173383858799023e+00,-1.8617682011942118e-06,-1.8436316638337477e-06,"ok"
64,-3.9241416069662438e-01,1.9878095101518683e+11,9.6075858393033753e-01,-1.9714091431124395e-06,-1.9079707847850878e-06,"ok"
65,3.0608005854689944e-02,2.0753327964113354e+11,1.0030608005854691e+00,-1.8882686429125092e-06,-1.8733161759162551e-06,"ok"
66,9.8960081602051997e-01,2.2737484088346457e+11,1.0989600816020519e+00,-1.7234914064627958e-06,-1.7529077722533634e-06,"ok"
67,-7.8447359483198878e-02,2.0527692413229260e+11,9.9215526405168009e-01,-1.9090240462406430e-06,-1.8436119097549394e-06,"ok"
68,1.1904977978608482e-01,2.0936313994377411e+11,1.0119049779786085e+00,-1.8717649363338751e-06,-1.8718971007085196e-06,"ok"
69,3.4979570679511118e-01,2.1413727317359085e+11,1.0349795706795111e+00,-1.8300344377262636e-06,-1.7979989586485681e-06,"ok"
70,1.1754921274270815e+00,2.3122093211646631e+11,1.1175492127427080e+00,-1.6948231318077984e-06,-1.7147367027753852e-06,"ok"
71,-1.5489298881892115e+00,1.7485264061336520e+11,8.4510701118107878e-01,-2.2411934011001264e-06,-2.2860746391972706e-06,"ok"
72,1.6222447178207438e+00,2.4046424321171118e+11,1.1622244717820744e+00,-1.6296750779851302e-06,-1.6149024276312494e-06,"ok"
73,1.2784572771012805e+00,2.3335128106322549e+11,1.1278457277101281e+00,-1.6793504733372536e-06,-1.7021718139947310e-06,"ok"
74,-3.9581072010512933e-02,2.0608106762010248e+11,9.9604189279894861e-01,-1.9015748939671228e-06,-1.8982940501503561e-06,"ok"
75,3.4315964064699567e-01,2.1399997296498633e+11,1.0343159640646995e+00,-1.8312085692249679e-06,-1.8589655782572778e-06,"ok"
76,-1.0003519819210587e+00,1.8620271749405328e+11,8.9996480180789407e-01,-2.1045803712348655e-06,-1.9965051978661792e-06,"ok"
77,-1.6094757624122180e-01,2.0356999464756912e+11,9.8390524237587784e-01,-1.9250311667257865e-06,-1.8928742777212518e-06,"ok"
78,-3.4681743770124701e-01,1.9972434721396121e+11,9.6531825622987533e-01,-1.9620972093483471e-06,-1.9472457820672383e-06,"ok"
79,1.6943220674500643e+00,2.4195552357554184e+11,1.1694322067450065e+00,-1.6196306598709570e-06,-1.6597608743973007e-06,"ok"
80,-5.0148969088744277e-01,1.9652417829553882e+11,9.4985103091125578e-01,-1.9940476927937034e-06,-2.0261364987409018e-06,"ok"
81,-8.1183522502085004e-01,1.9010312919431860e+11,9.1881647749791495e-01,-2.0613999673125643e-06,-2.0610726071070157e-06,"ok"
82,2.0092305032549329e-01,2.1105709791123447e+11,1.0200923050325494e+00,-1.8567420294651581e-06,-1.9252012781515100e-06,"ok"
83,1.5331077355727829e+00,2.3861999904900089e+11,1.1533107735572783e+00,-1.6422704964792538e-06,-1.6654360813271132e-06,"ok"
84,1.8149425484541490e+00,2.4445116132751636e+11,1.1814942548454150e+00,-1.6030956129644251e-06,-1.6401098013944722e-06,"ok"
85,9.4119597641379749e-01,2.2637334475200146e+11,1.0941195976413798e+00,-1.7311162881739112e-06,-1.8001550719584482e-06,"ok"
86,8.6650400427556354e-02,2.0869279678484613e+11,1.0086650400427555e+00,-1.8777772416911556e-06,-1.8871949959865578e-06,"ok"
87,-4.5639136678954123e-01,1.9745726262112439e+11,9.5436086332104586e-01,-1.9846248201023646e-06,-2.0589073725992631e-06,"ok"
88,1.0203514423537829e+00,2.2801107134229977e+11,1.1020351442353784e+00,-1.7186822639813409e-06,-1.7783649291284900e-06,"ok"
89,-8.9022588127405788e-01,1.8848122651643976e+11,9.1097741187259429e-01,-2.0791385516264629e-06,-2.1477413329714055e-06,"ok"
90,-3.5101844628565232e-01,1.9963742834634985e+11,9.6489815537143475e-01,-1.9629514743503316e-06,-1.8623762655870209e-06,"ok"
91,1.8166442267091004e-01,2.1065863690506113e+11,1.0181664422670911e+00,-1.8602540587264030e-06,-1.8546743575381764e-06,"ok"
92,-4.6457594993894175e-01,1.9728792359576331e+11,9.5354240500610588e-01,-1.9863282919951648e-06,-2.0647498591184309e-06,"ok"
93,-6.9429770507830924e-01,1.9253498048192978e+11,9.3057022949216905e-01,-2.0353630458533765e-06,-2.0592570023437179e-06,"ok"
94,-2.1486256347744845e+00,1.6244493561651593e+11,7.8513743652255163e-01,-2.4123779717685225e-06,-2.4309742837061918e-06,"ok"
95,8.0455500833971438e-01,2.2354624312254871e+11,1.0804555008339716e+00,-1.7530090366717024e-06,-1.7765219616591276e-06,"ok"
96,-1.3773960542190915e+00,1.7840167563820700e+11,8.6226039457809089e-01,-2.1966082039681481e-06,-2.2238830792574037e-06,"ok"
97,1.1553976986063019e+00,2.3080517838416440e+11,1.1155397698606302e+00,-1.6978760487570554e-06,-1.7081299169172093e-06,"ok"
98,1.4311089374596797e+00,2.3650964391604077e+11,1.1431108937459680e+00,-1.6569243343311451e-06,-1.6581469207371679e-06,"ok"
99,1.4695156291716838e+00,2.3730427836756213e+11,1.1469515629171683e+00,-1.6513759760423712e-06,-1.6524618786966165e-06,"ok"
100,-6.5997549537144107e-01,1.9324510700076489e+11,9.3400245046285590e-01,-2.0278836053885478e-06,-2.0483135852439205e-06,"ok"
101,-8.9605936553023269e-01,1.8836053172717947e+11,9.1039406344697671e-01,-2.0804707903149666e-06,-2.0551085472277327e-06,"ok"
102,-3.0428017716367467e-01,2.0060444313448358e+11,9.6957198228363262e-01,-1.9534890562987825e-06,-1.9127110621909615e-06,"ok"
103,-2.7737048235455408e-01,2.0116120472008429e+11,9.7226295176454469e-01,-1.9480823096744196e-06,-1.9208880467161335e-06,"ok"
104,-1.3461476626813651e+00,1.7904820485912256e+11,8.6538523373186349e-01,-2.1886764216259038e-06,-2.1743331402233940e-06,"ok"
105,-1.2588018125234166e+00,1.8085539049889050e+11,8.7411981874765832e-01,-2.1668062158784930e-06,-2.1608906126643844e-06,"ok"
106,1.1541342371827477e+00,2.3077903736731104e+11,1.1154134237182747e+00,-1.6980683721443106e-06,-1.6714969564715000e-06,"ok"
107,5.1071431575297685e-02,2.0795666791929291e+11,1.0051071431575298e+00,-1.8844242323567543e-06,-1.8903237049753065e-06,"ok"
108,-2.1663896947876693e-01,2.0241773972148431e+11,9.7833610305212326e-01,-1.9359893300229502e-06,-1.9864677179824363e-06,"ok"
109,5.4396582361663426e-01,2.1815465289062817e+11,1.0543965823616634e+00,-1.7963338352676979e-06,-1.7443376328027953e-06,"ok"
110,1.1746076875161213e+00,2.3120263305470856e+11,1.1174607687516123e+00,-1.6949572724619805e-06,-1.6468410033217161e-06,"ok"
111,-3.1322152710700774e-01,2.0041944660415601e+11,9.6867784728929918e-01,-1.9552922181351137e-06,-1.9343910246087534e-06,"ok"
112,-6.8250956167293242e-01,1.9277887716898703e+11,9.3174904383270674e-01,-2.0327879800048284e-06,-2.0460474827806815e-06,"ok"
113,1.8572081645329555e-01,2.1074256369241867e+11,1.0185720816453294e+00,-1.8595132252445483e-06,-1.8931139757319175e-06,"ok"
114,9.9017292485319752e-01,2.2738667781521265e+11,1.0990172924853197e+00,-1.7234016877014659e-06,-1.7225554385944479e-06,"ok"
115,1.2350018417478250e+00,2.3245218810576251e+11,1.1235001841747825e+00,-1.6858459690240102e-06,-1.7347680949410138e-06,"ok"
116,-2.3486522567139143e-01,2.0204063848085892e+11,9.7651347743286088e-01,-1.9396027811728208e-06,-1.9415103702068938e-06,"ok"
117,-4.4928198675907249e-01,1.9760435569395480e+11,9.5507180132409286e-01,-1.9831475016417528e-06,-1.9991229353569955e-06,"ok"
118,-1.3925232292271637e+00,1.7808869438728998e+11,8.6074767707728361e-01,-2.2004686241076952e-06,-2.1601143055885197e-06,"ok"
119,-2.5872797776260514e-01,2.0154691814009171e+11,9.7412720222373950e-01,-1.9443541381006240e-06,-1.9700488645085522e-06,"ok"
120,-9.4641476691909171e-02,2.0494186784724438e+11,9.9053585233080899e-01,-1.9121450800942696e-06,-1.9976979056348163e-06,"ok"
121,-1.5960182304235828e+00,1.7387838281253607e+11,8.4039817695764174e-01,-2.2537510297096104e-06,-2.2694579180700014e-06,"ok"
122,2.6302459172573717e-01,2.1234197880280551e+11,1.0263024591725738e+00,-1.8455068871307857e-06,-1.8198176087599504e-06,"ok"
123,7.4146011023203728e-01,2.2224080968070087e+11,1.0741460110232037e+00,-1.7633061401763886e-06,-1.7731397862871858e-06,"ok"
124,-6.9219101046281328e-01,1.9257856799352438e+11,9.3078089895371863e-01,-2.0349023694166523e-06,-2.0136193324679297e-06,"ok"
125,1.9966246349607277e+00,2.4821016369733746e+11,1.1996624634960729e+00,-1.5788176377226859e-06,-1.5247012083464341e-06,"ok"
126,2.0525974251206680e-01,2.1114682407257468e+11,1.0205259742512067e+00,-1.8559530129336727e-06,-1.8870576767103539e-06,"ok"
127,-1.2473938268620587e-01,2.0431914217222241e+11,9.8752606173137947e-01,-1.9179729326466679e-06,-1.8865478133248244e-06,"ok"
128,2.9872407738863133e-01,2.1308060116117078e+11,1.0298724077388630e+00,-1.8391096241217143e-06,-1.7471451817668675e-06,"ok"
129,3.4983185801357575e-01,2.1413802114230087e+11,1.0349831858013576e+00,-1.8300280455457021e-06,-1.7856584155004268e-06,"ok"
130,-4.9109781430398214e-01,1.9673918622205060e+11,9.5089021856960176e-01,-1.9918684824953145e-06,-1.9859143143420954e-06,"ok"
131,1.1297338188569754e+00,2.3027419271215082e+11,1.1129733818856975e+00,-1.7017911546745610e-06,-1.7050927559759205e-06,"ok"
132,-4.9466649445957751e-02,2.0587653502296313e+11,9.9505333505540428e-01,-1.9034640556006036e-06,-1.9458659508846253e-06,"ok"
133,-2.0628576901908908e+00,1.6421947438995047e+11,7.9371423098091087e-01,-2.3863100631826950e-06,-2.4218204872197599e-06,"ok"
134,2.5379126694524345e-01,2.1215094131309708e+11,1.0253791266945242e+00,-1.8471687275192198e-06,-1.8610518443306445e-06,"ok"
135,-1.6482279683251627e-01,2.0348981633353525e+11,9.8351772031674844e-01,-1.9257896604751779e-06,-1.8956449036352066e-06,"ok"
136,-7.9753079097404075e-02,2.0524990879347470e+11,9.9202469209025956e-01,-1.9092753152021732e-06,-1.9506804996850526e-06,"ok"
137,-4.6842313888223235e-02,2.0593083252565265e+11,9.9531576861117765e-01,-1.9029621718263072e-06,-1.8915923005405424e-06,"ok"
138,1.6365717663665620e+00,2.4076066984612418e+11,1.1636571766366561e+00,-1.6276686078247512e-06,-1.5823748765866696e-06,"ok"
139,-1.8968456775575704e+00,1.6765426293133386e+11,8.1031543224424296e-01,-2.3374209367282344e-06,-2.2865863191929730e-06,"ok"
140,-6.3132087227779354e-01,1.9383797115257245e+11,9.3686791277222059e-01,-2.0216812112601172e-06,-2.0765366597401866e-06,"ok"
141,1.1962913066079597e+00,2.3165126713371869e+11,1.1196291306607959e+00,-1.6916746847859813e-06,-1.7355197990936252e-06,"ok"
142,-6.4905347059767748e-01,1.9347108369333405e+11,9.3509465294023220e-01,-2.0255150114804784e-06,-2.0095596339643620e-06,"ok"
143,1.7872379645000658e+00,2.4387795348550635e+11,1.1787237964500066e+00,-1.6068635098267602e-06,-1.5735919285062163e-06,"ok"
144,-1.1374023903919734e+00,1.8336714454279007e+11,8.8625976096080261e-01,-2.1371254118872245e-06,-2.1419000610798425e-06,"ok"
145,2.1679377470125352e+00,2.5175463198568936e+11,1.2167937747012536e+00,-1.5565893712327322e-06,-1.5879385241412862e-06,"ok"
146,-7.0660193140519556e-01,1.9228040603922650e+11,9.2933980685948048e-01,-2.0380578155620927e-06,-2.0378587637137244e-06,"ok"
147,-5.7827644035535518e-03,2.0678035460449048e+11,9.9942172355964465e-01,-1.8951441739100953e-06,-1.8026912865056089e-06,"ok"
148,-5.4019399352404740e-01,1.9572338627398746e+11,9.4598060064759526e-01,-2.0022062348663441e-06,-1.9860397901657062e-06,"ok"
149,-7.8289549367758837e-01,1.9070189223581070e+11,9.2171045063224122e-01,-2.0549276135262477e-06,-2.0945528333626785e-06,"ok"
150,-1.6204606553756939e+00,1.7337266904027689e+11,8.3795393446243061e-01,-2.2603250355302753e-06,-2.2480095455802431e-06,"ok"
151,7.0510836768037066e-01,2.2148869212730688e+11,1.0705108367680372e+00,-1.7692938657274122e-06,-1.8137219918276754e-06,"ok"
152,-1.8166024768888722e+00,1.6931449475316925e+11,8.1833975231111289e-01,-2.3145010997387202e-06,-2.3716266192939640e-06,"ok"
153,1.9206898211653278e+00,2.4663907239991064e+11,1.1920689821165329e+00,-1.5888747086743643e-06,-1.5919854192864876e-06,"ok"
154,1.4258204986785172e+00,2.3640022611765851e+11,1.1425820498678516e+00,-1.6576912414402868e-06,-1.6285229739161667e-06,"ok"
155,9.1264492785003870e-01,2.2578262355721729e+11,1.0912644927850037e+00,-1.7356454546137599e-06,-1.7246331119773741e-06,"ok"
156,-1.0121869084932014e+00,1.8595785286327567e+11,8.9878130915067989e-01,-2.1073516298175881e-06,-2.1474003425589741e-06,"ok"
157,-4.8189750374379736e-01,1.9692954064754083e+11,9.5181024962562022e-01,-1.9899431188419568e-06,-1.9230279320461702e-06,"ok"
158,-4.0828135528856224e-01,1.9845265875907965e+11,9.5917186447114378e-01,-1.9746703660111264e-06,-1.9005616449883649e-06,"ok"
159,-4.6526968813664088e-01,1.9727357015245291e+11,9.5347303118633597e-01,-1.9864728154138494e-06,-1.9655045838630849e-06,"ok"
160,6.9013345858839048e-01,2.2117886125819379e+11,1.0690133458588389e+00,-1.7717723207304483e-06,-1.7838943759598093e-06,"ok"
161,-1.4468000294763568e+00,1.7696570739013419e+11,8.5531999705236439e-01,-2.2144323331805881e-06,-2.1827222019930541e-06,"ok"
162,1.3092293988808903e+00,2.3398795626284561e+11,1.1309229398880889e+00,-1.9179245795503950e-06,-1.9028015322527342e-06,"ok"
163,-2.3416891722776065e+00,1.5845045102557632e+11,7.6583108277223932e-01,-2.4731932397277462e-06,-2.4732788321016202e-06,"ok"
164,1.3155889087814989e+00,2.3411953452268921e+11,1.1315588908781500e+00,-1.6738397550109685e-06,-1.7003662794953451e-06,"ok"
165,4.7559710995127659e-02,2.0788401042048920e+11,1.0047559710995129e+00,-1.8850828570981486e-06,-1.9062785650882233e-06,"ok"
166,-5.2320952290538743e-02,2.0581747949710876e+11,9.9476790477094623e-01,-1.9040102194623642e-06,-1.9659265159728782e-06,"ok"
167,7.5289359646664322e-01,2.2247736851089484e+11,1.0752893596466642e+00,-1.7614312275126727e-06,-1.7646891540902400e-06,"ok"
168,-1.4616541279636850e+00,1.7665837609243137e+11,8.5383458720363159e-01,-2.2182847650712792e-06,-2.1968590999909075e-06,"ok"
169,-6.7776253925301688e-01,1.9287709306285507e+11,9.3222374607469827e-01,-2.0317528540287733e-06,-2.0104715079933813e-06,"ok"
170,2.4387088819414315e+00,2.5735688676736823e+11,1.2438708881941432e+00,-1.5227048680563820e-06,-1.4367771200412422e-06,"ok"
171,-1.2795599525260823e+00,1.8042590458223535e+11,8.7204400474739174e-01,-2.1719640825188903e-06,-2.2139180089157766e-06,"ok"
172,-1.7947272582571714e+00,1.6976709302665912e+11,8.2052727417428284e-01,-2.3083306506718140e-06,-2.3597076704216366e-06,"ok"
173,2.7678053086703919e-01,2.1262658918363904e+11,1.0276780530867040e+00,-1.8430365920436893e-06,-1.7888786477366560e-06,"ok"
174,-1.2526011478493417e+00,1.8098368225099713e+11,8.7473988521506585e-01,-2.1652702577056566e-06,-2.1727561060271783e-06,"ok"
175,-5.8717444847303624e-01,1.9475136066109290e+11,9.4128255515269643e-01,-2.0121994679692563e-06,-1.9659452357222027e-06,"ok"
176,-6.5991253283738516e-01,1.9324640969559451e+11,9.3400874671626155e-01,-2.0278699352052128e-06,-2.0433014190624426e-06,"ok"
177,-5.9905717816592619e-01,1.9450550698374698e+11,9.4009428218340729e-01,-2.0147428748173947e-06,-1.9503716601321804e-06,"ok"
178,-2.0118691380082235e-01,2.0273744275346100e+11,9.7988130861991785e-01,-1.9329364077310726e-06,-1.8844562624557612e-06,"ok"
179,3.8059792911253540e-02,2.0768745711533383e+11,1.0038059792911254e+00,-1.8868668804099959e-06,-1.9286539506739997e-06,"ok"
180,-6.2471459830878506e-01,1.9397465496099124e+11,9.3752854016912146e-01,-2.0202566380995772e-06,-2.0049801813508007e-06,"ok"
181,-1.1343297221175006e+00,1.8343071804938892e+11,8.8656702778824992e-01,-2.1363847259349092e-06,-2.1455374001625509e-06,"ok"
182,8.0043303323182735e-01,2.2346095945756650e+11,1.0800433033231827e+00,-1.7536780709172085e-06,-1.7738180585360473e-06,"ok"
183,-1.0713581639478760e-02,2.0667833599587918e+11,9.9892864183605212e-01,-1.8960796370769998e-06,-1.9374770112912411e-06,"ok"
184,-8.1896652343888721e-01,1.8995558263004944e+11,9.1810334765611135e-01,-2.0630011441715423e-06,-2.1121764504481433e-06,"ok"
185,-1.2516105726304849e+00,1.8100417725227527e+11,8.7483894273695151e-01,-2.1650250853777410e-06,-2.1644183948465751e-06,"ok"
186,-8.6360292739595357e-01,1.8903205543217773e+11,9.1363970726040467e-01,-2.0730800573116815e-06,-2.1008148379823098e-06,"ok"
187,1.2570687923472750e+00,2.3290875331366513e+11,1.1257068792347276e+00,-1.6825412473065114e-06,-1.6822386265358774e-06,"ok"
188,1.0943295093206824e+00,2.2954167754784491e+11,1.1094329509320682e+00,-1.7072219236802834e-06,-1.7185477448151897e-06,"ok"
189,8.7807642950467846e-01,2.2506740132645178e+11,1.0878076429504677e+00,-1.7411610122047016e-06,-1.7406752183184937e-06,"ok"
190,2.0081077313664297e-01,2.1105477489619714e+11,1.0200810773136644e+00,-1.8567624660430189e-06,-1.7776104123711601e-06,"ok"
191,1.1784267569060558e+00,2.3128164960038629e+11,1.1178426756906055e+00,-1.6943781963899260e-06,-1.6041359768164791e-06,"ok"
192,2.0043807192575605e-01,2.1104706370814389e+11,1.0200438071925757e+00,-1.8568303080040098e-06,-1.8774936522674406e-06,"ok"
193,-1.7947194762234611e+00,1.6976725403693658e+11,8.2052805237765392e-01,-2.3083284614034577e-06,-2.3213502666929303e-06,"ok"
194,-1.6996822583518321e+00,1.7173357407470059e+11,8.3003177416481677e-01,-2.2818984955074793e-06,-2.2997497403597787e-06,"ok"
195,1.3338255684127902e+00,2.3449685101046063e+11,1.1333825568412790e+00,-1.6711464679371624e-06,-1.6678533005410357e-06,"ok"
196,8.3408864210199149e-02,2.0862572940050903e+11,1.0083408864210199e+00,-1.8783808949790210e-06,-1.8548201060686096e-06,"ok"
197,-1.4872734406062644e+00,1.7612831251385638e+11,8.5127265593937351e-01,-2.2249607613692515e-06,-2.2299929158701617e-06,"ok"
198,-1.2212856522822835e+00,1.8163159985427954e+11,8.7787143477177154e-01,-2.1575462894331792e-06,-2.2226813819028020e-06,"ok"
199,4.1680117672896921e-01,2.1552361634652237e+11,1.0416801176728969e+00,-1.8182628472486436e-06,-1.8553755364120676e-06,"ok"
200,1.7723567818449497e+00,2.4357006181637201e+11,1.1772356781844950e+00,-1.6088947113858444e-06,-1.6603248915061966e-06,"ok"
201,9.4141945535194549e-01,2.2637796853123175e+11,1.0941419455351946e+00,-1.7310809300554920e-06,-1.7255651063130745e-06,"ok"
202,-2.1429225942995580e+00,1.6256293152394214e+11,7.8570774057004422e-01,-2.4106269531125335e-06,-2.3636485976712314e-06,"ok"
203,-2.6292492133496659e-01,2.0146008337757953e+11,9.7370750786650329e-01,-1.9451922074946798e-06,-1.9777427090474935e-06,"ok"
204,1.1750068853066680e+00,2.3121089245699496e+11,1.1175006885306669e+00,-1.6948967245596483e-06,-1.6969002089292738e-06,"ok"
205,5.7832391603375954e-01,2.1886552182273849e+11,1.0578323916033761e+00,-1.7904993945344504e-06,-1.8663516131438065e-06,"ok"
206,-3.4609408190351888e-02,2.0618393134454163e+11,9.9653905918096486e-01,-1.9006262115261645e-06,-1.9389302052237653e-06,"ok"
207,2.4744129156769457e-01,2.1201956032253561e+11,1.0247441291567696e+00,-1.8483133523726372e-06,-1.8621433716757081e-06,"ok"
208,-4.7587159983571603e-02,2.0591542165993991e+11,9.9524128400164291e-01,-1.9031045909526937e-06,-1.9692041739269144e-06,"ok"
209,-1.5080784859730438e+00,1.7569785612521771e+11,8.4919215140269555e-01,-2.2304118726884613e-06,-2.1903261068688123e-06,"ok"
210,-5.5248485281425852e-01,1.9546908839527298e+11,9.4475151471857410e-01,-2.0048110293225984e-06,-1.9730768756308073e-06,"ok"
211,1.1475476610972712e+00,2.3064276110810254e+11,1.1147547661097270e+00,-1.6990716830854149e-06,-1.6397440010593749e-06,"ok"
212,-1.3712808643137811e-01,2.0406281989173480e+11,9.8628719135686227e-01,-1.6151931479029351e-08,-3.5967140324784459e-08,"ok"
213,1.1418738103613100e+00,2.3052536913637549e+11,1.1141873810361309e+00,-1.6999369126959499e-06,-1.7101384929805491e-06,"ok"
214,3.6706401333970645e-01,2.1449455443599854e+11,1.0367064013339706e+00,-1.8269861691248325e-06,-1.7705382649923376e-06,"ok"
215,-1.2813124532016357e-01,2.0424896453432581e+11,9.8718687546798356e-01,-1.9186319264865939e-06,-1.8545875974399136e-06,"ok"
216,1.1974280402524839e+00,2.3167478615282388e+11,1.1197428040252484e+00,-1.6915029503875643e-06,-1.6958976592809361e-06,"ok"
217,-6.9317192419930873e-01,1.9255827288831631e+11,9.3068280758006916e-01,-2.0351168424524809e-06,-2.0166398848423642e-06,"ok"
218,1.1864660797665945e+00,2.3144798319037085e+11,1.1186466079766595e+00,-1.6931605058983245e-06,-1.7282861816327671e-06,"ok"
219,8.6656095441384764e-02,2.0869291461468225e+11,1.0086656095441384e+00,-1.8777761814878145e-06,-1.8268589254457242e-06,"ok"
220,8.2586887049093768e-02,2.0860872269304575e+11,1.0082586887049094e+00,-1.8785340289137860e-06,-1.8340452999088463e-06,"ok"
221,-1.1878599039392930e-01,2.0444231785874960e+11,9.8812140096060708e-01,3.9713260443688581e-07,3.8278325411306301e-07,"ok"
222,4.2829134502585081e-01,2.1576134792858484e+11,1.0428291345025851e+00,-1.8162594369636763e-06,-1.8241244030160893e-06,"ok"
223,-1.1012936291759430e+00,1.8411423481234973e+11,8.8987063708240566e-01,-2.1284534827302780e-06,-2.1522411501409373e-06,"ok"
224,-1.3751303408425791e-02,2.0661548553247968e+11,9.9862486965915742e-01,-1.8966564064508871e-06,-1.8980210556028335e-06,"ok"
225,5.3424636187301267e-01,2.1795355722715262e+11,1.0534246361873012e+00,-1.7979912293780569e-06,-1.7889474848047432e-06,"ok"
226,4.9626562534589075e-01,2.1716773578840649e+11,1.0496265625345891e+00,-1.8044972605458188e-06,-1.7997364728886433e-06,"ok"
227,2.9868592708225183e-01,2.1307981183133179e+11,1.0298685927082252e+00,-1.8391164368906285e-06,-1.8815668826279888e-06,"ok"
228,-1.1678316692166280e+00,1.8273756276390796e+11,8.8321683307833720e-01,-2.1444884039261576e-06,-2.1704488565798468e-06,"ok"
229,-6.5543409089320215e-02,2.0554390686594196e+11,9.9344565909106797e-01,-1.9065443986304163e-06,-1.9317966716236591e-06,"ok"
230,-2.2734918478082995e+00,1.5986145366884628e+11,7.7265081521917001e-01,-2.4513638235760443e-06,-2.3801613957917068e-06,"ok"
231,-1.6116431667393485e-02,2.0656655102880164e+11,9.9838835683326066e-01,-1.8971057141451130e-06,-1.8881371770447062e-06,"ok"
232,8.7307857388464827e-01,2.2496399569367337e+11,1.0873078573884649e+00,-1.7419613440763744e-06,-1.8197796136741950e-06,"ok"
233,-2.4908865838293731e-01,2.0174635565805704e+11,9.7509113416170634e-01,-1.9424320356644458e-06,-1.9215086183321393e-06,"ok"
234,-2.1757230319474830e+00,1.6188429046900659e+11,7.8242769680525182e-01,-2.4207326305234883e-06,-2.3925453673165340e-06,"ok"
235,1.1799901586504107e+00,2.3131399638247699e+11,1.1179990158650410e+00,-1.6941412557667675e-06,-1.6641157215157226e-06,"ok"
236,-5.1803254169058684e-02,2.0582819067124219e+11,9.9481967458309417e-01,-1.9039111359306259e-06,-1.9015640676625086e-06,"ok"
237,-9.0581452878330704e-01,1.8815869739947339e+11,9.0941854712166936e-01,-2.0827024725644094e-06,-2.0974337448250571e-06,"ok"
238,8.4472109480850377e-01,2.2437727945158795e+11,1.0844721094808505e+00,-1.7465163374182522e-06,-1.7926923203365769e-06,"ok"
239,-9.4804854682654385e-02,2.0493848755661588e+11,9.9051951453173448e-01,-1.9121766193326816e-06,-1.8787205341623530e-06,"ok"
240,-1.6317584611930374e+00,1.7313891743791605e+11,8.3682415388069620e-01,-2.2633766579324869e-06,-2.3122447622748288e-06,"ok"
241,4.2418957660984601e-02,2.0777764823400577e+11,1.0042418957660983e+00,-1.8860478383471555e-06,-1.8426686351070667e-06,"ok"
242,-2.5382167903745384e-01,2.0164842946071509e+11,9.7461783209625463e-01,-1.9433753357531342e-06,-1.9352280071510143e-06,"ok"
243,7.9789864689294998e-01,2.2340852300421515e+11,1.0797898646892952e+00,-1.7540896785803708e-06,-1.7911633986885333e-06,"ok"
244,-7.0841729015381072e-01,1.9224284626671765e+11,9.2915827098461889e-01,-2.0384560045709613e-06,-2.0751645059103757e-06,"ok"
245,-5.0941068841530113e-01,1.9636029285668741e+11,9.4905893115846984e-01,-1.9957119568758922e-06,-2.0547458270500426e-06,"ok"
246,6.4761201512044819e-01,2.2029909259284207e+11,1.0647612015120449e+00,-1.7788479275857598e-06,-1.8016563639132489e-06,"ok"
247,1.1280603533618520e-01,2.0923395687110568e+11,1.0112806035336186e+00,-1.8729205821426359e-06,-1.8415299559949520e-06,"ok"
248,-1.0492448940288106e-01,2.0472911231425439e+11,9.8950755105971189e-01,-1.9141321909643649e-06,-1.8901130394665804e-06,"ok"
249,-6.5718281901406850e-01,1.9330288747459894e+11,9.3428171809859317e-01,-2.0272774474731654e-06,-1.9770284088753679e-06,"ok"
250,-1.4695196268654060e+00,1.7649563892015475e+11,8.5304803731345946e-01,-2.2203301265961841e-06,-2.1665965809965356e-06,"ok"
251,1.0932465303087788e+00,2.2951927071208862e+11,1.1093246530308778e+00,-1.7073885913477182e-06,-1.7114087177323894e-06,"ok"
252,2.2412807461449447e+00,2.5327209863773889e+11,1.2241280746144945e+00,-1.5472631466902284e-06,-1.6058195944230532e-06,"ok"
253,-3.7439725047754906e+00,1.2943720887619510e+11,6.2560274952245098e-01,-3.0275574366166538e-06,-3.0147786094932766e-06,"ok"
254,-4.5272650043111279e-01,1.9753308870608026e+11,9.5472734995688868e-01,-1.9838629916416282e-06,-2.0280980975741590e-06,"ok"
255,6.7907729270469641e-01,2.2095010918606018e+11,1.0679077292704697e+00,-1.7736066560510941e-06,-1.7371988093914687e-06,"ok"
256,7.0303181540994997e-01,2.2144572826083188e+11,1.0703031815409951e+00,-1.7696371358625287e-06,-1.7658662364235504e-06,"ok"
257,3.6612239537552516e-01,2.1447507236031961e+11,1.0366122395375525e+00,-1.8271521254014499e-06,-1.8118263222601039e-06,"ok"
258,-1.4236883365774494e-01,2.0395438883162125e+11,9.8576311663422544e-01,-1.9214030477693245e-06,-1.9446385058041263e-06,"ok"
259,-1.7940309721382366e-01,2.0318814991864600e+11,9.8205969027861773e-01,-1.9286488137449350e-06,-1.9307064866575712e-06,"ok"
260,-1.6072376005326703e+00,1.7364625404497906e+11,8.3927623994673306e-01,-2.2567638240319012e-06,-2.2658755757964543e-06,"ok"
261,-5.6343670596650497e-01,1.9524249455355301e+11,9.4365632940334954e-01,-2.0071377658004727e-06,-2.0445342504277262e-06,"ok"
262,4.4357098913148124e-01,2.1607748376513034e+11,1.0443570989131481e+00,-1.8136021277189252e-06,-1.7428934739108766e-06,"ok"
263,7.7621675367486498e-01,2.2295992463353296e+11,1.0776216753674865e+00,-1.7576189306324132e-06,-1.7795085577600277e-06,"ok"
264,9.9471945780038318e-02,2.0895807455818900e+11,1.0099471945780039e+00,-1.8753933540797542e-06,-1.9159368781132435e-06,"ok"
265,1.5630238108095076e+00,2.3923896264564871e+11,1.1563023810809507e+00,-1.6380215829970797e-06,-1.5965971396000201e-06,"ok"
266,-1.1045835805444981e+00,1.8404616571853433e+11,8.8954164194555019e-01,-2.1292406868573086e-06,-2.1411496212487380e-06,"ok"
267,-1.3786178981637149e+00,1.7837639568699274e+11,8.6213821018362846e-01,-2.1969195127967536e-06,-2.2155755833474771e-06,"ok"
268,6.1451043927925712e-03,2.0702714220988687e+11,1.0006145104392792e+00,-1.8928850590599558e-06,-1.8456988399356952e-06,"ok"
269,-3.1692924672749040e-01,2.0034273388520822e+11,9.6830707532725091e-01,-1.9560409140248981e-06,-1.9498092390000967e-06,"ok"
270,-2.5630092805234561e-01,2.0159713379859698e+11,9.7436990719476546e-01,-1.9438698205909799e-06,-1.9200795693504298e-06,"ok"
271,-6.4045611368084698e-01,1.9364896300794327e+11,9.3595438863191527e-01,-2.5901550190444361e-07,-2.6156383180272317e-07,"ok"
272,5.3814635212814835e-02,2.0801342480255313e+11,1.0053814635212814e+00,-1.8839100633972123e-06,-1.9462017352369585e-06,"ok"
273,2.2474779298303052e-01,2.1155003183681891e+11,1.0224747792983031e+00,-1.8524156243513240e-06,-1.8389715897562232e-06,"ok"
274,6.3708281249137255e-01,2.2008124339044650e+11,1.0637082812491372e+00,-1.7806087346240520e-06,-1.7534857655300120e-06,"ok"
275,9.0446379008020772e-01,2.2561335581675949e+11,1.0904463790080208e+00,-1.7369476327701849e-06,-1.7332042519309075e-06,"ok"
276,-8.7432711888597481e-01,1.8881017191024918e+11,9.1256728811140253e-01,-2.0755162730020972e-06,-2.0992111208068047e-06,"ok"
277,-1.2577230138745266e+00,1.8087771084293604e+11,8.7422769861254734e-01,-2.1665388315808599e-06,-2.2081963019437539e-06,"ok"
278,-1.1452595689770990e+00,1.8320457951786383e+11,8.8547404310229016e-01,-2.1390217719379158e-06,-2.1985407099393769e-06,"ok"
279,-1.7322265313091725e+00,1.7106023306721323e+11,8.2677734686908277e-01,-2.2908806873556334e-06,-2.3074243806578037e-06,"ok"
280,1.4217515275463077e+00,2.3631603910493311e+11,1.1421751527546307e+00,-1.6582817898929055e-06,-1.6810396353255033e-06,"ok"
281,-5.3954060874124687e-01,1.9573690480514362e+11,9.4604593912587542e-01,-2.0020679528937799e-06,-1.9708347153991199e-06,"ok"
282,2.3794816900991067e-01,2.1182314761681506e+11,1.0237948169009912e+00,-1.8500271982391139e-06,-1.8645376866615097e-06,"ok"
283,-1.4015819386286821e+00,1.7790126968977258e+11,8.5984180613713190e-01,-2.2027868884357724e-06,-2.1826046449672862e-06,"ok"
284,-6.3863073693511144e-02,2.0557867300528125e+11,9.9361369263064891e-01,-1.9062219761343544e-06,-1.8878854740740112e-06,"ok"
285,-1.2756526694225918e+00,1.8050674626964658e+11,8.7243473305774077e-01,-2.1709913474440097e-06,-2.2283607289945107e-06,"ok"
286,-4.7073124502356406e-01,1.9716057054046246e+11,9.5292687549764366e-01,-1.9876113323939028e-06,-2.0106598258289669e-06,"ok"
287,-2.5615769974744268e-01,2.0160009719222540e+11,9.7438423002525565e-01,-1.9438412469307700e-06,-1.9456154397233888e-06,"ok"
288,1.2494143798771220e+00,2.3275038351965765e+11,1.1249414379877123e+00,-1.6836860948699886e-06,-1.6312111018506463e-06,"ok"
289,2.1409351512570210e-01,2.1132959482795078e+11,1.0214093515125702e+00,-1.8543478712857545e-06,-1.8737169760607699e-06,"ok"
290,6.5115313536915642e-01,2.2037235837078784e+11,1.0651153135369156e+00,-1.7782565254768763e-06,-1.8170182314447417e-06,"ok"
291,-8.2193092736262460e-03,2.0672994249112866e+11,9.9917806907263729e-01,-1.8956063141413947e-06,-1.9479823362232077e-06,"ok"
292,-1.8231641486947461e-01,2.0312787337635056e+11,9.8176835851305244e-01,-1.9292211245788022e-06,-1.9876989899767820e-06,"ok"
293,-1.7244704906918364e+00,1.7122070554758591e+11,8.2755295093081638e-01,-2.2887336146404204e-06,-2.2445001485923665e-06,"ok"
294,8.8191664881333909e-01,2.2514685546394800e+11,1.0881916648813339e+00,-1.7405465579375769e-06,-1.7867146550037927e-06,"ok"
295,1.3114738602824823e+00,2.3403439416924457e+11,1.1311473860282484e+00,-1.6744486881942878e-06,-1.6319075718677516e-06,"ok"
296,-1.1050373481571922e+00,1.8403677726662769e+11,8.8949626518428071e-01,-2.1293493079385035e-06,-2.2158192791700471e-06,"ok"
297,5.6131093473202487e-01,2.1851352323960559e+11,1.0561310934732024e+00,-1.7933836702553642e-06,-1.7819293929621381e-06,"ok"
298,-1.7737542984583343e-01,2.0323010235648972e+11,9.8226245701541670e-01,-1.9282506861133007e-06,-1.8788814247861540e-06,"ok"
299,-1.7600001681778388e+00,1.7048559652040051e+11,8.2399998318221612e-01,-2.2986023001737398e-06,-2.2452572729148781e-06,"ok"
300,-1.1467905659580109e+00,1.8317290319032877e+11,8.8532094340419898e-01,-2.1393916757425012e-06,-2.1701844235831707e-06,"ok"
301,3.1159900866557005e-01,2.1334698348929065e+11,1.0311599008665571e+00,-1.8368133352531901e-06,-1.8736652828171831e-06,"ok"
302,-5.8757445762420824e-01,1.9474308447175513e+11,9.4124255423757919e-01,-2.0122849823966284e-06,-2.0442166023046419e-06,"ok"
303,8.0706416529462455e-01,2.2359815757994577e+11,1.0807064165294624e+00,-1.7526020274431191e-06,-1.7426458459973720e-06,"ok"
304,4.1310630594386277e-01,2.1544716946997852e+11,1.0413106305943862e+00,-1.8189080194072096e-06,-1.9106462492973597e-06,"ok"
305,-2.0092509750853534e-02,2.0648428597325485e+11,9.9799074902491469e-01,-1.8978615368238436e-06,-1.8976113074825270e-06,"ok"
306,-9.2505143779455470e-02,2.0498606857520306e+11,9.9074948562205445e-01,-1.9117327681359328e-06,-1.8748268926635099e-06,"ok"
307,1.0313012876155474e+00,2.2823762364076569e+11,1.1031301287615547e+00,-1.7169762726044094e-06,-1.6820113646970868e-06,"ok"
308,1.3586992603610617e+00,2.3501148769687036e+11,1.1358699260361060e+00,-1.6674869307374563e-06,-1.6800843393326424e-06,"ok"
309,-6.7356315979750747e-01,1.9296397822378958e+11,9.3264368402024933e-01,-2.0308380243610461e-06,-2.0621573510158250e-06,"ok"
310,-3.3937812035953574e-01,1.9987826668976120e+11,9.6606218796404641e-01,-1.9605862648189361e-06,-1.8910260104755939e-06,"ok"
311,-1.9301492406707321e+00,1.6696521221052255e+11,8.0698507593292679e-01,-2.3470672670042901e-06,-2.3393975193206757e-06,"ok"
312,-4.5192972520018426e-01,1.9754957398560818e+11,9.5480702747998158e-01,-1.9836974406069721e-06,-2.0379307179211728e-06,"ok"
313,1.6181452530764411e+00,2.4037942528615155e+11,1.1618145253076440e+00,-1.6302501091366538e-06,-1.5719138618983737e-06,"ok"
314,9.5317576844682361e-01,2.2662120664916479e+11,1.0953175768446823e+00,-1.7292229182906926e-06,-1.7163357707881423e-06,"ok"
315,4.3274122489576863e-02,2.0779534159430936e+11,1.0043274122489578e+00,-1.8858872451148113e-06,-1.8921319677742056e-06,"ok"
316,9.7450085228193550e-01,2.2706242263371326e+11,1.0974500852281937e+00,-1.7258627815358854e-06,-1.7416403429602230e-06,"ok"
317,-8.4281441957045733e-01,1.8946216965908725e+11,9.1571855804295432e-01,-2.0683737814979953e-06,-2.0824392308893655e-06,"ok"
318,5.8609261281262182e-01,2.1902625615909314e+11,1.0586092612812621e+00,-1.7891854208730218e-06,-1.7892784101595524e-06,"ok"
319,3.5038589523713198e-01,2.1414948417245627e+11,1.0350385895237133e+00,-1.8299300874882307e-06,-1.8965257126552474e-06,"ok"
320,-7.7171294559672454e-01,1.9093325915560376e+11,9.2282870544032747e-01,-2.0524375168694244e-06,-2.0206549872727356e-06,"ok"
321,7.9010066926369105e-01,2.2324718284706577e+11,1.0790100669263691e+00,-1.7553573546166013e-06,-1.7673520626540483e-06,"ok"
322,1.9092615019807948e+00,2.4640262047598264e+11,1.1909261501980795e+00,-1.5903994184466479e-06,-1.5199697013620582e-06,"ok"
323,-2.0174181573806932e-01,2.0272596183237933e+11,9.7982581842619298e-01,-1.9330458751586845e-06,-1.9397006638991100e-06,"ok"
324,-3.7476075406051546e-01,1.9914619999848795e+11,9.6252392459394853e-01,-1.9677934317159186e-06,-1.9938499759937920e-06,"ok"
325,-9.3422330698727929e-01,1.8757091977843320e+11,9.0657766930127215e-01,-2.0892288888385203e-06,-2.0486938763963371e-06,"ok"
326,-7.5493276352211958e-01,1.9128044112272736e+11,9.2450672364778808e-01,-2.0487122572882303e-06,-2.0538631325682732e-06,"ok"
327,-1.0901767742383490e+00,1.8434424254100854e+11,8.9098232257616505e-01,-2.1257977949662396e-06,-2.1370288843126943e-06,"ok"
328,-5.8583123882755050e-01,1.9477915166865799e+11,9.4141687611724501e-01,-2.0119123681884836e-06,-1.9720633135508479e-06,"ok"
329,9.1631879836134267e-01,2.2585863593809619e+11,1.0916318798361344e+00,-1.7350613257717109e-06,-1.7508008872520573e-06,"ok"
330,6.0059949559374148e-01,2.1932640356383450e+11,1.0600599495593741e+00,-1.7867369269787399e-06,-1.7893981668644326e-06,"ok"
331,-1.6168901525933472e+00,1.7344654274284366e+11,8.3831098474066534e-01,-2.2593623263397676e-06,-2.2974572521589122e-06,"ok"
332,1.0414612574237327e+00,2.2844783341609705e+11,1.1041461257423733e+00,-1.7153963705722587e-06,-1.7102779445043624e-06,"ok"
333,1.9112518328853141e+00,2.4644380042239716e+11,1.1911251832885315e+00,-1.5901336679446997e-06,-1.5688479079514208e-06,"ok"
334,-7.0542964938575858e-01,1.9230466055420865e+11,9.2945703506142408e-01,-2.0378007645694975e-06,-2.0546490095173076e-06,"ok"
335,-9.5880107329055531e-01,1.8706240579361841e+11,9.0411989267094450e-01,-2.0949082882031876e-06,-2.0243582382173668e-06,"ok"
336,3.9030822267809717e-01,2.1497547712720984e+11,1.0390308222678097e+00,-1.8228990094370962e-06,-1.8092809412844228e-06,"ok"
337,-1.5490234143483003e-01,2.0369507055571338e+11,9.8450976585651706e-01,-1.9238491301714507e-06,-1.9020456676254772e-06,"ok"
338,9.4582463121068350e-01,2.2646911161974905e+11,1.0945824631210683e+00,-1.7303842519901996e-06,-1.7023526434863443e-06,"ok"
339,-5.2767415989590838e-01,1.9598242163175366e+11,9.4723258401040922e-01,-1.9995598638155912e-06,-1.8958759455896834e-06,"ok"
340,-4.4525509459629570e-01,1.9768767209280264e+11,9.5547449054037048e-01,-1.9823116947959348e-06,-2.0189470599321013e-06,"ok"
341,-1.2385359326326808e+00,1.8127469155382983e+11,8.7614640673673194e-01,-2.1617942413772286e-06,-2.2498957065714797e-06,"ok"
342,-7.7248367391202788e-01,1.9091731278676013e+11,9.2275163260879711e-01,-2.0526089466987650e-06,-2.0759970039298685e-06,"ok"
343,7.7754035432483937e-01,2.2298730993098093e+11,1.0777540354324839e+00,-1.7574030756751394e-06,-1.8129724489995125e-06,"ok"
344,1.5695922416187713e-01,2.1014748634790924e+11,1.0156959224161877e+00,-1.8647788328043673e-06,-1.8976198573702578e-06,"ok"
345,7.4481043770731825e-01,2.2231012795616443e+11,1.0744810437707319e+00,-1.7627563256368241e-06,-1.7750254385502742e-06,"ok"
346,7.0236012407852355e-01,2.2143183096718466e+11,1.0702360124078525e+00,-1.7697482001385135e-06,-1.7202539564735375e-06,"ok"
347,1.0247219203473974e+00,2.2810149653198764e+11,1.1024721920347398e+00,-1.7180009349599415e-06,-1.7053007358213141e-06,"ok"
348,1.2017652363849737e-02,2.0714864522740805e+11,1.0012017652363849e+00,-1.8917747875113033e-06,-1.9835127733978584e-06,"ok"
349,4.9302283432031246e-01,2.1710064244208728e+11,1.0493022834320314e+00,-1.8050549270582915e-06,-1.8036535544723399e-06,"ok"
350,-7.2035967231004350e-01,1.9199575837990521e+11,9.2796403276899575e-01,-2.0410793843223083e-06,-2.0670821870500371e-06,"ok"
351,-1.2215841381914621e+00,1.8162542418081866e+11,8.7784158618085384e-01,-2.1576196508562785e-06,-2.1608867468766833e-06,"ok"
352,-5.6362584528555548e-01,1.9523858126104187e+11,9.4363741547144453e-01,-2.0071779961584708e-06,-1.9843989313771758e-06,"ok"
353,4.6183962665419753e-01,2.1645546187547534e+11,1.0461839626654197e+00,-1.8104351856628572e-06,-1.8524323594327513e-06,"ok"
354,6.2331561150284563e-02,2.0818964000019940e+11,1.0062331561150286e+00,-1.8823154903754925e-06,-1.9347445199354595e-06,"ok"
355,1.1747458209811412e+00,2.3120549103609982e+11,1.1174745820981142e+00,-1.6949363207244288e-06,-1.6775202488203254e-06,"ok"
356,-8.4433905919843899e-01,1.8943062486518430e+11,9.1556609408015610e-01,-2.0687182158965843e-06,-2.0698060135881667e-06,"ok"
357,-1.6338203535226084e-01,2.0351962568856174e+11,9.8366179646477403e-01,-1.9255075916227159e-06,-2.0018314689743164e-06,"ok"
358,-2.7045107175651861e-01,2.0130436732535764e+11,9.7295489282434822e-01,-1.9466968825180456e-06,-1.9728317180700793e-06,"ok"
359,-8.8662625510854953e-01,1.8855570278180411e+11,9.1133737448914498e-01,-2.0783173275960629e-06,-2.0929198670181715e-06,"ok"
360,1.8964138534875197e-01,2.1082368026286569e+11,1.0189641385348753e+00,-1.8587977584798277e-06,-1.8781106772940690e-06,"ok"
361,-1.0566232851440587e+00,1.8503846423036942e+11,8.9433767148559407e-01,-2.1178222913686787e-06,-2.1615680470599411e-06,"ok"
362,-2.6568241438155765e-01,2.0140303084644556e+11,9.7343175856184416e-01,-1.9457432326658890e-06,-1.9503594588716732e-06,"ok"
363,-8.1378522497599115e-01,1.9006278369524673e+11,9.1862147750240086e-01,-2.0618375501441018e-06,-2.0763313520058061e-06,"ok"
364,-3.3529676270765024e-01,1.9996270997957870e+11,9.6647032372923491e-01,-1.9597583186790706e-06,-2.0593074571055041e-06,"ok"
365,-2.5311374314287438e-01,2.0166307665437393e+11,9.7468862568571257e-01,-1.9432341845134678e-06,-1.9324649838491046e-06,"ok"
366,-7.8206396522178656e-01,1.9071909655956125e+11,9.2179360347782135e-01,-2.0547422433152000e-06,-2.0794425881871124e-06,"ok"
367,4.3705529423834039e-01,2.1594267403779126e+11,1.0437055294238340e+00,-1.8147343319476783e-06,-1.8439169593788548e-06,"ok"
368,-7.6161531944249128e-01,1.9114217904073486e+11,9.2383846805575087e-01,-2.0501941867282478e-06,-1.9920785079139676e-06,"ok"
369,-1.1596235378687487e+00,1.8290738900149561e+11,8.8403764621312519e-01,-2.1424972848135401e-06,-2.1120106075794746e-06,"ok"
370,-9.5041250548937223e-02,2.0493359652614249e+11,9.9049587494510627e-01,-1.9122222561365675e-06,-1.8986852470108823e-06,"ok"
371,-6.1445292161382903e-01,1.9418696905180988e+11,9.3855470783861705e-01,-2.0180477929169696e-06,-2.0666401521548671e-06,"ok"
372,-4.1977747596319848e-01,1.9821480402232141e+11,9.5802225240368011e-01,-1.9770399402870454e-06,-1.8798173041056158e-06,"ok"
373,1.3991018678040723e+00,2.3584741764486627e+11,1.1399101867804073e+00,-1.6615767440635400e-06,-1.6529980769755667e-06,"ok"
374,2.9766267458996859e-01,2.1305864073726645e+11,1.0297662674589969e+00,-1.8392991851962304e-06,-1.8005317623941689e-06,"ok"
375,-6.9233498977123276e-01,1.9257558906163318e+11,9.3076650102287661e-01,-2.0349338471026242e-06,-2.0262232882940208e-06,"ok"
376,2.9915886222861787e-01,2.1308959685951010e+11,1.0299158862228617e+00,-1.8390319850582432e-06,-1.8292402572731707e-06,"ok"
377,-1.6896327737234202e+00,1.7194149791166245e+11,8.3103672262765804e-01,-2.2791390622306559e-06,-2.2478264234640734e-06,"ok"
378,8.0816261030021386e-01,2.2362088440711142e+11,1.0808162610300214e+00,-1.7524239086521400e-06,-1.7775022195635895e-06,"ok"
379,8.1579350495014380e-01,2.2377876761741849e+11,1.0815793504950144e+00,-1.7511875164966005e-06,-1.7211267774460009e-06,"ok"
380,5.7431007278126900e-01,2.1878247540584445e+11,1.0574310072781268e+00,-1.7911790401920701e-06,-1.7435375792167034e-06,"ok"
381,4.0817265348009640e-01,2.1534509220050320e+11,1.0408172653480097e+00,-1.8197702130284478e-06,-1.8149931379180710e-06,"ok"
382,7.2268996758056803e-01,2.2185245542924194e+11,1.0722689967580568e+00,-1.7663928197163110e-06,-1.7792708573108779e-06,"ok"
383,1.1572656257742655e+00,2.3084382579726956e+11,1.1157265625774266e+00,-1.6975917937383455e-06,-1.7314316354395810e-06,"ok"
384,4.3782433884737559e-01,2.1595858557075220e+11,1.0437824338847375e+00,-1.8146006247986961e-06,-1.7964473803299198e-06,"ok"
385,4.9141253197308353e-02,2.0791673252865231e+11,1.0049141253197309e+00,-1.8847861811875067e-06,-1.8529966776333481e-06,"ok"
386,-1.7357738700213490e+00,1.7098683862925830e+11,8.2642261299786512e-01,-2.2918640256274730e-06,-2.3232714030787779e-06,"ok"
387,-1.0756871092829783e+00,1.8464403370893518e+11,8.9243128907170222e-01,-2.1223463138071967e-06,-2.0981092711469392e-06,"ok"
388,2.2951760890577277e-01,2.1164871932826044e+11,1.0229517608905774e+00,-1.8515518806438790e-06,-1.7846100379504344e-06,"ok"
389,1.2425042555528156e+00,2.3260741304738776e+11,1.1242504255552817e+00,-1.6847209604090190e-06,-1.6896721721217506e-06,"ok"
390,6.8703910412456293e-01,2.2111483906433722e+11,1.0687039104124563e+00,-1.7722853245254811e-06,-1.7667278805101653e-06,"ok"
391,-1.8170935317485779e-01,2.0314043348281219e+11,9.8182906468251419e-01,-1.9291018414730129e-06,-1.9073631291142141e-06,"ok"
392,-3.4353449519540086e-01,1.9979227129440717e+11,9.6564655048046000e-01,-1.9614301482597804e-06,-1.9618919866475098e-06,"ok"
393,-3.7699789789885696e-01,1.9909991349247266e+11,9.6230021021011436e-01,-1.9682509019387386e-06,-1.9648902313327847e-06,"ok"
394,-1.7889145921606106e-01,2.0319873570881970e+11,9.8211085407839394e-01,-1.9285483393403585e-06,-1.8887803972600958e-06,"ok"
395,9.4252674527272506e-01,2.2640087835969269e+11,1.0942526745272725e+00,-1.7309057594949119e-06,-1.7123735931786508e-06,"ok"
396,-8.6664753144209905e-02,2.0510690625744629e+11,9.9133352468557900e-01,nan,nan,"failed: RuntimeError: Error: THE MATRIX IS STRUCTURALLY SINGULAR ... ZERO COLUMN AT 132



in applications/LinearSolversApplication/custom_solvers/eigen_sparse_lu_solver.h:53: EigenSparseLUSolver<double>::Compute
   kratos/solving_strategies/builder_and_solvers/residualbased_block_builder_and_solver.h:489: ResidualBasedBlockBuilderAndSolver<class UblasSpace<double,class boost::numeric::ublas::compressed_matrix<...>,class boost::numeric::Vector >,...>::InternalSystemSolveWithPhysics
   kratos/solving_strategies/builder_and_solvers/residualbased_block_builder_and_solver.h:539: ResidualBasedBlockBuilderAndSolver<class UblasSpace<double,class boost::numeric::ublas::compressed_matrix<...>,class boost::numeric::Vector >,...>::BuildAndSolve
"
397,2.0807239696225412e+00,2.4995017893149039e+11,1.2080723969622542e+00,-1.5678267804558844e-06,-1.5368901909023218e-06,"ok"
398,-1.1362661401198941e+00,1.8339065356091940e+11,8.8637338598801063e-01,-2.1368514517936495e-06,-2.1573443596064465e-06,"ok"
399,-4.0311027740140709e-01,1.9855964836056488e+11,9.5968897225985927e-01,-1.9736063572984662e-06,-2.0240248325454929e-06,"ok"
400,5.8020854168826586e-01,2.1890451472753021e+11,1.0580208541688265e+00,-1.7901804574322942e-06,-1.7488901536059532e-06,"ok"
401,-6.3739403750067669e-01,1.9371231736411099e+11,9.3626059624993230e-01,-2.0229925987188362e-06,-1.9547218578333348e-06,"ok"
402,1.8251402255116339e-01,2.1067621512658356e+11,1.0182514022551163e+00,-1.8600988444377812e-06,-1.8788866813423870e-06,"ok"
403,1.1533790459781894e+00,2.3076341246128873e+11,1.1153379045978189e+00,-1.6981833477265166e-06,-1.6702824215199404e-06,"ok"
404,-1.5469233406993501e+00,1.7489415608093045e+11,8.4530766593006501e-01,-2.2406613982344570e-06,-2.1748174609862785e-06,"ok"
405,9.0948357286047132e-01,2.2571721512248315e+11,1.0909483572860472e+00,-1.7361484107238367e-06,-1.8041315322368999e-06,"ok"
406,-7.1494001301989962e-01,1.9210789113061829e+11,9.2850599869801009e-01,-2.0398880129442078e-06,-2.0411325686021615e-06,"ok"
407,-1.5026610881456273e-01,2.0379099420862671e+11,9.8497338911854382e-01,-1.9229435816392654e-06,-1.8659132171526516e-06,"ok"
408,-3.7286885942962533e-01,1.9918534329840106e+11,9.6271311405703752e-01,-1.9674067269108476e-06,-1.9992073736603636e-06,"ok"
409,-6.7048994672690126e-02,2.0551275630022205e+11,9.9329510053273096e-01,-1.9068333828136305e-06,-1.9290199393423708e-06,"ok"
410,3.0021359582392232e-01,2.1311141929759695e+11,1.0300213595823922e+00,-1.8388436696647750e-06,-1.8774098665144097e-06,"ok"
411,-7.8616870204276335e-01,1.9063416955473523e+11,9.2138312979572368e-01,-2.0556576254080255e-06,-1.9974956556075559e-06,"ok"
412,-9.0104281268098196e-01,1.8825742420563049e+11,9.0989571873190189e-01,-2.0816102523494939e-06,-2.1599151570438154e-06,"ok"
413,2.4271041790469550e+00,2.5711678546448151e+11,1.2427104179046955e+00,-1.5241268033123028e-06,-1.5190417344605720e-06,"ok"
414,1.9231163308091903e+00,2.4668927688444214e+11,1.1923116330809189e+00,-1.5885513519578852e-06,-1.5338054916141441e-06,"ok"
415,2.5570126016003458e-01,2.1219045907271112e+11,1.0255701260160035e+00,-1.8468247159668191e-06,-1.8065164183248202e-06,"ok"
416,-7.9439415750652353e-01,1.9046398488119003e+11,9.2056058424934772e-01,-2.0574944105662246e-06,-2.0543781303073822e-06,"ok"
417,1.6624790653541515e+00,2.4129669186217740e+11,1.1662479065354152e+00,-1.6240528673742563e-06,-1.6106835096385204e-06,"ok"
418,2.1821575108961944e+00,2.5204883890044226e+11,1.2182157510896194e+00,-1.5547724243298491e-06,-1.5957875965574687e-06,"ok"
419,3.3548504782194527e-01,2.1384118563943604e+11,1.0335485047821944e+00,-1.8325683293249920e-06,-1.8715485715629664e-06,"ok"
420,1.5215482184418486e-01,2.1004808326395618e+11,1.0152154821844184e+00,-1.8656613201057559e-06,-1.8132626350500998e-06,"ok"
421,1.4470340411951435e-01,2.0989391343123276e+11,1.0144703404119515e+00,-1.8670316728170533e-06,-1.8129176280506244e-06,"ok"
422,9.5119740457619173e-01,2.2658027430068140e+11,1.0951197404576192e+00,-1.7295353071536285e-06,-1.7005813584905632e-06,"ok"
423,5.9894754255574523e-01,2.1929222465547836e+11,1.0598947542555746e+00,-1.7870154079719240e-06,-1.7251450324517806e-06,"ok"
424,-8.0692649533378857e-01,1.9020469081154391e+11,9.1930735046662115e-01,-2.0602992630436158e-06,-2.0770687759643401e-06,"ok"
425,1.4601622817547369e-01,2.0992107576095056e+11,1.0146016228175474e+00,-1.8667900918850866e-06,-1.7913553957166646e-06,"ok"
426,-1.0401443052927131e+00,1.8537941432349377e+11,8.9598556947072872e-01,-2.1139271894793661e-06,-2.0864874817881613e-06,"ok"
427,-6.6704030251701152e-01,1.9309893614092303e+11,9.3329596974829887e-01,-2.0294186603972880e-06,-1.9871100950610294e-06,"ok"
428,-3.7763369941120367e-01,1.9908675875918219e+11,9.6223663005887961e-01,-1.9683809548700894e-06,-2.0170286616786970e-06,"ok"
429,-2.9697819197739661e-01,2.0075552120798767e+11,9.7030218080226038e-01,-1.9520189629161831e-06,-2.0333556327410521e-06,"ok"
430,-3.9774110160804194e-01,1.9867073660772961e+11,9.6022588983919577e-01,-1.9725028003548604e-06,-1.9392819094157544e-06,"ok"
431,1.8098464166503758e-01,2.1064457223604962e+11,1.0180984641665036e+00,-1.8603782672808624e-06,-1.9003547034041530e-06,"ok"
432,-5.5220366532808807e-01,1.9547490616436185e+11,9.4477963346719118e-01,-2.0047513616825505e-06,-1.9341164719204575e-06,"ok"
433,-7.9243255159879400e-01,1.9050457050742096e+11,9.2075674484012060e-01,-2.0570560762169053e-06,-2.0190139190687044e-06,"ok"
434,4.2973634457261817e-01,2.1579124496920746e+11,1.0429736344572618e+00,-1.8160078012575263e-06,-1.8238059931421805e-06,"ok"
435,-3.2070301459391209e-01,2.0026465462805197e+11,9.6792969854060884e-01,-1.9568035359802012e-06,-1.9588585490151999e-06,"ok"
436,1.3047603925289369e-01,2.0959954925214236e+11,1.0130476039252894e+00,-1.8696537550098712e-06,-1.8701767480645793e-06,"ok"
437,-1.4438331390312047e+00,1.7702709235344437e+11,8.5561668609687946e-01,-2.2136644685222296e-06,-2.2572320217749841e-06,"ok"
438,-2.3690527642613832e-01,2.0199842983074319e+11,9.7630947235738619e-01,-1.9400080715168513e-06,-1.9432151508158511e-06,"ok"
439,-1.2370047572918756e+00,1.8130637157163110e+11,8.7629952427081248e-01,-2.1614165068298544e-06,-2.1664927389803721e-06,"ok"
440,-4.3829404756426976e-01,1.9783169615589526e+11,9.5617059524357306e-01,-1.9808685459513939e-06,-1.9663636278765561e-06,"ok"
441,-7.7231212307961386e-02,2.0530208621734827e+11,9.9227687876920379e-01,-1.9087900738296168e-06,-1.8767236792823705e-06,"ok"
442,1.5538289794012108e+00,2.3904872158381104e+11,1.1553828979401211e+00,-1.6393251622995019e-06,-1.6271827288139416e-06,"ok"
443,1.7726451208589783e-01,2.1056760275505722e+11,1.0177264512085897e+00,-1.8610582975772785e-06,-1.8592477705128407e-06,"ok"
444,9.4881864476854905e-01,2.2653105776026129e+11,1.0948818644768550e+00,-1.0763566682402600e-07,-1.7746862274743846e-07,"ok"
445,-7.9692021307346994e-01,1.9041172079150992e+11,9.2030797869265302e-01,-2.0580591503457018e-06,-2.0676838023466775e-06,"ok"
446,1.2123014860561816e+00,2.3198251774650238e+11,1.1212301486056180e+00,-1.6892591222577672e-06,-1.6528313637251581e-06,"ok"
447,1.2987746774032130e+00,2.3377164807547247e+11,1.1298774677403214e+00,-1.6763306736865654e-06,-1.6666829222396554e-06,"ok"
448,8.9364006472131763e-01,2.2538941293908405e+11,1.0893640064721317e+00,-1.7386734327814730e-06,-1.7688135205705114e-06,"ok"
449,3.1553498760209564e-01,2.1342841889348737e+11,1.0315534987602095e+00,-1.8361124837098616e-06,-1.8185889050379828e-06,"ok"
450,-5.1659374695682125e-01,1.9621167537546338e+11,9.4834062530431795e-01,-1.9972235778466124e-06,-2.0309360650465235e-06,"ok"
451,-3.0868918776291965e-01,2.0051322070518518e+11,9.6913108122370795e-01,-1.9543777858067680e-06,-1.9443316914418997e-06,"ok"
452,2.0724754938277630e+00,2.4977951796729642e+11,1.2072475493827763e+00,-1.5688979925028913e-06,-1.6119912056620697e-06,"ok"
453,3.9984042959989158e-01,2.1517269848842175e+11,1.0399840429599891e+00,-1.8212281904754434e-06,-1.8116468416728926e-06,"ok"
454,1.2145439711767891e+00,2.3202891476364777e+11,1.1214543971176789e+00,-1.6889213342514823e-06,-1.7144491249971773e-06,"ok"
455,2.1643445870671771e-01,2.1137802895064200e+11,1.0216434458706718e+00,-1.8539229751225904e-06,-1.8424265165486698e-06,"ok"
456,2.0245835295568972e-02,2.0731888633226532e+11,1.0020245835295569e+00,-1.8902213456792662e-06,-1.8761962651870493e-06,"ok"
457,9.5961907903259391e-01,2.2675451874518436e+11,1.0959619079032594e+00,-1.7282062843816980e-06,-1.7520165129565660e-06,"ok"
458,1.5201144134278572e-02,2.0721451167213821e+11,1.0015201144134278e+00,-1.8911734566557107e-06,-1.8568631322719228e-06,"ok"
459,1.0852594214612361e+00,2.2935401743003296e+11,1.1085259421461235e+00,-1.7086187924669807e-06,-1.7344189275148743e-06,"ok"
460,-6.3451196440638358e-01,1.9377194745643192e+11,9.3654880355936165e-01,-2.0223700564084470e-06,-2.0581014196996564e-06,"ok"
461,-3.7703773791807643e-01,1.9909908920247501e+11,9.6229622620819244e-01,-1.9682590506891703e-06,-1.9398222448138884e-06,"ok"
462,-2.3524553020804773e-01,2.0203276997999548e+11,9.7647544697919519e-01,-1.9396783222219728e-06,-1.8865157728628563e-06,"ok"
463,-4.7161670228259706e-01,1.9714225042977307e+11,9.5283832977174032e-01,-1.9877960379056448e-06,-1.9731056717025538e-06,"ok"
464,-2.6348424370460088e-02,2.0635485109977518e+11,9.9736515756295396e-01,-1.8990519593692105e-06,-1.9301540585330003e-06,"ok"
465,-1.7593821107510463e-01,2.0325983841285608e+11,9.8240617889248949e-01,-1.9279685911803360e-06,-1.8809893051488876e-06,"ok"
466,1.8799097156566285e+00,2.4579533201693564e+11,1.1879909715656629e+00,-1.5943288307865754e-06,-1.5293924944469185e-06,"ok"
467,-4.8596649426598848e-01,1.9684535323363669e+11,9.5140335057340109e-01,-1.9907941837071491e-06,-2.0119219317775845e-06,"ok"
468,-2.2742246971926916e-01,2.0219462910150833e+11,9.7725775302807316e-01,-1.9381255874535521e-06,-1.9807572197085796e-06,"ok"
469,-4.5188676117557969e-01,1.9755046291127725e+11,9.5481132388244205e-01,-1.9836885144770712e-06,-1.9938522393357276e-06,"ok"
470,-7.9783608317651977e-01,1.9039277143907782e+11,9.2021639168234814e-01,-2.0582639842096585e-06,-1.9642856766985804e-06,"ok"
471,-4.8910216642022741e-01,1.9678047617676550e+11,9.5108978335797734e-01,-1.9914505337165352e-06,-2.0666703063871645e-06,"ok"
472,9.1942316871370044e-01,2.2592286536068646e+11,1.0919423168713700e+00,-1.7345680512801508e-06,-1.6565456809575301e-06,"ok"
473,-8.0878778448193356e-01,1.9016618073906879e+11,9.1912122155180664e-01,-2.0607164890433130e-06,-2.0438856196492080e-06,"ok"
474,-1.1382909877625307e+00,1.8334875946319324e+11,8.8617090122374687e-01,-2.1373397096025363e-06,-2.1055032394037743e-06,"ok"
475,-1.5146559520739806e+00,1.7556176835158936e+11,8.4853440479260200e-01,-2.2321407900336964e-06,-2.2829612307606857e-06,"ok"
476,-2.4253649638966804e-01,2.0188191988969775e+11,9.7574635036103308e-01,-1.9411276875178057e-06,-1.9747453527884976e-06,"ok"
477,-2.9788130814642133e-01,2.0073683573445053e+11,9.7021186918535784e-01,-1.9522006654828976e-06,-1.9364852326472147e-06,"ok"
478,-3.7717527316260796e-01,1.9909624359826566e+11,9.6228247268373923e-01,-1.9682871822457274e-06,-1.9969937877932168e-06,"ok"
479,-2.4051691921845091e+00,1.5713704941370251e+11,7.5948308078154914e-01,-2.4938649781825709e-06,-2.4739011573548086e-06,"ok"
480,-1.1417379919010189e-01,2.0453774409475681e+11,9.8858262008098985e-01,-1.9159230783608316e-06,-1.8983670071025587e-06,"ok"
481,-4.2489055335899133e-02,2.0602090144510025e+11,9.9575109446641008e-01,-1.9021302283401372e-06,-1.9135555555335825e-06,"ok"
482,6.1235855626610558e-01,2.1956969852914572e+11,1.0612358556266106e+00,-1.7847571269311005e-06,-1.7841201238458543e-06,"ok"
483,1.6824863380736494e+00,2.4171064233474380e+11,1.1682486338073650e+00,-1.6212715357623502e-06,-1.5430337350069861e-06,"ok"
484,-2.0215118059130455e-01,2.0271749207356592e+11,9.7978488194086955e-01,-1.9331266399331677e-06,-1.8766891859393310e-06,"ok"
485,-5.3273926051511877e-01,1.9587762469994220e+11,9.4672607394848818e-01,-2.0006296528652013e-06,-2.0098246706772280e-06,"ok"
486,1.2860971145977775e+00,2.3350934930102802e+11,1.1286097114597777e+00,-1.6782136795827884e-06,-1.7198037123606655e-06,"ok"
487,3.9574783957074644e-01,2.1508802280071875e+11,1.0395747839570746e+00,-1.8219451701974506e-06,-1.7998540710549282e-06,"ok"
488,-2.4365736733166185e-01,2.0185872906990793e+11,9.7563426326683389e-01,-1.9413506966650958e-06,-2.0212322494643805e-06,"ok"
489,-5.7225839490231786e-02,2.0571599738094711e+11,9.9427741605097686e-01,-1.9049494900572433e-06,-1.9413225600663176e-06,"ok"
490,1.1504718394530040e+00,2.3070326235828265e+11,1.1150471839453004e+00,-1.6986261065492943e-06,-1.6536289879693366e-06,"ok"
491,1.5881747990296216e-01,2.1018593365919229e+11,1.0158817479902962e+00,-1.8644377265682832e-06,-1.8039170846961522e-06,"ok"
492,9.2468657090101236e-01,2.2603176515194196e+11,1.0924686570901012e+00,-1.7337323541447368e-06,-1.7562435608287335e-06,"ok"
493,-7.8217298429573234e-01,1.9071684095492130e+11,9.2178270157042674e-01,-2.0547665447138514e-06,-2.0674127057933549e-06,"ok"
494,3.0476043315469398e-01,2.1320549336197061e+11,1.0304760433154694e+00,-1.8380323045549534e-06,-1.8546565305771766e-06,"ok"
495,-3.1259759893330091e-01,2.0043235567807001e+11,9.6874024010666993e-01,-1.9551662853049979e-06,-1.9526838110651591e-06,"ok"
496,-2.0512977206364724e-01,2.0265586501600314e+11,9.7948702279363531e-01,-1.9337144981078862e-06,-1.9185984889962829e-06,"ok"
497,1.2316758691090142e+00,2.3238337373186551e+11,1.1231675869109015e+00,-1.6863451890499444e-06,-1.6981014892531075e-06,"ok"
498,8.5436570516547661e-01,2.2457682643987372e+11,1.0854365705165476e+00,-1.7449644761665293e-06,-1.7227571728197705e-06,"ok"
499,-1.4347277811677899e+00,1.7721548220763843e+11,8.5652722188322106e-01,-2.2113112208175324e-06,-2.2677865709292437e-06,"ok"
500,1.2471675954851071e-01,2.0948038975505869e+11,1.0124716759548511e+00,-1.8707172770036965e-06,-1.8818614593067993e-06,"ok"
501,1.6892868132269572e+00,2.4185134416566574e+11,1.1689286813226958e+00,-1.6203283287844641e-06,-1.6076451478517880e-06,"ok"
502,3.8565060773852367e-01,2.1487911107411005e+11,1.0385650607738524e+00,-1.8237165183185767e-06,-1.8269028651004257e-06,"ok"
503,-1.9213003467234388e-01,2.0292482958262921e+11,9.8078699653276569e-01,-1.9311514766951845e-06,-1.9497806142863265e-06,"ok"
504,3.0566407223054448e-01,2.1322418965444995e+11,1.0305664072230545e+00,-1.8378711390272938e-06,-1.8798926981781731e-06,"ok"
505,2.5168780992777767e-01,2.1210742078740573e+11,1.0251687809927779e+00,-1.8475477324356528e-06,-1.8209277161290804e-06,"ok"
506,3.6994553080569775e-01,2.1455417303236987e+11,1.0369945530805698e+00,-1.8264785008323646e-06,-1.8117026711903425e-06,"ok"
507,3.6677637813412017e-01,2.1448860326359494e+11,1.0366776378134119e+00,-1.8270368604449688e-06,-1.8281878132782731e-06,"ok"
508,-2.2705463213137975e-01,2.0220223966120175e+11,9.7729453678686207e-01,-1.9380526395955827e-06,-1.9737892980796423e-06,"ok"
509,2.7134087362373449e-01,2.1251404267527505e+11,1.0271340873623733e+00,-1.8440126561746241e-06,-1.8677855846565470e-06,"ok"
510,-1.0147067390031788e+00,1.8590571757002423e+11,8.9852932609968217e-01,-2.1079426142994028e-06,-2.0326747346621266e-06,"ok"
511,3.0723906257856329e-02,2.0753567762047504e+11,1.0030723906257857e+00,-1.8882468248445711e-06,-1.8819722869369241e-06,"ok"
512,-4.3791589355417204e-01,1.9783952016236417e+11,9.5620841064458273e-01,-1.9807902080813497e-06,-1.9613217993463303e-06,"ok"
513,1.2864511676093618e-01,2.0956166746578378e+11,1.0128645116760937e+00,-1.8699917262903664e-06,-1.8698489499991906e-06,"ok"
514,1.4815232346097036e+00,2.3755271572407477e+11,1.1481523234609703e+00,-1.6496489341852691e-06,-1.6262007624316347e-06,"ok"
515,2.2413793660729873e+00,2.5327413908405011e+11,1.2241379366072986e+00,-1.5472506815180052e-06,-1.5202555283077102e-06,"ok"
516,1.0690835257798133e-01,2.0911193381483844e+11,1.0106908352577981e+00,-1.8740134872259707e-06,-1.8227152299034604e-06,"ok"
517,-6.8777207535540175e-01,1.9266999576089673e+11,9.3122279246445983e-01,-2.0339367464024391e-06,-2.0669669579982111e-06,"ok"
518,8.3311645536935564e-01,2.2413717946159198e+11,1.0833116455369356e+00,-1.7483872387841561e-06,-1.7405687465543975e-06,"ok"
519,-4.0538211456664364e-01,1.9851264404961615e+11,9.5946178854333564e-01,-1.9740736726576928e-06,-1.9119161612936044e-06,"ok"
520,-1.1399844842173126e+00,1.8331372102154379e+11,8.8600155157826865e-01,-2.1377482390476753e-06,-2.1269019704998715e-06,"ok"
521,-9.6396190368914292e-01,1.8695562821267163e+11,9.0360380963108566e-01,-2.0961047712415134e-06,-2.0679950463429064e-06,"ok"
522,-1.0376804026698637e-01,2.0475303924687604e+11,9.8962319597330128e-01,-1.9139085102238244e-06,-1.9369793970737930e-06,"ok"
523,-1.5105457318018436e-01,2.0377468088090198e+11,9.8489454268198151e-01,-1.9230975242630429e-06,-1.9343877478787482e-06,"ok"
524,-5.5112848562402983e-01,1.9549715163243881e+11,9.4488715143759694e-01,-2.0045232425903772e-06,-2.0199546207679220e-06,"ok"
525,5.3799121044909559e-01,2.1803103814419177e+11,1.0537991210449096e+00,-1.7973522836180856e-06,-1.7724294343837277e-06,"ok"
526,-6.5194024553891716e-01,1.9341135631979980e+11,9.3480597544610833e-01,-2.0261405108968387e-06,-2.0349613020547268e-06,"ok"
527,7.3297011421470126e-01,2.2206515166310217e+11,1.0732970114214702e+00,-1.7647009509287662e-06,-1.7488424671542956e-06,"ok"
528,3.9979584746267038e-01,2.1517177608400266e+11,1.0399795847462672e+00,-1.8212359977571916e-06,-1.7361537007242803e-06,"ok"
529,-6.4409414699012635e-01,1.9357369209877429e+11,9.3559058530098738e-01,-2.0244413383828821e-06,-2.0335192118204188e-06,"ok"
530,-1.0851775998797983e+00,1.8444767545848697e+11,8.9148224001202014e-01,-2.1246057090968474e-06,-2.1330995222517146e-06,"ok"
531,2.9437150092160738e+00,2.6780546354068057e+11,1.2943715009216075e+00,-1.4632957040033870e-06,-1.4484425054249593e-06,"ok"
532,-1.5829890371300241e+00,1.7414795682177979e+11,8.4170109628699752e-01,-2.2502623140654864e-06,-2.2901517911753522e-06,"ok"
533,7.6060466918914993e-01,2.2263691060552350e+11,1.0760604669189149e+00,-1.7601689820486011e-06,-1.7902936107903558e-06,"ok"
534,-1.0298044600225087e+00,1.8559334572213431e+11,8.9701955399774924e-01,-2.1114904889590643e-06,-2.0774413334189481e-06,"ok"
535,-2.0584380900363256e-01,2.0264109159171484e+11,9.7941561909963670e-01,-1.9338554743734546e-06,-1.9847870177859676e-06,"ok"
536,7.8630765245209244e-01,2.2316870532923380e+11,1.0786307652452092e+00,-1.7559746279338150e-06,-1.7276059118863375e-06,"ok"
537,-7.1181431640264317e-02,2.0542725617936295e+11,9.9288185683597363e-01,-1.9076270189094361e-06,-1.9485680013862048e-06,"ok"
538,2.1897874808198647e+00,2.5220670297816299e+11,1.2189787480819865e+00,-1.5537992435592240e-06,-1.5570469483306384e-06,"ok"
539,2.5366213293563666e-01,2.1214826953043832e+11,1.0253662132935637e+00,-1.8471919906494325e-06,-1.8539368222969749e-06,"ok"
540,1.0976561571324384e+00,2.2961050589107016e+11,1.1097656157132438e+00,-1.7067101646192399e-06,-1.7017413627057280e-06,"ok"
541,-8.6946526539226632e-01,1.8891076365903400e+11,9.1305347346077326e-01,-2.0744110961056644e-06,-2.0775602734035214e-06,"ok"
542,-1.0437569149619812e+00,1.8530466942943661e+11,8.9562430850380192e-01,-2.1147798677451632e-06,-2.1455691344874839e-06,"ok"
543,-5.6526042328671777e-01,1.9520476184219781e+11,9.4347395767132824e-01,-2.0075257417361660e-06,-2.0303290943487732e-06,"ok"
544,-3.8712363116303883e-01,1.9889041207123672e+11,9.6128763688369612e-01,-1.9703241610595925e-06,-1.9326561611697850e-06,"ok"
545,-5.8172040931032443e-01,1.9486420473136938e+11,9.4182795906896755e-01,-2.0110342217399987e-06,-1.9433628124674958e-06,"ok"
546,8.6529171876272015e-01,2.2480288566120068e+11,1.0865291718762720e+00,-1.7432097597609918e-06,-1.8158041256937012e-06,"ok"
547,-7.1543742796560794e-01,1.9209759961539157e+11,9.2845625720343916e-01,-2.0399972987328666e-06,-2.0683380809530478e-06,"ok"
548,-1.2549367697200347e+00,1.8093535823449249e+11,8.7450632302799658e-01,-2.1658485557096329e-06,-2.1942199354317459e-06,"ok"
549,-6.5024004433397065e-01,1.9344653348273013e+11,9.3497599556660282e-01,-2.0257720686518698e-06,-2.0427887220627653e-06,"ok"
550,-3.2469195897036990e-01,2.0018212336890305e+11,9.6753080410296299e-01,-1.9576102886371951e-06,-1.9910859219368222e-06,"ok"
551,-8.3558160685263705e-01,1.8961181655421893e+11,9.1644183931473622e-01,-2.0667413636459290e-06,-2.0547566751041125e-06,"ok"
552,-6.6830040145422574e-03,2.0676172864693912e+11,9.9933169959854573e-01,-1.8953148963933796e-06,-1.8956669321763669e-06,"ok"
553,1.5827161960866822e+00,2.3964639809703345e+11,1.1582716196086682e+00,-1.6352366963165440e-06,-1.6764049839017669e-06,"ok"
554,-7.2210029245557739e-01,1.9195974494909412e+11,9.2778997075444236e-01,-2.0414623097689880e-06,-2.0755463583673740e-06,"ok"
555,-2.7014717225078300e-01,2.0131065500613129e+11,9.7298528277492169e-01,-1.9466360799258928e-06,-1.8593992688547194e-06,"ok"
556,-7.7718420095090046e-01,1.9082005888232587e+11,9.2228157990490989e-01,-2.0536550853372762e-06,-2.0269940223661291e-06,"ok"
557,-1.1321197158280445e+00,1.8347644307951776e+11,8.8678802841719551e-01,-2.1358523074066534e-06,-2.1564973377005348e-06,"ok"
558,-8.8415224659452052e-01,1.8860689001795938e+11,9.1158477534054805e-01,-2.0777532796971431e-06,-2.0459101463510307e-06,"ok"
559,-1.4119394255191349e+00,1.7768697328600909e+11,8.5880605744808647e-01,-2.2054435227295785e-06,-2.2002209076752587e-06,"ok"
560,1.8855524517379565e+00,2.4591208022645831e+11,1.1885552451737955e+00,-1.5935719137814145e-06,-1.5797514888685744e-06,"ok"
561,-6.9663840256725096e-01,1.9248655145088358e+11,9.3033615974327488e-01,-2.0358751370096187e-06,-2.0062242764592599e-06,"ok"
562,-1.3288286524608481e-01,2.0415065351805850e+11,9.8671171347539155e-01,-1.9195558650221581e-06,-1.9570378359690194e-06,"ok"
563,-8.7301122815673116e-01,1.8883739768943723e+11,9.1269887718432685e-01,-2.0752170338242337e-06,-2.0953519716532537e-06,"ok"
564,-1.2457960470319056e+00,1.8112447978690988e+11,8.7542039529680948e-01,-2.1635870798326336e-06,-2.1305731592402581e-06,"ok"
565,7.3719729800753475e-01,2.2215261209577588e+11,1.0737197298007535e+00,-1.7640061965054339e-06,-1.7371213343702311e-06,"ok"
566,7.5543995460033075e-01,2.2253005266068085e+11,1.0755439954600330e+00,-1.7610142073959249e-06,-1.7318382902472968e-06,"ok"
567,-1.5495981748766943e+00,1.7483881376180121e+11,8.4504018251233060e-01,-2.2413706423418221e-06,-2.1818218363180715e-06,"ok"
568,-1.6496673964849617e+00,1.7276838156672614e+11,8.3503326035150383e-01,-2.2682309155922617e-06,-2.2266413695665503e-06,"ok"
569,1.5621368873707650e-01,2.1013206121997012e+11,1.0156213688737077e+00,-1.8649157203029043e-06,-1.8545481513043716e-06,"ok"
570,6.3108591265301273e-01,2.1995716753279083e+11,1.0631085912653013e+00,-1.7816131599783142e-06,-1.7744122237724363e-06,"ok"
571,4.6078502349301603e-01,2.1643364213607050e+11,1.0460785023493016e+00,-1.8106177045317299e-06,-1.8758201624204631e-06,"ok"
572,1.2425188436932530e-01,2.0947077148760135e+11,1.0124251884369326e+00,-1.8708031747110649e-06,-1.8890983955218088e-06,"ok"
573,8.4236490403879993e-01,2.2432852986456277e+11,1.0842364904038799e+00,-1.7468958787552597e-06,-1.7533453837732564e-06,"ok"
574,-2.2572238866722544e-01,2.0222980377847510e+11,9.7742776113327745e-01,-1.9377884811609790e-06,-2.0101906599680006e-06,"ok"
575,4.3511256078663324e-01,2.1590247888267545e+11,1.0435112560786632e+00,-1.8150721859942606e-06,-1.8375754159880280e-06,"ok"
576,-6.0784928113172243e-01,1.9432359837338467e+11,9.3921507188682785e-01,-2.0166288993683892e-06,-2.0059646863863465e-06,"ok"
577,9.7028119618081032e-01,2.2697511794898096e+11,1.0970281196180809e+00,-1.7265266248172099e-06,-1.7212607060651213e-06,"ok"
578,3.8357194314079529e-01,2.1483610350358307e+11,1.0383571943140797e+00,-1.8240816041513127e-06,-1.8794913104331820e-06,"ok"
579,-9.3626678913351091e-01,1.8752864013282767e+11,9.0637332108664892e-01,-2.0896999201314250e-06,-2.1170969431286398e-06,"ok"
580,6.1422035375842052e-02,2.0817082191192618e+11,1.0061422035375842e+00,-1.8824856466840052e-06,-1.8817909585098481e-06,"ok"
581,4.4821322720853590e-01,2.1617353167094461e+11,1.0448213227208536e+00,-1.8127963274658221e-06,-1.8099507240374649e-06,"ok"
582,-6.4816722980475139e-01,1.9348942001533969e+11,9.3518327701952486e-01,-2.0253230604418002e-06,-2.0450933240927768e-06,"ok"
583,6.9157459039569569e-01,2.2120867827528696e+11,1.0691574590395696e+00,-1.7715335011392689e-06,-1.8108166892301183e-06,"ok"
584,-1.7345431153815627e-01,2.0331123029427554e+11,9.8265456884618441e-01,-1.9274812500078115e-06,-1.9429502831829206e-06,"ok"
585,-1.2841148723296889e+00,1.8033166329149875e+11,8.7158851276703120e-01,2.1017670273356499e-07,3.1796753650481723e-07,"ok"
586,-1.0860490559399338e+00,1.8442964503260278e+11,8.9139509440600673e-01,-3.0883286939039163e-07,-2.6092536548133792e-07,"ok"
587,-7.8732297153849340e-01,1.9061028771886856e+11,9.2126770284615056e-01,-2.0559151816870538e-06,-2.0885599900578821e-06,"ok"
588,-3.6479081745699159e-02,2.0614524779868149e+11,9.9635209182543005e-01,-1.9009828676281201e-06,-1.8764483381554811e-06,"ok"
589,1.3553225371042241e+00,2.3494162329268640e+11,1.1355322537104224e+00,-1.6679827900026974e-06,-1.6442168725900180e-06,"ok"
590,1.2034632347879923e+00,2.3179965432776355e+11,1.1203463234787991e+00,-1.6905917545199310e-06,-1.7286318554752919e-06,"ok"
591,-5.7255562372227320e-01,1.9505382414518616e+11,9.4274443762777260e-01,-2.0090792171050146e-06,-1.9314164568893310e-06,"ok"
592,1.2730112050136388e+00,2.3323860183173218e+11,1.1273011205013639e+00,-1.6801617795262167e-06,-1.6776484022925888e-06,"ok"
593,-1.6110926133033499e+00,1.7356649383075369e+11,8.3889073866966501e-01,-2.2578008903675253e-06,-2.2916931407274477e-06,"ok"
594,1.1815610198405462e+00,2.3134649750050092e+11,1.1181561019840547e+00,-1.6939032513656652e-06,-1.6697223952860033e-06,"ok"
595,-5.7096204362236624e-01,1.9508679531745325e+11,9.4290379563776339e-01,-2.0087396672364043e-06,-2.0104668739084573e-06,"ok"
596,1.0545728131480372e+00,2.2871911150403290e+11,1.1054572813148038e+00,-1.7133617813182844e-06,-1.7044660749805354e-06,"ok"
597,7.9033375236900905e-01,2.2325200533651480e+11,1.0790333752369010e+00,-1.7553194369583392e-06,-1.8022294177098100e-06,"ok"
598,-1.0155471797766096e+00,1.8588832885042194e+11,8.9844528202233898e-01,-2.1081397994695868e-06,-2.1616667444855045e-06,"ok"
599,-6.8332896035940782e-02,2.0548619238101639e+11,9.9316671039640592e-01,-1.9070798858428932e-06,-1.8529409537675142e-06,"ok"
600,1.1781948864395846e-01,2.0933768522004349e+11,1.0117819488643958e+00,-1.8719925363383270e-06,-1.9037744324773065e-06,"ok"
601,-6.6524844062382860e-01,1.9313600976349298e+11,9.3347515593761710e-01,-2.0290291012401622e-06,-1.9800352106197860e-06,"ok"
602,1.7788569834665702e+00,2.4370455098792334e+11,1.1778856983466570e+00,-1.6080068374585394e-06,-1.5769332083261539e-06,"ok"
603,-5.1667712824938761e-02,2.0583099502165201e+11,9.9483322871750612e-01,-1.9038851960329383e-06,-1.9433294009446984e-06,"ok"
604,8.9934820046705799e-01,2.2550751426766342e+11,1.0899348200467058e+00,-1.7377628660490020e-06,-1.7028227680471201e-06,"ok"
605,-4.5133641201401892e-01,1.9756184963542996e+11,9.5486635879859816e-01,-1.9835741821246584e-06,-1.9725989316915825e-06,"ok"
606,7.6756698259893541e-01,2.2278096086997198e+11,1.0767566982598935e+00,-1.7590308560354150e-06,-1.7953786174338035e-06,"ok"
607,-1.1948530018784942e+00,1.8217849139113397e+11,8.8051469981215069e-01,-2.1510694336949368e-06,-2.1546013371234311e-06,"ok"
608,1.7168927057417777e-01,2.1045225100817975e+11,1.0171689270574178e+00,-1.8620783689968343e-06,-1.8985153413613466e-06,"ok"
609,-2.2264685290229878e+00,1.6083436613451437e+11,7.7735314709770120e-01,-2.4365351368953526e-06,-2.4161419119701383e-06,"ok"
610,-1.2423119692548388e+00,1.8119656535611737e+11,8.7576880307451610e-01,-2.1627263383108629e-06,-2.1956063612292108e-06,"ok"
611,-7.5186557261786624e-01,1.9134390130253635e+11,9.2481344273821342e-01,-2.0480327914279322e-06,-2.0246728233691209e-06,"ok"
612,-8.1898366105161791e-01,1.8995522805284204e+11,9.1810163389483823e-01,-2.0630049950391355e-06,-2.0945256013541238e-06,"ok"
613,4.9978628193290763e-02,2.0793405781731918e+11,1.0049978628193290e+00,-1.8846291387722625e-06,-1.8615131870788820e-06,"ok"
614,-4.2617461885191221e-01,1.9808244713595395e+11,9.5738253811480889e-01,-1.9783609803612061e-06,-1.8613337035446924e-06,"ok"
615,-1.4654840147983210e+00,1.7657913573382275e+11,8.5345159852016794e-01,-2.2192802262841543e-06,-2.1613839099133511e-06,"ok"
616,-3.0937051583565067e-01,2.0049912402736038e+11,9.6906294841643492e-01,-1.9545151940576545e-06,-1.9554947093071286e-06,"ok"
617,-4.3329474940521562e-01,1.9793513163480609e+11,9.5667052505947847e-01,-1.9798333983017406e-06,-1.9812324557475446e-06,"ok"
618,-5.2288630765875599e-01,1.9608148229454034e+11,9.4771136923412447e-01,-1.9985496831270680e-06,-1.9758500832495815e-06,"ok"
619,-1.3426412109146235e+00,1.7912075334617645e+11,8.6573587890853776e-01,-2.1877899516764584e-06,-2.1594105604846424e-06,"ok"
620,2.0527386140891421e-01,2.1114711619255045e+11,1.0205273861408914e+00,-1.8559504452390363e-06,-1.8915099857437416e-06,"ok"
621,-2.6405869135638915e-02,2.0635366256758362e+11,9.9735941308643605e-01,-1.8990628973183268e-06,-1.9291839836835409e-06,"ok"
622,6.3713222469669512e-02,2.0821822657289746e+11,1.0063713222469670e+00,2.1731165440791870e-08,-1.9586448083967638e-09,"ok"
623,-1.3570437009657721e+00,1.7882276582701819e+11,8.6429562990342290e-01,-2.1914356513613745e-06,-2.1758364223218638e-06,"ok"
624,4.1367043582390933e-02,2.0775588413171967e+11,1.0041367043582390e+00,-1.8862454170456504e-06,-1.8639008453929238e-06,"ok"
625,-1.8885418473797683e-02,2.0650926069177713e+11,9.9811145815262026e-01,-1.8976320141507462e-06,-1.9124954355144852e-06,"ok"
626,2.7682983579853510e-01,2.1262760930267169e+11,1.0276829835798535e+00,-1.8430277497486714e-06,-1.8648803288031288e-06,"ok"
627,1.7417097926734186e+00,2.4293597561041302e+11,1.1741709792673418e+00,-1.6130940809516836e-06,-1.6340640242559468e-06,"ok"
628,4.1583841658886095e-02,2.0776036968392236e+11,1.0041583841658888e+00,-1.8862046929531873e-06,-1.8609891548488072e-06,"ok"
629,-2.8928601771370793e-01,2.0091467229350339e+11,9.7107139822862920e-01,-1.9504727048305517e-06,-2.0027425568012382e-06,"ok"
630,1.2461661463563090e+00,2.3268317756811203e+11,1.1246166146356309e+00,-1.6841723944234840e-06,-1.6731934301276627e-06,"ok"
631,8.5576005937398669e-01,2.2460567562844778e+11,1.0855760059373987e+00,-1.7447403464324823e-06,-1.8211977911442774e-06,"ok"
632,1.5630593217211466e-01,2.1013396973664105e+11,1.0156305932172114e+00,-1.8648987824208337e-06,-1.7859952206810384e-06,"ok"
633,-1.6230219514456692e+00,1.7331967582458911e+11,8.3769780485543310e-01,-2.2610161393595471e-06,-2.2739006091878604e-06,"ok"
634,1.4644356138380032e+00,2.3719917285030829e+11,1.1464435613838004e+00,5.9191017787283176e-08,1.1131870725124684e-07,"ok"
635,-9.0173184225334227e-02,2.0503431681837784e+11,9.9098268157746661e-01,-1.9112829032145146e-06,-1.9305734216169028e-06,"ok"
636,7.4127345531503119e-01,2.2223694779046799e+11,1.0741273455315030e+00,-1.7633367817746303e-06,-1.7073847258903717e-06,"ok"
637,-9.2625026570886809e-02,2.0498358820024835e+11,9.9073749734291128e-01,-1.9117559007924880e-06,-1.9333093047213693e-06,"ok"
638,1.7193558769325334e+00,2.4247347309373413e+11,1.1719355876932533e+00,-1.6161709539131799e-06,-1.6408598975915296e-06,"ok"
639,-2.1886286038701575e-01,2.0237172741859265e+11,9.7811371396129843e-01,-1.9364295067614706e-06,-1.9081429360944572e-06,"ok"
640,-1.8590374682042035e-01,2.0305365147828549e+11,9.8140962531795795e-01,-1.9299263098965848e-06,-1.9419393753549629e-06,"ok"
641,-3.6017118650379670e-01,1.9944805815123645e+11,9.6398288134962040e-01,-1.9648152403261666e-06,-1.9673271468760076e-06,"ok"
642,7.6002612628434063e-01,2.2262494055282300e+11,1.0760026126284341e+00,-1.7602636224624801e-06,-1.8000149967670424e-06,"ok"
643,4.6626041748949509e-01,2.1654692803785767e+11,1.0466260417489495e+00,-1.8096704850919482e-06,-1.8264132166296774e-06,"ok"
644,5.3757331995884827e-01,2.1802239198994858e+11,1.0537573319958848e+00,-1.7974235615495208e-06,-1.8007530683966200e-06,"ok"
645,1.0121114496386241e+00,2.2784058589302313e+11,1.1012111449638624e+00,-1.7199682961311951e-06,-1.7093386599493590e-06,"ok"
646,-6.7182143068236577e-01,1.9300001459918185e+11,9.3281785693176344e-01,-2.0304588324596162e-06,-2.0359584251955959e-06,"ok"
647,-8.7868778976322492e-01,1.8871994962979889e+11,9.1213122102367761e-01,-2.0765085253392996e-06,-2.0349007740375086e-06,"ok"
648,-9.5999143420318234e-01,1.8703777722633615e+11,9.0400085657968177e-01,-2.0951841393692259e-06,-2.0831539130759249e-06,"ok"
649,-2.0097614782633852e-01,2.0274180350147305e+11,9.7990238521736617e-01,-1.9328948324365502e-06,-1.9052573166169567e-06,"ok"
650,-4.8426053734303010e-01,1.9688064948237271e+11,9.5157394626569702e-01,-1.9904372793317365e-06,-2.0770457264269951e-06,"ok"
651,1.2728126376262889e+00,2.3323449347248792e+11,1.1272812637626288e+00,-1.6801913750914073e-06,-1.6825822721206540e-06,"ok"
652,1.5881765082966428e+00,2.3975937195665753e+11,1.1588176508296641e+00,-1.6344661779447939e-06,-1.6283317637111782e-06,"ok"
653,8.6399196608855888e-01,2.2477599377837228e+11,1.0863991966088560e+00,-1.7434183149165397e-06,-1.7927575171248272e-06,"ok"
654,1.3891748609867541e-01,2.0977420278738159e+11,1.0138917486098675e+00,-1.7361801286889659e-08,-5.2054383233031771e-08,"ok"
655,1.3861064771805893e+00,2.3557854301286639e+11,1.1386106477180589e+00,-1.6634731639721520e-06,-1.6538755344325830e-06,"ok"
656,-9.0436694343968982e-01,1.8818864794023282e+11,9.0956330565603105e-01,-2.0823710069463893e-06,-2.1011128849717999e-06,"ok"
657,1.9742947993182025e-01,2.1098481593978937e+11,1.0197429479931821e+00,-1.8573781367295470e-06,-1.8896861611157364e-06,"ok"
658,4.7982864064031461e-01,2.1682765457484811e+11,1.0479828640640314e+00,-1.8073275066136195e-06,-1.8010635578552194e-06,"ok"
659,-1.1625866120437045e+00,1.8284608299681577e+11,8.8374133879562966e-01,-2.4001953059013467e-07,-1.6373473429775142e-07,"ok"
660,6.4515935955874948e-01,2.2024834714927054e+11,1.0645159359558749e+00,-1.7792577759625791e-06,-1.7461972188330922e-06,"ok"
661,2.8103522799175251e-01,2.1271461886714935e+11,1.0281035227991753e+00,-1.8422738709436398e-06,-1.8441718051382931e-06,"ok"
662,-9.5799423681568563e-01,1.8707909924028345e+11,9.0420057631843131e-01,-2.0947213552892661e-06,-2.1023466644195808e-06,"ok"
663,-6.8793466204646569e-01,1.9266663184225864e+11,9.3120653379535345e-01,-2.0339722585073874e-06,-2.0274327508066759e-06,"ok"
664,2.3494700782422687e-01,2.1176105359188324e+11,1.0234947007824227e+00,-1.8505696758689738e-06,-1.8371216810652399e-06,"ok"
665,-1.3628167368654287e+00,1.7870332171425427e+11,8.6371832631345713e-01,-2.1929003923906892e-06,-2.2123726419955559e-06,"ok"
666,1.2190685881940737e+00,2.3212252908973538e+11,1.1219068588194074e+00,-1.6882401972988597e-06,-1.6541541080810201e-06,"ok"
667,-9.0494988538442689e-01,1.8817658687139621e+11,9.0950501146155727e-01,-2.0825044753070327e-06,-2.0710693175316817e-06,"ok"
668,-1.2427819772805200e+00,1.8118684089006604e+11,8.7572180227194796e-01,-2.1628424138408503e-06,-2.1408950354910305e-06,"ok"
669,7.1088201590926947e-01,2.2160814890916278e+11,1.0710882015909269e+00,-1.7683401365661543e-06,-1.7534230945752416e-06,"ok"
670,1.3110268769642590e+00,2.3402514608439050e+11,1.1311026876964259e+00,-1.6745148581893048e-06,-1.6247925453941582e-06,"ok"
671,-1.6355511427977034e+00,1.7306044685551550e+11,8.3644488572022957e-01,-2.2644029379775830e-06,-2.2956637437013697e-06,"ok"
672,6.4595596843876291e-01,2.2026482898699802e+11,1.0645955968438763e+00,-1.7791246387806872e-06,-1.8059453079498186e-06,"ok"
673,7.1599947909856310e-01,2.2171402922254926e+11,1.0715999479098561e+00,-1.7674956595254760e-06,-1.7942237690613589e-06,"ok"
674,-1.4925653092760458e+00,1.7601882375107861e+11,8.5074346907239540e-01,-2.2263447508478140e-06,-2.1630215919678757e-06,"ok"
675,-3.4259585635391172e-02,2.0619116917320377e+11,9.9657404143646089e-01,-1.9005594947622597e-06,-1.9174831457595912e-06,"ok"
676,-6.4346471314605136e-02,2.0556867150850082e+11,9.9356535286853953e-01,-1.9063147192213695e-06,-1.8534295557045411e-06,"ok"
677,-9.3273657098210172e-01,1.8760168034638031e+11,9.0672634290178977e-01,-2.0888863233246458e-06,-2.0801390442493076e-06,"ok"
678,-7.7040495585843963e-04,2.0688406032146329e+11,9.9992295950441412e-01,-1.8941941863423092e-06,-1.9065532129153540e-06,"ok"
679,-1.6979106270857829e+00,1.7177022912559515e+11,8.3020893729142176e-01,-2.2814115478721851e-06,-2.2371327031489858e-06,"ok"
680,-4.5413384432831977e-01,1.9750397076084708e+11,9.5458661556716806e-01,-1.9841554718978731e-06,-2.0301059845205237e-06,"ok"
681,-1.2020210164312266e+00,1.8203018517003793e+11,8.7979789835687738e-01,-2.1528219835753079e-06,-2.1249628771626921e-06,"ok"
682,-4.0097345775060178e-01,1.9860385915914005e+11,9.5990265422493981e-01,-1.9731670168291417e-06,-1.9479356938217103e-06,"ok"
683,7.1765904737490760e-01,2.2174836569018683e+11,1.0717659047374908e+00,-1.7672219729245969e-06,-1.8044728031790051e-06,"ok"
684,6.2790774859651810e-01,2.1989141131846198e+11,1.0627907748596519e+00,-1.7821459326576754e-06,-1.7838950617427447e-06,"ok"
685,8.2927153400402775e-01,2.2405762803854333e+11,1.0829271534004028e+00,-1.7490080018190709e-06,-1.7710704313341116e-06,"ok"
686,-3.4984987984388607e-02,2.0617616059860300e+11,9.9650150120156111e-01,-1.9006978458099581e-06,-1.9263622697967020e-06,"ok"
687,2.6915167653684835e-01,2.1246874818754739e+11,1.0269151676536847e+00,-1.8444057662660963e-06,-1.8083838102705578e-06,"ok"
688,-1.2213470454351834e+00,1.8163032962994604e+11,8.7786529545648162e-01,-2.1575613781416364e-06,-2.2115671817399328e-06,"ok"
689,-1.0322601106449376e+00,1.8554253831075623e+11,8.9677398893550619e-01,-2.1120686817983970e-06,-2.1035842804923195e-06,"ok"
690,-1.1400138055417877e-01,2.0454131143633405e+11,9.8859986194458216e-01,-1.1647514738432859e-07,-1.0978571451557283e-07,"ok"
691,1.3396805146965185e+00,2.3461798984907098e+11,1.1339680514696520e+00,-1.6702836153323400e-06,-1.6757616176843583e-06,"ok"
692,-8.2154740777045332e-01,1.8990218413322931e+11,9.1784525922295457e-01,-2.0635812383997216e-06,-2.0712306955864016e-06,"ok"
693,2.6189164254709968e-03,2.0695418538084299e+11,1.0002618916425470e+00,-1.8935523511491121e-06,-1.9408531810130678e-06,"ok"
694,-1.4891284917143965e-01,2.0381899315064291e+11,9.8510871508285602e-01,-1.9226794237831775e-06,-1.8975042338987236e-06,"ok"
695,-6.1185506476010110e-01,1.9424071871011349e+11,9.3881449352398982e-01,-2.0174893653094229e-06,-2.0228753560780423e-06,"ok"
696,-3.8421157320175903e+00,1.2740662550455606e+11,6.1578842679824097e-01,-3.0758100903775355e-06,-3.0614348599192734e-06,"ok"
697,-1.2428441938786159e+00,1.8118555362865143e+11,8.7571558061213839e-01,-2.1628577800962787e-06,-2.1117477719994491e-06,"ok"
698,-7.0578746618392130e-01,1.9229725732465466e+11,9.2942125338160786e-01,-2.0378792176256972e-06,-1.9931002287632487e-06,"ok"
699,-8.9577346698653604e-01,1.8836644696804858e+11,9.1042265330134642e-01,-2.0804054576354511e-06,-2.0808199922917988e-06,"ok"
700,-7.5765357072534079e-01,1.9122414762169269e+11,9.2423464292746582e-01,-2.0493153672415615e-06,-2.0413107029895754e-06,"ok"
701,-3.0919052325069979e-01,2.0050284807394302e+11,9.6908094767493003e-01,-1.9544788918037579e-06,-1.9514243729265689e-06,"ok"
702,7.9544690945312013e-01,2.2335779655658505e+11,1.0795446909453119e+00,-1.7544880472002842e-06,-1.6564538117694716e-06,"ok"
703,4.9060049603270250e-01,2.1705052426291663e+11,1.0490600496032703e+00,-1.8054717243325276e-06,-1.8312518057905042e-06,"ok"
704,-1.1568521399608720e+00,1.8296472922420956e+11,8.8431478600391278e-01,-2.1418258369712957e-06,-2.1493445599539063e-06,"ok"
705,2.3705589929709880e+00,2.5594686556456973e+11,1.2370558992970988e+00,-1.5310935081909513e-06,-1.5376593317193930e-06,"ok"
706,1.3939159369626766e-01,2.0978401207357578e+11,1.0139391593696268e+00,-1.8680097707894591e-06,-1.8528497253019208e-06,"ok"
707,1.3839398663673286e+00,2.3553371583514001e+11,1.1383939866367327e+00,-1.6637897590046804e-06,-1.6678865252159003e-06,"ok"
708,1.8348785302140898e+00,2.4486363679012952e+11,1.1834878530214090e+00,-1.6003951809421065e-06,-1.6196436454277524e-06,"ok"
709,6.9642256569939387e-01,2.2130898288432047e+11,1.0696422565699395e+00,-1.7707305830978356e-06,-1.7761856175630796e-06,"ok"
710,6.3622995032678542e-02,2.0821635976722610e+11,1.0063622995032677e+00,-1.8820739385968875e-06,-1.9002861946304849e-06,"ok"
711,5.8958819158483600e-01,2.1909857968389026e+11,1.0589588191584836e+00,-1.7885948182464690e-06,-1.7703869077793767e-06,"ok"
712,8.5037640557088512e-01,2.2449428783126160e+11,1.0850376405570885e+00,-1.7456060378823699e-06,-1.7531697437485690e-06,"ok"
713,-9.3481323030982455e-01,1.8755871426488974e+11,9.0651867696901756e-01,-2.0893648468643230e-06,-2.0658899175720295e-06,"ok"
714,-6.9549737789296684e-01,1.9251015925139453e+11,9.3045026221070337e-01,-2.0356254746847265e-06,-2.0373878672739960e-06,"ok"
715,4.2206608852901152e-02,2.0777325473716653e+11,1.0042206608852902e+00,-1.8860877200196772e-06,-1.9325686823170148e-06,"ok"
716,-9.0048807040657186e-01,1.8826890182328802e+11,9.0995119295934279e-01,-2.0814833491529356e-06,-2.0604541056698822e-06,"ok"
717,1.0660244235274443e+00,2.2895604532278284e+11,1.1066024423527445e+00,-1.7115887189405439e-06,-1.7470746083700312e-06,"ok"
718,-1.2972539071370339e+00,1.8005981666133478e+11,8.7027460928629663e-01,-2.1763800029020030e-06,-2.2114234315514194e-06,"ok"
719,-7.3996537815721564e-01,1.9159011632592722e+11,9.2600346218427843e-01,-2.0454008370724119e-06,-2.0817154697705137e-06,"ok"
720,-3.1219540694386927e-01,2.0044067703033136e+11,9.6878045930561318e-01,-1.9550851160283209e-06,-1.9787106583292613e-06,"ok"
721,-8.2385333083339019e-01,1.8985447458505716e+11,9.1761466691666105e-01,-2.0640998067758100e-06,-2.0479669100041146e-06,"ok"
722,-1.1787894801861196e+00,1.8251084565494919e+11,8.8212105198138802e-01,-2.1471523125168351e-06,-2.1194979684625995e-06,"ok"
723,-8.6554635821879486e-02,2.0510918458484531e+11,9.9134453641781206e-01,-1.9105852578021234e-06,-1.8828413842505898e-06,"ok"
724,-1.0973281874493155e+00,1.8419627980167368e+11,8.9026718125506854e-01,-2.1275054237322344e-06,-2.1238979677577210e-06,"ok"
725,1.9590936724264540e-01,2.1095336480825034e+11,1.0195909367242646e+00,-1.8576550540601455e-06,-1.8228557151251334e-06,"ok"
726,-1.5916893048632359e+00,1.7396794828237964e+11,8.4083106951367637e-01,-2.2525907109730526e-06,-2.2118120990766324e-06,"ok"
727,-1.6513626949456457e+00,1.7273330584157458e+11,8.3486373050543539e-01,-2.2686915091268063e-06,-2.2988254966808562e-06,"ok"
728,-1.2221840408512523e+00,1.8161301219478760e+11,8.7778159591487481e-01,-2.1577671091447367e-06,-2.2250201456359989e-06,"ok"
729,2.6700163493207612e+00,2.6214263826744653e+11,1.2670016349320761e+00,-1.4949059294582132e-06,-1.4609754970253363e-06,"ok"
730,5.4645432753468226e-01,2.1820614003669257e+11,1.0546454327534682e+00,-1.7959099787187901e-06,-1.7471371881910400e-06,"ok"
731,-6.6606089753945996e-01,1.9311920002990857e+11,9.3339391024605400e-01,-2.0292057146441446e-06,-2.0757316146099798e-06,"ok"
732,-4.5766993713306359e-01,1.9743080900071692e+11,9.5423300628669361e-01,-1.9848907386414787e-06,-1.9916074544671982e-06,"ok"
733,-6.4606199401525299e-01,1.9353297734382440e+11,9.3539380059847466e-01,-2.0248672329006108e-06,-2.0386317868864773e-06,"ok"
734,-2.4395028188445661e-01,2.0185266866781061e+11,9.7560497181155437e-01,-1.9414089835652423e-06,-1.9003365568323465e-06,"ok"
735,-1.1595781678943740e-01,2.0450083277062653e+11,9.8840421832105618e-01,-1.9162688923972944e-06,-1.9812369155264720e-06,"ok"
736,-3.6539689491063498e-01,1.9933993824429895e+11,9.6346031050893643e-01,-1.9658809356536308e-06,-2.0123596978894386e-06,"ok"
737,1.3251177836734043e+00,2.3431668694420273e+11,1.1325117783673404e+00,-1.6724313979449224e-06,-1.7153468888394905e-06,"ok"
738,1.4792907789231042e+00,2.3750652621591904e+11,1.1479290778923106e+00,-1.6499697526293923e-06,-1.6783253059851475e-06,"ok"
739,1.2894286731175746e+00,2.3357827924680261e+11,1.1289428673117574e+00,-1.6777184315731619e-06,-1.7197248667671463e-06,"ok"
740,6.9906811523589485e-01,2.2136371930423065e+11,1.0699068115235895e+00,-1.7702927360460588e-06,-1.8408133603333153e-06,"ok"
741,5.2814850510474143e-01,2.1782739257061710e+11,1.0528148505104742e+00,-1.7990326179080298e-06,-1.8258595872758676e-06,"ok"
742,-4.6882775332562204e-01,1.9719995378369287e+11,9.5311722466743776e-01,-1.9872143820972437e-06,-1.9761145777013986e-06,"ok"
743,-1.1789412614732324e+00,1.8250770530011884e+11,8.8210587385267680e-01,-2.1471892579180438e-06,-2.1136210570051805e-06,"ok"
744,-5.2024798893707791e-01,1.9613606910889185e+11,9.4797520110629219e-01,-1.9979934648868763e-06,-2.0523276016014284e-06,"ok"
745,-3.3052757020004075e-01,2.0006138457256116e+11,9.6694724297999590e-01,-1.9587917235749197e-06,-1.9529039405996175e-06,"ok"
746,-1.0215842932671877e+00,1.8576342097230188e+11,8.9784157067328119e-01,-2.1095573189645889e-06,-2.1364578734905280e-06,"ok"
747,1.9883846018195315e+00,2.4803967741164612e+11,1.1988384601819533e+00,-1.5799028139226639e-06,-1.4986773606898001e-06,"ok"
748,-1.0126894976429932e+00,1.8594745429376648e+11,8.9873105023570077e-01,-2.1074694773164285e-06,-2.1277828554857945e-06,"ok"
749,-2.6265741798424780e+00,1.5255618021905914e+11,7.3734258201575231e-01,-2.5687493207074748e-06,-2.5962177557090483e-06,"ok"
750,-1.1544068015307327e+00,1.8301532327632913e+11,8.8455931984692671e-01,-2.1412337354822963e-06,-2.1530348249763966e-06,"ok"
751,-1.3798819937547053e+00,1.7835024154921515e+11,8.6201180062452942e-01,-2.1972416796443286e-06,-2.1382614726314452e-06,"ok"
752,-7.9366021686712064e-03,2.0673579170113019e+11,9.9920633978313289e-01,-1.8955526814343848e-06,-1.9341335582623822e-06,"ok"
753,2.1825751349769957e+00,2.5205747954267404e+11,1.2182575134976996e+00,-1.5547191260482358e-06,-1.5571449346467768e-06,"ok"
754,1.1429089606029392e+00,2.3054678639487482e+11,1.1142908960602940e+00,-1.6997789925195770e-06,-1.6783822349476586e-06,"ok"
755,-3.6715128661100677e-01,1.9930363988001828e+11,9.6328487133889940e-01,-1.9662389735723026e-06,-2.0420365212336396e-06,"ok"
756,-8.2285645599272372e-02,2.0519750999255106e+11,9.9177143544007274e-01,-1.9097628637002603e-06,-1.9091768877944974e-06,"ok"
757,-4.0548850987254714e-01,1.9851044273073700e+11,9.5945114901274531e-01,-1.9740955635251231e-06,-1.9983987564928253e-06,"ok"
758,-4.1955456420692439e-01,1.9821941606655875e+11,9.5804454357930757e-01,-1.9769939397649491e-06,-2.0174588106303238e-06,"ok"
759,3.3577722202210586e-01,2.1384723072363736e+11,1.0335777222022104e+00,-1.8325165258498440e-06,-1.8081498620602678e-06,"ok"
760,-4.2311960378105135e-01,1.9814565539777005e+11,9.5768803962189486e-01,-1.9777298852319075e-06,-1.9632090375845368e-06,"ok"
761,-1.3013992377143009e+00,1.7997404977169110e+11,8.6986007622856987e-01,-2.1774171598889642e-06,-2.1518084820131391e-06,"ok"
762,1.9865118442891450e-01,2.1101009300583423e+11,1.0198651184428913e+00,-1.8571556399308222e-06,-1.9286349291585227e-06,"ok"
763,-4.8907200838290421e-02,2.0588811001465576e+11,9.9510927991617093e-01,-1.9033570431997844e-06,-1.9132051843779240e-06,"ok"
764,-1.4825538989858764e+00,1.7622595982998221e+11,8.5174461010141234e-01,-2.2237279041324992e-06,-2.2555809350396768e-06,"ok"
765,1.9891091861744454e+00,2.4805466906194928e+11,1.1989109186174445e+00,-1.5798073295295192e-06,-1.5647070202413121e-06,"ok"
766,-8.2469475185281382e-01,1.8983706558416528e+11,9.1753052481471864e-01,-2.0642890949781502e-06,-2.0184833019584276e-06,"ok"
767,1.9399575998490570e+00,2.4703772274087698e+11,1.1939957599849056e+00,-1.5863107057556154e-06,-1.5774306709167533e-06,"ok"
768,-5.2928726905846608e-02,2.0580490464031802e+11,9.9470712730941524e-01,-1.9041265561298128e-06,-1.8506914689963601e-06,"ok"
769,9.8682542745542767e-01,2.2731741809405280e+11,1.0986825427455427e+00,-1.7239267786593307e-06,-1.7879128786708160e-06,"ok"
770,-1.3196044518245500e+00,1.7959738389175006e+11,8.6803955481754502e-01,-2.1819838118823054e-06,-2.1691714153327943e-06,"ok"
771,2.3924750728504605e+00,2.5640030925727603e+11,1.2392475072850460e+00,-1.5283857708354948e-06,-1.5751659098718615e-06,"ok"
772,1.3213597878699805e+00,2.3423893401102991e+11,1.1321359787869980e+00,-1.9095446185705852e-07,-2.4591548522567361e-07,"ok"
773,-1.0729532138920461e+00,1.8470059800457358e+11,8.9270467861079550e-01,-2.1216963482521730e-06,-2.1193475356117610e-06,"ok"
774,-6.7345617517270903e-02,2.0550661917356766e+11,9.9326543824827285e-01,-1.9068903273467872e-06,-1.9981193925073711e-06,"ok"
775,-6.2576994847006229e-01,1.9395281976615442e+11,9.3742300515299382e-01,-2.0204840784424002e-06,-1.9806849215835856e-06,"ok"
776,4.8508933003972354e-02,2.0790364982385217e+11,1.0048508933003972e+00,-1.8849047846966612e-06,-1.8437009112804272e-06,"ok"
777,-5.0707715100278394e-01,1.9640857374575241e+11,9.4929228489972162e-01,-1.9952213736616067e-06,-1.9684163797023075e-06,"ok"
778,-3.7095192026051071e-01,1.9922500476981003e+11,9.6290480797394895e-01,-1.9670150579823446e-06,-1.9651625266241998e-06,"ok"
779,-5.3786253387130889e-01,1.9577162417420261e+11,9.4621374661286906e-01,-2.0017128935821784e-06,-2.0041346722997603e-06,"ok"
780,-6.1314610575451345e-01,1.9421400707193912e+11,9.3868538942454871e-01,-2.0177668450144710e-06,-2.0141619645583605e-06,"ok"
781,-7.8022679337099976e-01,1.9075710764515402e+11,9.2197732066290006e-01,-2.0543328064986879e-06,-2.0739073241836372e-06,"ok"
782,7.7760466276653872e-01,2.2298864047263968e+11,1.0777604662766538e+00,-1.7573925894911089e-06,-1.7596056931146731e-06,"ok"
783,-1.1311709031068891e+00,1.8349607401471848e+11,8.8688290968931116e-01,-2.1356238078208529e-06,-2.1920582587214520e-06,"ok"
784,6.4040035608894652e-01,2.2014988336748032e+11,1.0640400356088948e+00,-1.7800535631165254e-06,-1.7108971316018515e-06,"ok"
785,1.9544591892450491e+00,2.4733776062548007e+11,1.1954459189245050e+00,-1.5843864006721145e-06,-1.5998966404359647e-06,"ok"
786,5.3077399023036542e-01,2.1788171385786627e+11,1.0530773990230367e+00,-1.7985840911961297e-06,-1.8203720742229523e-06,"ok"
787,-4.9093054395187896e-01,1.9674264704563562e+11,9.5090694560481204e-01,-1.9918334443169834e-06,-1.9604268943908810e-06,"ok"
788,-3.2976976431594657e-01,2.0007706357630307e+11,9.6702302356840542e-01,-1.9586382232008540e-06,-1.9961720080845569e-06,"ok"
789,1.1476437107146117e-01,2.0927447483746854e+11,1.0114764371071461e+00,-1.8725579629961940e-06,-1.8688361376317478e-06,"ok"
790,4.2810952467801350e-01,2.1575758606558810e+11,1.0428109524678013e+00,-1.8162911045411776e-06,-1.8355139569928086e-06,"ok"
791,8.2679012544034891e-01,2.2400628769536081e+11,1.0826790125440349e+00,-1.7494088596316803e-06,-1.6937418952495594e-06,"ok"
792,-6.4958401806549226e-01,1.9346010666622498e+11,9.3504159819345078e-01,-2.0256299402552994e-06,-2.0350103833571155e-06,"ok"
793,1.1852256235211334e+00,2.3142231815065225e+11,1.1185225623521133e+00,-1.6933482796255998e-06,-1.7216833072780721e-06,"ok"
794,1.1574858289920067e+00,2.3084838180184460e+11,1.1157485828992006e+00,-1.6975582902072530e-06,-1.6813119257304059e-06,"ok"
795,-1.4111914298430732e+00,1.7770244931654681e+11,8.5888085701569272e-01,-2.2052514516002707e-06,-2.2558052225832239e-06,"ok"
796,9.9153765925824477e-01,2.2741491417005310e+11,1.0991537659258246e+00,-1.7231877062145115e-06,-1.7221338373264167e-06,"ok"
797,-1.0404170784508368e-01,2.0474737706468521e+11,9.8959582921549161e-01,-1.9139614383645349e-06,-1.9157138647615691e-06,"ok"
798,-1.5791260201672608e+00,1.7422788264273938e+11,8.4208739798327392e-01,-2.2492300219834734e-06,-2.1924464532961657e-06,"ok"
799,1.1129465694662077e+00,2.2992686452225583e+11,1.1112946569466207e+00,-1.7043618853415489e-06,-1.7308138315444900e-06,"ok"
800,5.4277688392100665e-01,2.1813005372832562e+11,1.0542776883921006e+00,-1.7965364130711753e-06,-1.7307542217299801e-06,"ok"
801,-1.1995155419626918e-01,2.0441820234367920e+11,9.8800484458037308e-01,-1.9170434913032123e-06,-1.8525075611506247e-06,"ok"
802,-1.0987144842540243e-01,2.0462675973207843e+11,9.8901285515745974e-01,-1.9150896237627695e-06,-1.9066495723953540e-06,"ok"
803,-2.9632231564369815e-01,2.0076909128933188e+11,9.7036776843563011e-01,-1.9518870250002928e-06,-1.9210098459721718e-06,"ok"
804,-1.1964826287120957e-01,2.0442447744119467e+11,9.8803517371287908e-01,-1.9169846449566384e-06,-1.8795255780876249e-06,"ok"
805,3.4288295040803956e+00,2.7784248243942340e+11,1.3428829504080397e+00,-1.4104343614676133e-06,-1.3994365080573229e-06,"ok"
806,-6.4918577355400431e-01,1.9346834634516766e+11,9.3508142264459959e-01,-2.0255436701200802e-06,-2.0680905655630437e-06,"ok"
807,2.5035697889205216e-01,2.1207988589327655e+11,1.0250356978892052e+00,-1.8477876044524200e-06,-1.8916377410326042e-06,"ok"
808,1.1195036921781523e+00,2.3006253139116595e+11,1.1119503692178152e+00,-1.7033568305847115e-06,-1.7265196220356683e-06,"ok"
809,6.5190587608690143e-01,2.2038793257623798e+11,1.0651905876086900e+00,-1.7781308610067367e-06,-1.7671816548574855e-06,"ok"
810,-4.5801351356765968e-01,1.9742370040428513e+11,9.5419864864323400e-01,-1.9849622082051041e-06,-1.9588914815080960e-06,"ok"
811,-2.8084567195753304e-02,2.0631893030471988e+11,9.9719154328042470e-01,-1.8993825904868719e-06,-1.8401608972822387e-06,"ok"
812,1.9375390273321125e+00,2.4698768247550140e+11,1.1937539027332111e+00,-1.5866320959028459e-06,-1.6297237298141501e-06,"ok"
813,-1.0221131290430916e+00,1.8575247936009845e+11,8.9778868709569093e-01,-2.1096815808716257e-06,-2.0481790075965534e-06,"ok"
814,-7.3392859289093437e-01,1.9171501741308658e+11,9.2660714071090666e-01,-2.0440682717294667e-06,-2.0045148755461896e-06,"ok"
815,-1.4087743415594978e-01,2.0398524588731339e+11,9.8591225658440496e-01,-1.9211123951746144e-06,-1.9181966567432945e-06,"ok"
816,-1.3539037560077111e-01,2.0409877312882004e+11,9.8646096243992287e-01,-1.9200438018306494e-06,-1.8965743177154710e-06,"ok"
817,-5.1332701410812920e-01,1.9627926407810281e+11,9.4866729858918708e-01,-1.9965358345338692e-06,-2.0139238764347254e-06,"ok"
818,1.3212846326382486e+00,2.3423737904928537e+11,1.1321284632638249e+00,-1.6729976483626485e-06,-1.6875086317611203e-06,"ok"
819,3.2121704491330522e-01,2.1354598065925629e+11,1.0321217044913304e+00,-1.8351016633393017e-06,-1.8862741247075927e-06,"ok"
820,-3.4586542790424663e-01,1.9974404429666113e+11,9.6541345720957528e-01,-1.9619037237733384e-06,-2.0013362956546276e-06,"ok"
821,-1.0511053021137731e+00,1.8515263129926605e+11,8.9488946978862283e-01,-2.1165164197630690e-06,-2.1641169887430283e-06,"ok"
822,1.2334821775215781e+00,2.3242074625292145e+11,1.1233482177521579e+00,-1.6860740300776914e-06,-1.6613615138824001e-06,"ok"
823,3.9212012022446252e-01,2.1501296528744412e+11,1.0392120120224462e+00,-1.8225811814825303e-06,-1.8078068753871825e-06,"ok"
824,-5.9020859825942140e-01,1.9468858410201257e+11,9.4097914017405782e-01,-2.0128482936720294e-06,-2.0199883848771165e-06,"ok"
825,1.5264910651664745e-01,2.1005831001382944e+11,1.0152649106516647e+00,-1.8655704898384184e-06,-1.8771913765101093e-06,"ok"
826,8.2098730082825333e-01,2.2388622725413657e+11,1.0820987300828253e+00,-1.7503469914777625e-06,-1.7392060867017362e-06,"ok"
827,1.0244010115970923e+00,2.2809485692994385e+11,1.1024401011597094e+00,-1.7180509441707767e-06,-1.7139621171857047e-06,"ok"
828,-3.7005844718588865e-01,1.9924349072772397e+11,9.6299415528141119e-01,-1.9668325568675230e-06,-1.9317141127793521e-06,"ok"
829,-7.7086554830874576e-01,1.9095079180549207e+11,9.2291344516912555e-01,-2.0522490669070972e-06,-2.0656593664473458e-06,"ok"
830,2.7952016612002911e-01,2.1268327223702341e+11,1.0279520166120029e+00,-1.8425453971266979e-06,-1.8063695875165405e-06,"ok"
831,-1.3060911232076875e+00,1.7987697466083295e+11,8.6939088767923123e-01,-2.1785922575528719e-06,-2.1418834177817556e-06,"ok"
832,-6.7665205537444828e-01,1.9290006897430267e+11,9.3233479446255518e-01,-2.0315108563328907e-06,-2.0589258082111949e-06,"ok"
833,1.0686311415450147e+00,2.2900997831856635e+11,1.1068631141545013e+00,-1.7111856312349596e-06,-1.7763724293415375e-06,"ok"
834,3.5903522354910505e-01,2.1432843877523099e+11,1.0359035223549105e+00,-1.8284021782123899e-06,-1.8630570402717492e-06,"ok"
835,-8.5922918837605544e-01,1.8912254809249942e+11,9.1407708116239450e-01,-2.0720881156731551e-06,-2.0251061750511116e-06,"ok"
836,8.9659271391833728e-01,2.2545050325097040e+11,1.0896592713918338e+00,-1.7382023045282077e-06,-1.7887035548298817e-06,"ok"
837,1.2097189163976352e+00,2.3192908438026706e+11,1.1209718916397635e+00,-1.6896483050169530e-06,-1.6438801682303732e-06,"ok"
838,5.1205156082579728e-01,2.1749434679348575e+11,1.0512051560825797e+00,-1.8017874491213635e-06,-1.8242312329587293e-06,"ok"
839,2.3179107007234032e-01,2.1169575723979672e+11,1.0231791070072340e+00,-1.8511404735589766e-06,-1.8289911461583476e-06,"ok"
840,-7.5072905345107421e-01,1.9136741588409729e+11,9.2492709465489265e-01,-2.0477811360852660e-06,-2.1094357310642900e-06,"ok"
841,-7.7407999290018559e-01,1.9088428494689517e+11,9.2259200070998149e-01,-2.0529641003009774e-06,-1.9565603222775442e-06,"ok"
842,-2.4632152768177168e-01,2.0180360759226413e+11,9.7536784723182279e-01,-1.9418809652728237e-06,-1.8529052722560843e-06,"ok"
843,-2.4096170948936790e+00,1.5704502230664978e+11,7.5903829051063210e-01,-6.5141685460425574e-08,-1.0441137146024294e-07,"ok"
844,4.1307204653282659e-01,2.1544646064276419e+11,1.0413072046532827e+00,-1.8189140036869447e-06,-1.8260395487132099e-06,"ok"
845,-1.2850388525400216e+00,1.8031254614094696e+11,8.7149611474599786e-01,-2.1733295474720495e-06,-2.1554309695024419e-06,"ok"
846,-3.8852035579275512e-01,1.9886151383864789e+11,9.6114796442072448e-01,-1.9706104853722194e-06,-1.9403562130308184e-06,"ok"
847,2.0681656575965607e-01,2.1117903474556729e+11,1.0206816565759655e+00,-1.8556699285113784e-06,-1.8811103376537095e-06,"ok"
848,1.1475847116538422e+00,2.3064352768411798e+11,1.1147584711653842e+00,-1.6990660359786531e-06,-1.6997051117108762e-06,"ok"
849,-4.2627601300014994e-01,1.9808034929102689e+11,9.5737239869998492e-01,-1.9783819329470278e-06,-2.0201880204225851e-06,"ok"
850,1.1214027861480877e+00,2.3010182364540393e+11,1.1121402786148087e+00,-1.7030659648853129e-06,-1.7222193448670937e-06,"ok"
851,7.6739174209374517e-01,2.2277733514391959e+11,1.0767391742093746e+00,-1.7590594844568284e-06,-1.8107976204864573e-06,"ok"
852,-2.0009396418913603e+00,1.6550055880926776e+11,7.9990603581086395e-01,-2.3678384358665488e-06,-2.4003313100092771e-06,"ok"
853,1.1461407571688176e+00,2.3061365226582285e+11,1.1146140757168819e+00,-1.6992861457131363e-06,-1.6957683085288399e-06,"ok"
854,-9.9340043070225939e-02,2.0484465450887701e+11,9.9006599569297737e-01,-1.9130525287432999e-06,-1.9523894938710184e-06,"ok"
855,1.1664827135689584e+00,2.3103452734374176e+11,1.1166482713568959e+00,-1.6961905599697497e-06,-1.7462694542061378e-06,"ok"
856,-1.3888867982389063e-02,2.0661263932144437e+11,9.9861111320176110e-01,-1.8966825340102329e-06,-1.9139331755480512e-06,"ok"
857,-7.9668681505545824e-01,1.9041654979650256e+11,9.2033131849445415e-01,-2.0580069575158496e-06,-1.9888219023042097e-06,"ok"
858,-6.7382456785603417e-01,1.9295856969105865e+11,9.3261754321439660e-01,-2.0308949477365171e-06,-2.1063950727784849e-06,"ok"
859,-1.1865848870924758e+00,1.8234955868605667e+11,8.8134151129075244e-01,-2.1490514544193336e-06,-2.1320799375618791e-06,"ok"
860,-6.4690532145666735e-01,1.9351552889906155e+11,9.3530946785433322e-01,-2.0250498062733432e-06,-2.0309402835088623e-06,"ok"
861,2.6001790325176627e-01,2.1227977041827905e+11,1.0260017903251766e+00,-1.8460477111670651e-06,-1.7911140530183706e-06,"ok"
862,1.2263581138611239e+00,2.3227334937578665e+11,1.1226358113861123e+00,-1.6871439851393519e-06,-1.7326338130655382e-06,"ok"
863,7.3081328593561867e-02,2.0841205268860080e+11,1.0073081328593563e+00,-1.8803067253227604e-06,-1.8387375563020294e-06,"ok"
864,5.1499902013264953e-01,2.1755532972654453e+11,1.0514999020132649e+00,-1.8012823900949518e-06,-1.8137739089147576e-06,"ok"
865,-1.9570870864033466e-01,2.0285078681823148e+11,9.8042912913596658e-01,-1.9318563681970739e-06,-1.9519293298876311e-06,"ok"
866,-7.2802569999538913e-01,1.9183714826709540e+11,9.2719743000046106e-01,-2.0427669398174149e-06,-2.0716858456462732e-06,"ok"
867,1.2404474225706189e-01,2.0946648571729861e+11,1.0124044742257061e+00,-1.8708414521113274e-06,-1.9119371292009113e-06,"ok"
868,-5.8259702671786551e-01,1.9484606751720737e+11,9.4174029732821352e-01,-2.0112214185366050e-06,-2.0364697467581128e-06,"ok"
869,7.7482209761235954e-01,2.2293106919959973e+11,1.0774822097612360e+00,-1.7578464308017476e-06,-1.7823830440813683e-06,"ok"
870,-3.2705441420868520e-01,2.0013324417002231e+11,9.6729455857913149e-01,-1.9580884022203171e-06,-2.0226418470851804e-06,"ok"
871,-1.2970714129422831e+00,1.8006359246622415e+11,8.7029285870577167e-01,-2.1763343657641375e-06,-2.1501869782447385e-06,"ok"
872,1.0380440456493392e+00,2.2837713130448483e+11,1.1038044045649340e+00,-1.7159274313882156e-06,-1.8144667233739136e-06,"ok"
873,-5.4100825561517740e-01,1.9570653919132199e+11,9.4589917443848226e-01,-2.0023785915774152e-06,-1.9779040101940109e-06,"ok"
874,-4.0172042095435168e-01,1.9858840449045447e+11,9.5982795790456488e-01,-1.9733205738468587e-06,-1.9654294812186785e-06,"ok"
875,-1.1134515330680907e+00,1.8386268778082120e+11,8.8865484669319095e-01,-2.1313654719126880e-06,-2.1742865445241651e-06,"ok"
876,-2.5182693466268469e-01,2.0168970072182904e+11,9.7481730653373144e-01,-1.9429776676977674e-06,-1.8928084228940562e-06,"ok"
877,4.5243443532004407e-01,2.1626086846677170e+11,1.0452434435320044e+00,-1.8120642309732712e-06,-1.8090826367138276e-06,"ok"
878,9.9571099559616205e-01,2.2750126049888458e+11,1.0995710995596162e+00,-1.7225336837596718e-06,-1.7292143655105207e-06,"ok"
879,5.0859633664833759e-01,2.1742285820525409e+11,1.0508596336648337e+00,-1.8023798764441311e-06,-1.8142695889843115e-06,"ok"
880,-1.8635942938022891e+00,1.6834223406123065e+11,8.1364057061977113e-01,-2.3278685024830270e-06,-2.2803256227158411e-06,"ok"
881,-2.4045034824114886e-01,2.0192508229489062e+11,9.7595496517588509e-01,-1.9407127626415045e-06,-1.9258585798242268e-06,"ok"
882,-5.5278839348053554e-01,1.9546280813888773e+11,9.4472116065194645e-01,-2.0048754442836674e-06,-2.0114938865505729e-06,"ok"
883,-1.6293421536076225e-01,2.0352889108418582e+11,9.8370657846392373e-01,-1.9254199353211642e-06,-1.8614704104343406e-06,"ok"
884,7.2260258198992711e-01,2.2185064742137158e+11,1.0722602581989926e+00,-1.7664072152254761e-06,-1.8060075113620204e-06,"ok"
885,-4.5086744813204149e-01,1.9757155249814807e+11,9.5491325518679593e-01,-1.9834767675408486e-06,-1.9888682320666209e-06,"ok"
886,-1.0543722853044657e+00,1.8508503741705060e+11,8.9456277146955343e-01,-2.1172893810048310e-06,-2.1301758468168330e-06,"ok"
887,-9.2318769372327036e-01,1.8779924661686554e+11,9.0768123062767303e-01,-2.0866887986293523e-06,-2.0016647772461320e-06,"ok"
888,-7.5157897136717522e-01,1.9134983108241315e+11,9.2484210286328250e-01,-2.0479693245073759e-06,-2.1078295333732284e-06,"ok"
889,-1.9056125621201014e+00,1.6747287608973511e+11,8.0943874378798986e-01,-2.3399525550613192e-06,-2.3478481924407164e-06,"ok"
890,1.5180466706395950e+00,2.3830838561553320e+11,1.1518046670639595e+00,-1.6444179389500545e-06,-1.6426672343984546e-06,"ok"
891,-4.8328256669022102e-01,1.9690088369517932e+11,9.5167174333097782e-01,-1.9902327351432560e-06,-1.9782285735874290e-06,"ok"
892,5.7812535939333887e-01,2.1886141368584818e+11,1.0578125359393338e+00,-1.7905330030838518e-06,-1.7932411226630550e-06,"ok"
893,5.8651196338169376e-01,2.1903493252236725e+11,1.0586511963381695e+00,-1.7891145480556196e-06,-1.7908075357804525e-06,"ok"
894,9.8641468190562698e-01,2.2730891976862741e+11,1.0986414681905627e+00,-1.7239912305535598e-06,-1.6946240752528608e-06,"ok"
895,-9.0859881403161114e-01,1.8810109053768597e+11,9.0914011859683896e-01,-2.0833403101878820e-06,-2.0565817003273906e-06,"ok"
896,-9.3639939035519176e-02,2.0496258966135510e+11,9.9063600609644809e-01,-1.9119517613301170e-06,-1.9245575307216010e-06,"ok"
897,5.4985689461619514e-01,2.1827653914960907e+11,1.0549856894616194e+00,-1.7953307571855608e-06,-1.8587435180261343e-06,"ok"
898,-1.2835123416697596e+00,1.8034412965085266e+11,8.7164876583302398e-01,-2.1729489341608065e-06,-2.1141612001299148e-06,"ok"
899,-6.6383253568145928e-01,1.9316530483675061e+11,9.3361674643185411e-01,-2.0287213826518774e-06,-1.9933905676739676e-06,"ok"
900,4.1794801920249486e-01,2.1554734451729962e+11,1.0417948019202494e+00,-1.8180626868117481e-06,-1.8910915274918558e-06,"ok"
901,1.9256163922712278e-02,2.0729841003156091e+11,1.0019256163922712e+00,-1.8904080559502319e-06,-1.9311224019326526e-06,"ok"
902,-1.1752577291649806e+00,1.8258391758357654e+11,8.8247422708350187e-01,-2.1462930004699594e-06,-2.1262093056846777e-06,"ok"
903,9.0304380969334186e-02,2.0876839764225552e+11,1.0090304380969335e+00,-1.8770972461948209e-06,-1.8777714032891611e-06,"ok"
904,-1.4080805677898565e+00,1.7776681305242786e+11,8.5919194322101433e-01,-2.2044529998565664e-06,-2.1173897166807310e-06,"ok"
905,-4.5244374366756612e-01,1.9753893894351807e+11,9.5475562563324345e-01,-1.9838042383153858e-06,-1.9286374717826535e-06,"ok"
906,1.7514748155908250e-01,2.1052380139345743e+11,1.0175147481559084e+00,-1.8614455074143470e-06,-1.8527001622172659e-06,"ok"
907,9.2254582459274270e-01,2.2598747311082385e+11,1.0922545824592742e+00,-1.7340721541494336e-06,-1.7168141908094116e-06,"ok"
908,3.3929777457262467e-01,2.1392007095590759e+11,1.0339297774572624e+00,-1.8318925501327733e-06,-1.9458861227406313e-06,"ok"
909,5.8976633861552219e-01,2.1910226554595514e+11,1.0589766338615521e+00,-1.7885647294905959e-06,-1.8181556159456442e-06,"ok"
910,4.2830646123006882e-01,2.1576166068285013e+11,1.0428306461230068e+00,-1.8162568042302175e-06,-1.8782664536016577e-06,"ok"
911,1.2950489725559339e-01,2.0957945632421823e+11,1.0129504897255595e+00,-1.8698330035837245e-06,-1.7820374448968077e-06,"ok"
912,5.5351358283057928e-01,2.1835219602876468e+11,1.0553513582830578e+00,-1.7947086928106956e-06,-1.7515810090410404e-06,"ok"
913,-5.6231323280971857e-01,1.9526573921316693e+11,9.4376867671902820e-01,-2.0068988338052510e-06,-2.1248935835741624e-06,"ok"
914,-6.8604666632039768e-01,1.9270569447383096e+11,9.3139533336796021e-01,-2.0335599597980986e-06,-2.0433993227166963e-06,"ok"
915,9.9907872279448395e-01,2.2757093877461786e+11,1.0999078722794484e+00,-1.7220062738180911e-06,-1.7623069887541943e-06,"ok"
916,1.3106377741955530e-01,2.0961170955481061e+11,1.0131063777419556e+00,-1.8695452899111909e-06,-1.9113758173300518e-06,"ok"
917,1.2646775947202209e+00,2.3306617943476138e+11,1.1264677594720220e+00,-1.6814047634835501e-06,-1.6943505999131960e-06,"ok"
918,1.1885013594099934e+00,2.3149009312619275e+11,1.1188501359409992e+00,-1.6928525061973695e-06,-1.7163804742753106e-06,"ok"
919,7.9316442596520809e-01,2.2331057197322015e+11,1.0793164425965207e+00,-1.7548590774050397e-06,-1.7346050830065509e-06,"ok"
920,-1.3805553206753172e+00,1.7833631041522769e+11,8.6194446793246826e-01,-2.1974133220391577e-06,-2.1743987616873998e-06,"ok"
921,-6.9121187725779110e-01,1.9259882625953632e+11,9.3087881227422098e-01,-2.0346883307699250e-06,-2.0705342064922275e-06,"ok"
922,9.4721692532628443e-01,2.2649791818500082e+11,1.0947216925326284e+00,-1.7301641774312181e-06,-1.7215318393409508e-06,"ok"
923,6.3719385368614290e-01,2.2008354083276630e+11,1.0637193853686142e+00,-1.7805901469333142e-06,-1.7823752711358156e-06,"ok"
924,5.5222103286558255e-01,2.1832545316998889e+11,1.0552221032865583e+00,-1.7949285281165770e-06,-1.7953004294613708e-06,"ok"
925,-2.9060237781684989e-01,2.0088743680296936e+11,9.7093976221831491e-01,-1.9507371418732052e-06,-1.9675385451327281e-06,"ok"
926,-2.3803311967936305e-01,2.0197509475383398e+11,9.7619668803206372e-01,-1.9402322092470595e-06,-1.9637627356374657e-06,"ok"
927,-1.2076168914942818e+00,1.8191440651498331e+11,8.7923831085057180e-01,-2.1541921380259553e-06,-2.1278312839509853e-06,"ok"
928,5.3289347230224704e-01,2.1792556594193350e+11,1.0532893472302247e+00,-1.7982221710211801e-06,-1.7714070162371410e-06,"ok"
929,-7.5288088391024766e-01,1.9132289451189697e+11,9.2471191160897526e-01,-2.0482576604700297e-06,-2.0877903238569630e-06,"ok"
930,6.1347028156351957e-01,2.1959270012554922e+11,1.0613470281563520e+00,-1.7845701796278506e-06,-1.8047484493594687e-06,"ok"
931,6.4883283691830973e-01,2.2032435139583984e+11,1.0648832836918309e+00,-1.7786439938409748e-06,-1.7606546043570096e-06,"ok"
932,1.5345622414078421e+00,2.3865009277472824e+11,1.1534562241407842e+00,-1.6420634065190806e-06,-1.6238035521963395e-06,"ok"
933,-7.5855762607088140e-01,1.9120544271659348e+11,9.2414423739291196e-01,-2.0495158440094354e-06,-2.0652689914282542e-06,"ok"
934,-4.4213433512722006e-01,1.9775224060621780e+11,9.5578656648727789e-01,-1.9816644459094297e-06,-1.9372075329383410e-06,"ok"
935,4.0418323203203943e-01,2.1526255107074289e+11,1.0404183232032038e+00,-1.8204679929680345e-06,-1.8277915596455510e-06,"ok"
936,5.7945492388912634e-01,2.1888892237526602e+11,1.0579454923889127e+00,-1.7903079792921837e-06,-1.7881400547805139e-06,"ok"
937,-3.1188220245472603e-01,2.0044715723121173e+11,9.6881177975452748e-01,-1.9550219106147574e-06,-1.9650248876252416e-06,"ok"
938,-1.2139422738569614e+00,1.8178353435389948e+11,8.7860577261430384e-01,-2.1557430143490876e-06,-2.1419538282839295e-06,"ok"
939,-8.3151537124703645e-01,1.8969594696889880e+11,9.1684846287529631e-01,-2.0658247609877156e-06,-2.0887777855701845e-06,"ok"
940,9.7402941516346250e-02,2.0891526685997321e+11,1.0097402941516347e+00,-1.8757776307930880e-06,-1.9192756820334011e-06,"ok"
941,-1.1493670955940249e+00,1.8311959479215961e+11,8.8506329044059739e-01,-2.1400144793510345e-06,-2.1582014509996428e-06,"ok"
942,4.0672825839777293e-01,2.1531520766624991e+11,1.0406728258397773e+00,-1.8200227868489398e-06,-1.8343479184161851e-06,"ok"
943,-3.9765328018576240e-01,1.9867255363295657e+11,9.6023467198142376e-01,-1.9724847601897895e-06,-2.0579869221210086e-06,"ok"
944,1.1864194074605294e+00,2.3144701754035834e+11,1.1186419407460528e+00,-1.6931675701573118e-06,-1.7037343260670739e-06,"ok"
945,5.3648418720834878e-01,2.1799985783334073e+11,1.0536484187208348e+00,-1.7976093571966361e-06,-1.8149025601620475e-06,"ok"
946,-1.4671937201959429e+00,1.7654376192914594e+11,8.5328062798040571e-01,-2.2197249000850817e-06,-2.1814142047997573e-06,"ok"
947,-1.0524450618652426e+00,1.8512491167000812e+11,8.9475549381347563e-01,-2.1168333357863609e-06,-2.1005112929584355e-06,"ok"
948,-1.7678729426843069e+00,1.7032270881586169e+11,8.2321270573156935e-01,-2.3008005628410505e-06,-2.2549097575395743e-06,"ok"
949,1.0834535915436110e+00,2.2931665480903732e+11,1.1083453591543611e+00,-1.7088971781578232e-06,-1.7581352782964537e-06,"ok"
950,-3.3554744518460417e-01,1.9995752335913055e+11,9.6644525548153970e-01,-1.9598091520867421e-06,-1.9675058913475644e-06,"ok"
951,-5.3318465101105017e-01,1.9586840957058136e+11,9.4668153489889495e-01,-2.0007237775971526e-06,-2.0098856687729236e-06,"ok"
952,-3.7099652928679744e-01,1.9922408180905615e+11,9.6290034707132022e-01,-1.9670241707215020e-06,-1.8899025602317523e-06,"ok"
953,1.2015068714438479e+00,2.3175917717017322e+11,1.1201506871443847e+00,-1.6908870194207433e-06,-1.7153760522022538e-06,"ok"
954,-1.1109981727431808e+00,1.8391344780594360e+11,8.8890018272568194e-01,-2.1307772160398334e-06,-2.0731105481390729e-06,"ok"
955,-1.6035803673280746e+00,1.7372192219998215e+11,8.3964196326719254e-01,-2.2557808441551155e-06,-2.2383041961976664e-06,"ok"
956,1.3463153708429627e+00,2.3475526502274091e+11,1.1346315370842963e+00,-1.6693069025258053e-06,-1.6334618442223942e-06,"ok"
957,2.9297135004537504e-02,2.0750615772324387e+11,1.0029297135004536e+00,-1.8885154474825983e-06,-1.9375816490757791e-06,"ok"
958,-3.1946438609180067e-01,2.0029028185176065e+11,9.6805356139081999e-01,-1.9565531621629193e-06,-1.9129402264216657e-06,"ok"
959,1.2584219638666883e+00,2.3293675043240179e+11,1.1258421963866689e+00,-1.6823390194178102e-06,-1.6314615266262313e-06,"ok"
960,-2.6530045835729349e-01,2.0141093351658759e+11,9.7346995416427062e-01,-1.9456668884170943e-06,-1.9357235206069196e-06,"ok"
961,6.9577057961230238e-01,2.2129549329217853e+11,1.0695770579612303e+00,-1.7708385221833918e-06,-1.7951696938758594e-06,"ok"
962,1.1792446938193790e+00,2.3129857271512296e+11,1.1179244693819379e+00,-1.6942542260774084e-06,-1.6885989343136461e-06,"ok"
963,-1.3986050572268711e+00,1.7796286136597604e+11,8.6013949427731295e-01,-2.2020245196075284e-06,-2.1941601527194829e-06,"ok"
964,-6.3878937913157974e-01,1.9368344774576761e+11,9.3612106208684198e-01,-2.0232941372621855e-06,-2.0304025203699661e-06,"ok"
965,-1.5771074872016275e+00,1.7426964608979834e+11,8.4228925127983734e-01,-2.2486909975480083e-06,-2.2115945155011320e-06,"ok"
966,8.5776657256174016e-01,2.2464719038630240e+11,1.0857766572561740e+00,-1.7444179187569457e-06,-1.7296488939982543e-06,"ok"
967,-4.9080921473412986e-01,1.9674515734715085e+11,9.5091907852658697e-01,-1.9918080302049903e-06,-2.0418249577896912e-06,"ok"
968,9.3805120523973329e-01,2.2630827943641010e+11,1.0938051205239734e+00,-1.7316139969971240e-06,-1.7147057135623000e-06,"ok"
969,-1.0711887252321064e+00,1.8473710527494772e+11,8.9288112747678938e-01,-2.1212770641013815e-06,-2.0907806741088822e-06,"ok"
970,-3.1382172157104132e-01,2.0040702858069516e+11,9.6861782784289585e-01,-1.9554133758830266e-06,-2.0383062257296622e-06,"ok"
971,-1.3155205427087635e+00,1.7968187997135568e+11,8.6844794572912365e-01,-2.1809577257851447e-06,-2.1654758021582515e-06,"ok"
972,1.5688281907392798e+00,2.3935905526639569e+11,1.1568828190739280e+00,-1.6371997452624341e-06,-1.5918342106933688e-06,"ok"
973,8.2671031209298085e-01,2.2400463635720377e+11,1.0826710312092980e+00,-1.7494217560916617e-06,-1.7387293604747204e-06,"ok"
974,5.1904848493886060e-02,2.0797391131533850e+11,1.0051904848493887e+00,-1.8842679922165027e-06,-1.9010540383695783e-06,"ok"
975,5.4904990929977260e-01,2.1825984262341229e+11,1.0549049909299772e+00,-1.7954680970915276e-06,-1.7696353613515041e-06,"ok"
976,4.5040681351870426e-01,2.1621891697170200e+11,1.0450406813518704e+00,-1.8124158135451299e-06,-1.8091724867994448e-06,"ok"
977,2.4376972722855901e+00,2.5733595656358887e+11,1.2437697272285591e+00,-1.5228287159748529e-06,-1.5289483203472118e-06,"ok"
978,1.2020011504796486e-01,2.0938694038034241e+11,1.0120200115047966e+00,-1.8715521779735772e-06,-1.8138189648829714e-06,"ok"
979,-2.2144070301734060e+00,1.6108391854571222e+11,7.7855929698265935e-01,-2.4327604384419073e-06,-2.4459405039307052e-06,"ok"
980,-9.0056997004177197e-01,1.8826720731983575e+11,9.0994300299582287e-01,-2.0815020835855661e-06,-2.0593780576816058e-06,"ok"
981,1.3865694456087629e+00,2.3558812182964529e+11,1.1386569445608763e+00,-1.6634055285361119e-06,-1.6905083932119933e-06,"ok"
982,6.7396328851360088e-01,2.2084430043934641e+11,1.0673963288513602e+00,1.4868877421341746e-06,1.4680947676495065e-06,"ok"
983,-1.9895492682408199e-03,2.0685883622564011e+11,9.9980104507317591e-01,-1.8944251618994102e-06,-1.9464688747639668e-06,"ok"
984,1.2910107891627590e-01,2.0957110132277774e+11,1.0129101078916276e+00,-1.8699075484813946e-06,-1.9320842553047695e-06,"ok"
985,-4.4807794280710184e-01,1.9762926736332108e+11,9.5519220571928987e-01,-1.9828975208826897e-06,-1.9834043723486656e-06,"ok"
986,-1.3225428573098488e+00,1.7953658828225922e+11,8.6774571426901503e-01,-2.1827226865361954e-06,-2.1810742280581474e-06,"ok"
987,1.2520890191668896e+00,2.3280572180656296e+11,1.1252089019166891e+00,-1.6832858800352119e-06,-1.6949335422140359e-06,"ok"
988,5.7968427765744879e-01,2.1889366770473260e+11,1.0579684277657448e+00,-1.7902691677561574e-06,-1.8227521451238147e-06,"ok"
989,9.9047343429285439e-01,2.2739289535551917e+11,1.0990473434292856e+00,-1.7233545652097589e-06,-1.7377710524037094e-06,"ok"
990,-9.7412682443080267e-02,2.0488453160025266e+11,9.9025873175569190e-01,-1.9126801874514657e-06,-1.9661964656622253e-06,"ok"
991,7.6634570486969733e-01,2.2275569263375403e+11,1.0766345704869698e+00,-1.7592303912592313e-06,-1.7521225379203644e-06,"ok"
992,6.9252154761181939e-01,2.2122827082008853e+11,1.0692521547611820e+00,-1.7713766095820695e-06,-1.7174810777661410e-06,"ok"
993,8.3373502285108336e-01,2.2414997762278891e+11,1.0833735022851083e+00,-1.7482874121374149e-06,-1.7144605354069917e-06,"ok"
994,-9.9792754286950014e-01,1.8625287913803003e+11,9.0020724571304989e-01,-2.1040135654320936e-06,-2.1292265313301744e-06,"ok"
995,-6.6165982912423793e-01,1.9321025813541953e+11,9.3383401708757630e-01,-2.0282493698275763e-06,-2.0569746563851030e-06,"ok"
996,1.1238597763949252e+00,2.3015265877361099e+11,1.1123859776394924e+00,-1.7026897990020121e-06,-1.7068736602629818e-06,"ok"
997,-5.2259526168015158e-01,1.9608750403583768e+11,9.4774047383198490e-01,-1.9984883087527268e-06,-2.0080597451252892e-06,"ok"
998,-4.6885834729784481e-01,1.9719932079440759e+11,9.5311416527021553e-01,-1.9872207608474519e-06,-1.8994431919118444e-06,"ok"
999,-2.0231467613563092e+00,1.6504109350753796e+11,7.9768532386436908e-01,-2.3744303674937252e-06,-2.3670849744914744e-06,"ok"
1000,1.0867356294979815e+00,2.2938456017431323e+11,1.1086735629497981e+00,-1.7083912884529377e-06,-1.7200250873249942e-06,"ok"
